sep=;
Date;High price;Low price;Closing price;Average price;Total volume;Turnover
2026-04-10;"3,127.49";"3,082.02";"3,109.90";;1;
2026-04-09;"3,079.31";"3,050.62";"3,079.31";;1;
2026-04-08;"3,103.39";"3,073.97";"3,094.16";;1;
2026-04-07;"3,014.17";"2,955.18";"2,967.92";;1;
2026-04-02;"2,973.50";"2,945.76";"2,965.69";;1;
2026-04-01;"3,013.67";"2,979.27";"3,006.37";;1;
2026-03-31;"2,941.50";"2,891.16";"2,929.33";;1;
2026-03-30;"2,902.29";"2,844.76";"2,890.29";;1;
2026-03-27;"2,889.26";"2,845.20";"2,863.92";;1;
2026-03-26;"2,918.09";"2,882.92";"2,889.81";;1;
2026-03-25;"2,948.30";"2,918.29";"2,943.35";;1;
2026-03-24;"2,908.35";"2,856.61";"2,908.35";;1;
2026-03-23;"2,940.03";"2,783.90";"2,892.19";;1;
2026-03-20;"2,942.41";"2,863.79";"2,864.69";;1;
2026-03-19;"2,967.90";"2,903.95";"2,908.97";;1;
2026-03-18;"3,064.95";"3,000.67";"3,015.27";;1;
2026-03-17;"3,048.38";"3,014.94";"3,023.59";;1;
2026-03-16;"3,043.24";"3,001.81";"3,027.73";;1;
2026-03-13;"3,075.57";"3,016.32";"3,018.72";;1;
2026-03-12;"3,083.42";"3,037.01";"3,063.09";;1;
2026-03-11;"3,075.02";"3,036.06";"3,058.96";;1;
2026-03-10;"3,099.44";"3,060.49";"3,082.61";;1;
2026-03-09;"3,001.71";"2,942.84";"2,992.86";;1;
2026-03-06;"3,101.92";"3,011.16";"3,038.55";;1;
2026-03-05;"3,139.32";"3,076.41";"3,077.21";;1;
2026-03-04;"3,137.63";"3,080.34";"3,118.01";;1;
2026-03-03;"3,125.30";"3,053.87";"3,082.97";;1;
2026-03-02;"3,183.38";"3,146.97";"3,168.39";;1;
2026-02-27;"3,230.07";"3,207.32";"3,222.75";;1;
2026-02-26;"3,225.96";"3,196.98";"3,205.28";;1;
2026-02-25;"3,215.53";"3,194.70";"3,195.57";;1;
2026-02-24;"3,200.32";"3,163.95";"3,190.87";;1;
2026-02-23;"3,184.19";"3,161.98";"3,166.65";;1;
2026-02-20;"3,191.47";"3,154.37";"3,180.46";;1;
2026-02-19;"3,164.24";"3,148.69";"3,157.96";;1;
2026-02-18;"3,171.48";"3,135.19";"3,166.11";;1;
2026-02-17;"3,132.75";"3,098.92";"3,130.12";;1;
2026-02-16;"3,136.40";"3,119.87";"3,121.80";;1;
2026-02-13;"3,124.05";"3,095.60";"3,119.76";;1;
2026-02-12;"3,163.12";"3,123.17";"3,123.65";;1;
2026-02-11;"3,168.91";"3,123.33";"3,145.48";;1;
2026-02-10;"3,153.08";"3,134.95";"3,136.54";;1;
2026-02-09;"3,139.58";"3,112.64";"3,136.56";;1;
2026-02-06;"3,126.35";"3,075.80";"3,120.45";;1;
2026-02-05;"3,121.09";"3,071.83";"3,089.67";;1;
2026-02-04;"3,144.10";"3,088.89";"3,117.93";;1;
2026-02-03;"3,100.66";"3,066.04";"3,087.35";;1;
2026-02-02;"3,073.27";"2,990.98";"3,066.86";;1;
2026-01-30;"3,041.46";"3,019.58";"3,026.57";;1;
2026-01-29;"3,068.55";"3,026.02";"3,031.39";;1;
2026-01-28;"3,058.87";"3,023.85";"3,027.47";;1;
2026-01-27;"3,044.59";"3,023.02";"3,043.95";;1;
2026-01-26;"3,032.10";"3,002.34";"3,024.15";;1;
2026-01-23;"3,013.63";"2,993.45";"3,013.63";;1;
2026-01-22;"3,028.38";"3,002.60";"3,003.06";;1;
2026-01-21;"2,988.03";"2,947.96";"2,988.02";;1;
2026-01-20;"2,976.37";"2,940.48";"2,976.37";;1;
2026-01-19;"3,001.17";"2,973.82";"2,984.58";;1;
2026-01-16;"3,039.23";"3,020.40";"3,039.09";;1;
2026-01-15;"3,038.74";"3,006.27";"3,036.64";;1;
2026-01-14;"3,001.90";"2,973.83";"2,983.91";;1;
2026-01-13;"2,989.96";"2,966.30";"2,983.90";;1;
2026-01-12;"2,992.72";"2,968.74";"2,984.21";;1;
2026-01-09;"2,975.69";"2,939.93";"2,974.60";;1;
2026-01-08;"2,958.35";"2,933.37";"2,937.94";;1;
2026-01-07;"2,968.35";"2,925.43";"2,963.31";;1;
2026-01-05;"2,910.86";"2,882.86";"2,901.78";;1;
2026-01-02;"2,899.06";"2,871.62";"2,881.19";;1;
2025-12-30;"2,893.86";"2,857.74";"2,882.97";;1;
2025-12-29;"2,867.17";"2,849.62";"2,863.64";;1;
2025-12-23;"2,856.27";"2,843.55";"2,849.09";;1;
2025-12-22;"2,848.66";"2,828.11";"2,845.06";;1;
2025-12-19;"2,844.30";"2,826.82";"2,841.27";;1;
2025-12-18;"2,829.04";"2,787.31";"2,827.91";;1;
2025-12-17;"2,821.88";"2,791.16";"2,794.95";;1;
2025-12-16;"2,828.68";"2,807.80";"2,812.83";;1;
2025-12-15;"2,842.05";"2,825.79";"2,832.71";;1;
2025-12-12;"2,853.37";"2,818.90";"2,821.01";;1;
2025-12-11;"2,837.56";"2,800.45";"2,829.04";;1;
2025-12-10;"2,813.53";"2,796.03";"2,810.59";;1;
2025-12-09;"2,832.48";"2,804.29";"2,808.73";;1;
2025-12-08;"2,830.94";"2,817.52";"2,823.91";;1;
2025-12-05;"2,837.55";"2,818.76";"2,826.62";;1;
2025-12-04;"2,819.05";"2,792.36";"2,813.61";;1;
2025-12-03;"2,792.88";"2,774.47";"2,779.82";;1;
2025-12-02;"2,790.44";"2,774.18";"2,783.53";;1;
2025-12-01;"2,786.60";"2,766.18";"2,784.53";;1;
2025-11-28;"2,794.49";"2,782.23";"2,787.77";;1;
2025-11-27;"2,795.38";"2,780.33";"2,789.44";;1;
2025-11-26;"2,786.15";"2,763.25";"2,779.44";;1;
2025-11-25;"2,764.25";"2,722.29";"2,758.16";;1;
2025-11-24;"2,734.79";"2,712.64";"2,725.35";;1;
2025-11-21;"2,704.09";"2,655.36";"2,699.35";;1;
2025-11-20;"2,720.45";"2,701.95";"2,701.95";;1;
2025-11-19;"2,701.02";"2,668.04";"2,685.84";;1;
2025-11-18;"2,705.36";"2,665.42";"2,673.73";;1;
2025-11-17;"2,762.98";"2,734.61";"2,736.13";;1;
2025-11-14;"2,761.92";"2,725.70";"2,757.12";;1;
2025-11-13;"2,818.16";"2,780.58";"2,780.58";;1;
2025-11-12;"2,815.30";"2,791.81";"2,806.05";;1;
2025-11-11;"2,793.19";"2,761.96";"2,790.98";;1;
2025-11-10;"2,770.30";"2,754.91";"2,759.94";;1;
2025-11-07;"2,756.65";"2,717.70";"2,733.11";;1;
2025-11-06;"2,757.81";"2,739.95";"2,744.30";;1;
2025-11-05;"2,758.98";"2,721.48";"2,751.40";;1;
2025-11-04;"2,750.90";"2,710.60";"2,741.08";;1;
2025-11-03;"2,776.00";"2,753.66";"2,755.44";;1;
2025-10-31;"2,779.79";"2,763.97";"2,767.07";;1;
2025-10-30;"2,784.98";"2,771.89";"2,782.77";;1;
2025-10-29;"2,788.71";"2,774.44";"2,777.91";;1;
2025-10-28;"2,791.53";"2,778.94";"2,789.52";;1;
2025-10-27;"2,802.27";"2,787.46";"2,797.73";;1;
2025-10-24;"2,788.81";"2,762.85";"2,786.89";;1;
2025-10-23;"2,758.98";"2,742.19";"2,757.10";;1;
2025-10-22;"2,755.63";"2,741.70";"2,745.54";;1;
2025-10-21;"2,754.34";"2,730.28";"2,754.25";;1;
2025-10-20;"2,738.82";"2,703.82";"2,736.17";;1;
2025-10-17;"2,718.79";"2,682.40";"2,701.40";;1;
2025-10-16;"2,746.30";"2,727.63";"2,741.83";;1;
2025-10-15;"2,745.66";"2,729.32";"2,738.14";;1;
2025-10-14;"2,721.20";"2,682.23";"2,721.20";;1;
2025-10-13;"2,723.00";"2,697.19";"2,709.03";;1;
2025-10-10;"2,747.71";"2,707.50";"2,707.50";;1;
2025-10-09;"2,749.79";"2,728.24";"2,730.06";;1;
2025-10-08;"2,741.39";"2,722.13";"2,733.49";;1;
2025-10-07;"2,740.83";"2,721.13";"2,722.12";;1;
2025-10-06;"2,751.86";"2,720.82";"2,741.29";;1;
2025-10-03;"2,729.53";"2,717.78";"2,728.97";;1;
2025-10-02;"2,715.93";"2,696.14";"2,708.59";;1;
2025-10-01;"2,679.54";"2,650.52";"2,677.09";;1;
2025-09-30;"2,662.93";"2,640.82";"2,662.80";;1;
2025-09-29;"2,662.42";"2,643.97";"2,652.03";;1;
2025-09-26;"2,651.00";"2,626.09";"2,644.62";;1;
2025-09-25;"2,645.39";"2,618.35";"2,623.51";;1;
2025-09-24;"2,664.90";"2,642.33";"2,645.36";;1;
2025-09-23;"2,678.34";"2,649.03";"2,671.13";;1;
2025-09-22;"2,651.89";"2,637.29";"2,647.62";;1;
2025-09-19;"2,657.30";"2,629.80";"2,646.40";;1;
2025-09-18;"2,645.60";"2,628.45";"2,634.84";;1;
2025-09-17;"2,629.39";"2,615.42";"2,616.04";;1;
2025-09-16;"2,649.45";"2,612.55";"2,614.20";;1;
2025-09-15;"2,655.82";"2,630.50";"2,637.44";;1;
2025-09-12;"2,645.59";"2,630.05";"2,635.33";;1;
2025-09-11;"2,643.66";"2,617.10";"2,635.91";;1;
2025-09-10;"2,648.88";"2,627.19";"2,629.15";;1;
2025-09-09;"2,654.66";"2,625.27";"2,632.93";;1;
2025-09-08;"2,641.83";"2,624.18";"2,640.24";;1;
2025-09-05;"2,640.21";"2,618.45";"2,626.65";;1;
2025-09-04;"2,612.96";"2,596.63";"2,607.54";;1;
2025-09-03;"2,607.77";"2,579.79";"2,597.20";;1;
2025-09-02;"2,633.12";"2,576.80";"2,577.63";;1;
2025-09-01;"2,641.62";"2,625.54";"2,630.38";;1;
2025-08-29;"2,639.88";"2,620.78";"2,625.70";;1;
2025-08-28;"2,660.15";"2,637.02";"2,643.74";;1;
2025-08-27;"2,661.69";"2,635.95";"2,645.63";;1;
2025-08-26;"2,670.48";"2,652.11";"2,656.85";;1;
2025-08-25;"2,686.91";"2,666.72";"2,668.50";;1;
2025-08-22;"2,690.79";"2,641.68";"2,689.35";;1;
2025-08-21;"2,654.93";"2,640.10";"2,646.58";;1;
2025-08-20;"2,661.98";"2,642.59";"2,655.24";;1;
2025-08-19;"2,663.70";"2,626.70";"2,659.86";;1;
2025-08-18;"2,646.24";"2,620.37";"2,625.74";;1;
2025-08-15;"2,652.39";"2,638.26";"2,640.70";;1;
2025-08-14;"2,638.21";"2,613.57";"2,632.92";;1;
2025-08-13;"2,617.05";"2,606.04";"2,612.89";;1;
2025-08-12;"2,610.70";"2,596.54";"2,609.15";;1;
2025-08-11;"2,611.59";"2,589.78";"2,590.76";;1;
2025-08-08;"2,608.20";"2,594.13";"2,602.98";;1;
2025-08-07;"2,602.46";"2,569.52";"2,593.76";;1;
2025-08-06;"2,586.07";"2,561.15";"2,566.53";;1;
2025-08-05;"2,573.27";"2,555.00";"2,562.75";;1;
2025-08-04;"2,553.32";"2,539.19";"2,552.67";;1;
2025-08-01;"2,555.48";"2,519.53";"2,533.59";;1;
2025-07-31;"2,615.97";"2,579.16";"2,580.05";;1;
2025-07-30;"2,621.07";"2,590.99";"2,605.96";;1;
2025-07-29;"2,623.95";"2,594.07";"2,602.92";;1;
2025-07-28;"2,641.98";"2,581.70";"2,589.49";;1;
2025-07-25;"2,606.32";"2,584.97";"2,606.32";;1;
2025-07-24;"2,621.79";"2,597.36";"2,600.22";;1;
2025-07-23;"2,594.70";"2,564.82";"2,592.55";;1;
2025-07-22;"2,549.59";"2,532.42";"2,537.35";;1;
2025-07-21;"2,558.46";"2,543.98";"2,551.66";;1;
2025-07-18;"2,590.49";"2,541.33";"2,546.70";;1;
2025-07-17;"2,564.81";"2,533.28";"2,555.63";;1;
2025-07-16;"2,536.86";"2,508.54";"2,512.32";;1;
2025-07-15;"2,553.20";"2,530.97";"2,532.42";;1;
2025-07-14;"2,535.85";"2,521.31";"2,532.28";;1;
2025-07-11;"2,571.34";"2,543.20";"2,545.04";;1;
2025-07-10;"2,581.37";"2,544.41";"2,580.29";;1;
2025-07-09;"2,546.02";"2,515.63";"2,536.43";;1;
2025-07-08;"2,522.33";"2,498.96";"2,522.33";;1;
2025-07-07;"2,517.12";"2,501.03";"2,514.44";;1;
2025-07-04;"2,522.01";"2,503.32";"2,512.53";;1;
2025-07-03;"2,540.72";"2,526.37";"2,529.50";;1;
2025-07-02;"2,525.39";"2,497.02";"2,522.35";;1;
2025-07-01;"2,500.84";"2,465.18";"2,491.02";;1;
2025-06-30;"2,517.16";"2,482.23";"2,493.49";;1;
2025-06-27;"2,506.17";"2,471.81";"2,506.17";;1;
2025-06-26;"2,453.23";"2,431.62";"2,450.74";;1;
2025-06-25;"2,471.60";"2,442.42";"2,444.30";;1;
2025-06-24;"2,486.47";"2,449.50";"2,452.44";;1;
2025-06-23;"2,450.42";"2,412.79";"2,424.04";;1;
2025-06-19;"2,460.98";"2,445.13";"2,447.13";;1;
2025-06-18;"2,468.08";"2,450.28";"2,458.59";;1;
2025-06-17;"2,476.47";"2,457.40";"2,461.40";;1;
2025-06-16;"2,492.25";"2,463.32";"2,485.32";;1;
2025-06-13;"2,463.49";"2,446.41";"2,459.61";;1;
2025-06-12;"2,488.72";"2,466.01";"2,481.49";;1;
2025-06-11;"2,521.70";"2,499.01";"2,499.44";;1;
2025-06-10;"2,517.01";"2,502.73";"2,512.20";;1;
2025-06-09;"2,531.42";"2,509.35";"2,512.85";;1;
2025-06-05;"2,527.83";"2,506.08";"2,521.51";;1;
2025-06-04;"2,515.87";"2,494.35";"2,510.47";;1;
2025-06-03;"2,490.43";"2,470.35";"2,487.71";;1;
2025-06-02;"2,495.88";"2,466.57";"2,481.28";;1;
2025-05-30;"2,512.75";"2,484.33";"2,496.04";;1;
2025-05-28;"2,520.33";"2,502.53";"2,510.16";;1;
2025-05-27;"2,528.40";"2,508.54";"2,517.79";;1;
2025-05-26;"2,519.26";"2,501.63";"2,510.87";;1;
2025-05-23;"2,524.83";"2,444.58";"2,479.56";;1;
2025-05-22;"2,535.02";"2,490.52";"2,501.57";;1;
2025-05-21;"2,550.97";"2,522.06";"2,547.84";;1;
2025-05-20;"2,568.68";"2,541.39";"2,563.06";;1;
2025-05-19;"2,549.65";"2,524.89";"2,548.89";;1;
2025-05-16;"2,564.68";"2,535.43";"2,544.04";;1;
2025-05-15;"2,543.53";"2,507.06";"2,542.32";;1;
2025-05-14;"2,531.25";"2,512.61";"2,517.96";;1;
2025-05-13;"2,535.79";"2,513.94";"2,528.72";;1;
2025-05-12;"2,532.18";"2,470.80";"2,525.24";;1;
2025-05-09;"2,466.23";"2,438.02";"2,448.97";;1;
2025-05-08;"2,462.20";"2,435.75";"2,449.20";;1;
2025-05-07;"2,438.29";"2,420.47";"2,431.64";;1;
2025-05-06;"2,463.40";"2,417.34";"2,428.94";;1;
2025-05-05;"2,467.33";"2,450.96";"2,464.74";;1;
2025-05-02;"2,471.70";"2,440.47";"2,462.54";;1;
2025-04-30;"2,434.06";"2,397.66";"2,434.06";;1;
2025-04-29;"2,436.30";"2,404.96";"2,411.77";;1;
2025-04-28;"2,442.80";"2,424.75";"2,428.05";;1;
2025-04-25;"2,436.08";"2,410.32";"2,426.97";;1;
2025-04-24;"2,400.35";"2,373.74";"2,398.84";;1;
2025-04-23;"2,421.63";"2,386.37";"2,392.34";;1;
2025-04-22;"2,365.46";"2,335.60";"2,364.19";;1;
2025-04-17;"2,374.82";"2,346.64";"2,355.58";;1;
2025-04-16;"2,373.41";"2,349.31";"2,372.59";;1;
2025-04-15;"2,391.09";"2,339.78";"2,390.69";;1;
2025-04-14;"2,345.50";"2,306.92";"2,338.70";;1;
2025-04-11;"2,287.80";"2,219.76";"2,277.60";;1;
2025-04-10;"2,370.16";"2,187.22";"2,280.57";;1;
2025-04-09;"2,198.61";"2,136.64";"2,175.77";;1;
2025-04-08;"2,265.11";"2,199.70";"2,237.25";;1;
2025-04-07;"2,296.14";"2,097.58";"2,179.39";;1;
2025-04-04;"2,379.47";"2,252.28";"2,287.24";;1;
2025-04-03;"2,429.53";"2,376.42";"2,385.16";;1;
2025-04-02;"2,497.75";"2,440.26";"2,478.69";;1;
2025-04-01;"2,516.74";"2,490.57";"2,509.78";;1;
2025-03-31;"2,518.54";"2,487.52";"2,494.06";;1;
2025-03-28;"2,563.98";"2,531.16";"2,542.67";;1;
2025-03-27;"2,583.79";"2,552.06";"2,572.81";;1;
2025-03-26;"2,646.53";"2,600.99";"2,604.03";;1;
2025-03-25;"2,642.23";"2,614.31";"2,641.38";;1;
2025-03-24;"2,646.87";"2,620.00";"2,630.76";;1;
2025-03-21;"2,657.35";"2,620.84";"2,629.36";;1;
2025-03-20;"2,690.09";"2,648.67";"2,668.76";;1;
2025-03-19;"2,685.70";"2,665.81";"2,677.94";;1;
2025-03-18;"2,705.06";"2,673.40";"2,685.50";;1;
2025-03-17;"2,692.04";"2,673.31";"2,685.19";;1;
2025-03-14;"2,683.83";"2,643.80";"2,682.38";;1;
2025-03-13;"2,666.85";"2,624.35";"2,647.84";;1;
2025-03-12;"2,681.87";"2,637.91";"2,656.41";;1;
2025-03-11;"2,721.05";"2,646.31";"2,652.67";;1;
2025-03-10;"2,735.26";"2,703.41";"2,710.52";;1;
2025-03-07;"2,734.49";"2,692.60";"2,729.21";;1;
2025-03-06;"2,743.03";"2,688.97";"2,733.02";;1;
2025-03-05;"2,731.89";"2,693.66";"2,723.99";;1;
2025-03-04;"2,721.36";"2,656.00";"2,656.24";;1;
2025-03-03;"2,766.94";"2,722.83";"2,744.74";;1;
2025-02-28;"2,736.06";"2,716.13";"2,724.70";;1;
2025-02-27;"2,761.39";"2,726.92";"2,741.95";;1;
2025-02-26;"2,764.33";"2,739.43";"2,762.50";;1;
2025-02-25;"2,733.71";"2,696.50";"2,724.73";;1;
2025-02-24;"2,731.87";"2,699.58";"2,713.62";;1;
2025-02-21;"2,745.02";"2,718.88";"2,724.26";;1;
2025-02-20;"2,734.66";"2,711.58";"2,725.09";;1;
2025-02-19;"2,757.01";"2,707.50";"2,710.23";;1;
2025-02-18;"2,759.48";"2,735.25";"2,757.28";;1;
2025-02-17;"2,743.26";"2,715.87";"2,743.26";;1;
2025-02-14;"2,729.13";"2,714.22";"2,716.99";;1;
2025-02-13;"2,725.74";"2,694.53";"2,724.25";;1;
2025-02-12;"2,687.50";"2,664.68";"2,678.97";;1;
2025-02-11;"2,667.46";"2,648.39";"2,666.87";;1;
2025-02-10;"2,662.16";"2,644.91";"2,658.29";;1;
2025-02-07;"2,664.48";"2,637.26";"2,639.75";;1;
2025-02-06;"2,669.99";"2,635.91";"2,665.74";;1;
2025-02-05;"2,631.54";"2,614.83";"2,629.11";;1;
2025-02-04;"2,639.44";"2,604.23";"2,638.46";;1;
2025-02-03;"2,637.40";"2,608.06";"2,632.64";;1;
2025-01-31;"2,684.01";"2,667.95";"2,670.54";;1;
2025-01-30;"2,666.58";"2,646.35";"2,662.31";;1;
2025-01-29;"2,664.04";"2,638.41";"2,657.33";;1;
2025-01-28;"2,676.32";"2,635.43";"2,635.63";;1;
2025-01-27;"2,653.60";"2,627.61";"2,646.92";;1;
2025-01-24;"2,690.03";"2,662.28";"2,669.73";;1;
2025-01-23;"2,672.65";"2,641.32";"2,672.65";;1;
2025-01-22;"2,663.82";"2,640.50";"2,647.99";;1;
2025-01-21;"2,639.22";"2,616.62";"2,638.42";;1;
2025-01-20;"2,630.33";"2,610.20";"2,616.68";;1;
2025-01-17;"2,625.36";"2,589.90";"2,617.41";;1;
2025-01-16;"2,592.49";"2,575.36";"2,585.86";;1;
2025-01-15;"2,575.89";"2,525.33";"2,570.83";;1;
2025-01-14;"2,538.00";"2,517.41";"2,521.22";;1;
2025-01-13;"2,521.25";"2,494.26";"2,514.81";;1;
2025-01-10;"2,552.33";"2,520.43";"2,523.73";;1;
2025-01-09;"2,553.90";"2,529.03";"2,549.58";;1;
2025-01-08;"2,558.22";"2,526.44";"2,541.29";;1;
2025-01-07;"2,559.92";"2,529.63";"2,543.15";;1;
2025-01-03;"2,518.57";"2,503.83";"2,511.42";;1;
2025-01-02;"2,509.71";"2,482.44";"2,508.83";;1;
2024-12-30;"2,495.05";"2,468.59";"2,483.12";;1;
2024-12-27;"2,493.81";"2,471.08";"2,490.19";;1;
2024-12-23;"2,476.91";"2,457.27";"2,469.87";;1;
2024-12-20;"2,475.94";"2,435.66";"2,474.65";;1;
2024-12-19;"2,512.05";"2,474.27";"2,481.10";;1;
2024-12-18;"2,549.73";"2,530.17";"2,537.63";;1;
2024-12-17;"2,545.27";"2,529.58";"2,533.07";;1;
2024-12-16;"2,556.74";"2,539.11";"2,544.60";;1;
2024-12-13;"2,580.27";"2,551.83";"2,556.34";;1;
2024-12-12;"2,600.16";"2,569.56";"2,573.98";;1;
2024-12-11;"2,599.41";"2,584.32";"2,588.44";;1;
2024-12-10;"2,614.07";"2,595.49";"2,595.49";;1;
2024-12-09;"2,633.57";"2,613.07";"2,617.80";;1;
2024-12-06;"2,617.66";"2,600.84";"2,614.27";;1;
2024-12-05;"2,607.17";"2,592.69";"2,606.08";;1;
2024-12-04;"2,601.22";"2,582.57";"2,594.38";;1;
2024-12-03;"2,582.68";"2,554.63";"2,573.70";;1;
2024-12-02;"2,563.09";"2,500.86";"2,548.13";;1;
2024-11-29;"2,516.41";"2,495.09";"2,513.85";;1;
2024-11-28;"2,522.87";"2,505.76";"2,508.92";;1;
2024-11-27;"2,501.68";"2,483.93";"2,497.68";;1;
2024-11-26;"2,505.21";"2,487.64";"2,495.80";;1;
2024-11-25;"2,531.45";"2,505.55";"2,512.45";;1;
2024-11-22;"2,520.03";"2,486.33";"2,514.10";;1;
2024-11-21;"2,498.49";"2,464.13";"2,496.31";;1;
2024-11-20;"2,513.74";"2,483.49";"2,484.49";;1;
2024-11-19;"2,518.15";"2,462.17";"2,493.48";;1;
2024-11-18;"2,518.88";"2,489.89";"2,506.91";;1;
2024-11-15;"2,530.64";"2,506.38";"2,509.99";;1;
2024-11-14;"2,535.77";"2,507.08";"2,531.39";;1;
2024-11-13;"2,520.59";"2,493.72";"2,512.56";;1;
2024-11-12;"2,558.60";"2,508.64";"2,514.23";;1;
2024-11-11;"2,584.28";"2,571.95";"2,576.43";;1;
2024-11-08;"2,584.14";"2,546.84";"2,558.74";;1;
2024-11-07;"2,593.98";"2,558.65";"2,584.72";;1;
2024-11-06;"2,626.57";"2,552.95";"2,553.13";;1;
2024-11-05;"2,576.70";"2,555.80";"2,574.13";;1;
2024-11-04;"2,582.00";"2,564.42";"2,571.98";;1;
2024-11-01;"2,564.75";"2,546.14";"2,557.22";;1;
2024-10-31;"2,562.60";"2,535.33";"2,542.41";;1;
2024-10-30;"2,608.27";"2,571.21";"2,578.38";;1;
2024-10-29;"2,639.52";"2,610.77";"2,610.77";;1;
2024-10-28;"2,627.70";"2,595.83";"2,624.09";;1;
2024-10-25;"2,601.57";"2,574.80";"2,592.28";;1;
2024-10-24;"2,600.13";"2,576.57";"2,578.09";;1;
2024-10-23;"2,588.52";"2,565.16";"2,581.33";;1;
2024-10-22;"2,580.99";"2,550.27";"2,571.51";;1;
2024-10-21;"2,602.51";"2,571.94";"2,576.20";;1;
2024-10-18;"2,599.95";"2,572.48";"2,594.30";;1;
2024-10-17;"2,598.52";"2,583.30";"2,585.81";;1;
2024-10-16;"2,585.50";"2,558.86";"2,580.09";;1;
2024-10-15;"2,619.57";"2,577.07";"2,577.07";;1;
2024-10-14;"2,598.25";"2,579.01";"2,598.25";;1;
2024-10-11;"2,591.66";"2,566.31";"2,588.72";;1;
2024-10-10;"2,597.16";"2,562.27";"2,573.91";;1;
2024-10-09;"2,598.95";"2,577.36";"2,594.91";;1;
2024-10-08;"2,598.06";"2,574.93";"2,587.89";;1;
2024-10-07;"2,611.55";"2,586.98";"2,602.66";;1;
2024-10-04;"2,616.31";"2,588.63";"2,603.79";;1;
2024-10-03;"2,619.72";"2,588.82";"2,594.50";;1;
2024-10-02;"2,623.30";"2,606.13";"2,620.66";;1;
2024-10-01;"2,641.22";"2,603.65";"2,611.34";;1;
2024-09-30;"2,649.49";"2,620.14";"2,626.44";;1;
2024-09-27;"2,647.92";"2,632.41";"2,639.45";;1;
2024-09-26;"2,649.92";"2,625.17";"2,642.43";;1;
2024-09-25;"2,615.04";"2,582.87";"2,610.91";;1;
2024-09-24;"2,608.84";"2,577.55";"2,590.01";;1;
2024-09-23;"2,591.99";"2,563.66";"2,583.85";;1;
2024-09-20;"2,595.60";"2,574.02";"2,579.15";;1;
2024-09-19;"2,600.75";"2,565.71";"2,592.91";;1;
2024-09-18;"2,555.21";"2,536.50";"2,544.25";;1;
2024-09-17;"2,561.46";"2,537.84";"2,555.90";;1;
2024-09-16;"2,534.58";"2,514.69";"2,529.75";;1;
2024-09-13;"2,528.71";"2,513.08";"2,525.18";;1;
2024-09-12;"2,537.73";"2,499.88";"2,510.54";;1;
2024-09-11;"2,515.34";"2,482.00";"2,489.95";;1;
2024-09-10;"2,521.74";"2,489.79";"2,495.76";;1;
2024-09-09;"2,517.43";"2,495.69";"2,511.44";;1;
2024-09-06;"2,516.08";"2,478.33";"2,480.99";;1;
2024-09-05;"2,532.05";"2,505.43";"2,509.30";;1;
2024-09-04;"2,544.27";"2,521.95";"2,531.72";;1;
2024-09-03;"2,598.92";"2,562.19";"2,565.78";;1;
2024-09-02;"2,595.46";"2,578.77";"2,589.98";;1;
2024-08-30;"2,601.14";"2,585.62";"2,595.96";;1;
2024-08-29;"2,591.54";"2,564.23";"2,587.90";;1;
2024-08-28;"2,572.84";"2,551.79";"2,562.54";;1;
2024-08-27;"2,573.52";"2,553.02";"2,556.75";;1;
2024-08-26;"2,572.98";"2,554.71";"2,567.12";;1;
2024-08-23;"2,567.29";"2,536.81";"2,559.27";;1;
2024-08-22;"2,550.48";"2,525.32";"2,541.10";;1;
2024-08-21;"2,538.94";"2,514.89";"2,523.94";;1;
2024-08-20;"2,546.89";"2,525.17";"2,527.29";;1;
2024-08-19;"2,542.27";"2,533.45";"2,540.83";;1;
2024-08-16;"2,539.83";"2,524.67";"2,533.09";;1;
2024-08-15;"2,529.77";"2,495.28";"2,522.81";;1;
2024-08-14;"2,496.54";"2,484.79";"2,494.19";;1;
2024-08-13;"2,474.51";"2,453.49";"2,472.96";;1;
2024-08-12;"2,473.94";"2,454.89";"2,460.90";;1;
2024-08-09;"2,476.86";"2,447.58";"2,458.59";;1;
2024-08-08;"2,454.06";"2,406.12";"2,450.39";;1;
2024-08-07;"2,452.29";"2,416.54";"2,442.13";;1;
2024-08-06;"2,439.99";"2,383.66";"2,402.96";;1;
2024-08-05;"2,416.60";"2,356.65";"2,411.26";;1;
2024-07-31;"2,622.42";"2,603.71";"2,609.33";;1;
2024-07-30;"2,600.25";"2,585.51";"2,595.25";;1;
2024-07-29;"2,603.14";"2,580.00";"2,580.00";;1;
2024-07-26;"2,582.19";"2,553.24";"2,578.75";;1;
2024-07-25;"2,562.87";"2,527.78";"2,562.37";;1;
2024-07-24;"2,581.90";"2,564.70";"2,570.97";;1;
2024-07-23;"2,610.35";"2,582.68";"2,596.43";;1;
2024-07-22;"2,609.13";"2,577.63";"2,593.43";;1;
2024-07-19;"2,594.32";"2,570.63";"2,570.63";;1;
2024-07-18;"2,616.73";"2,584.51";"2,597.79";;1;
2024-07-17;"2,602.79";"2,577.74";"2,597.56";;1;
2024-07-16;"2,615.51";"2,592.22";"2,613.58";;1;
2024-07-15;"2,621.48";"2,600.24";"2,605.29";;1;
2024-07-12;"2,635.21";"2,582.90";"2,630.61";;1;
2024-07-11;"2,579.66";"2,549.33";"2,574.28";;1;
2024-07-10;"2,548.70";"2,528.14";"2,548.40";;1;
2024-07-09;"2,563.04";"2,529.59";"2,534.22";;1;
2024-07-08;"2,568.57";"2,547.15";"2,564.30";;1;
2024-07-05;"2,583.32";"2,552.07";"2,556.53";;1;
2024-07-04;"2,583.96";"2,566.16";"2,571.87";;1;
2024-07-02;"2,573.85";"2,547.14";"2,554.12";;1;
2024-07-01;"2,592.82";"2,570.91";"2,584.83";;1;
2024-06-28;"2,576.48";"2,561.14";"2,569.45";;1;
2024-06-27;"2,575.99";"2,557.08";"2,557.87";;1;
2024-06-26;"2,595.00";"2,562.41";"2,572.24";;1;
2024-06-25;"2,584.33";"2,557.76";"2,561.57";;1;
2024-06-24;"2,595.80";"2,549.18";"2,594.54";;1;
2024-06-20;"2,576.74";"2,557.96";"2,573.77";;1;
2024-06-19;"2,565.82";"2,554.21";"2,554.21";;1;
2024-06-18;"2,575.01";"2,554.02";"2,566.49";;1;
2024-06-17;"2,581.68";"2,548.01";"2,558.51";;1;
2024-06-14;"2,592.43";"2,554.78";"2,561.60";;1;
2024-06-13;"2,625.16";"2,586.07";"2,587.11";;1;
2024-06-12;"2,632.19";"2,592.83";"2,627.12";;1;
2024-06-11;"2,614.76";"2,574.42";"2,586.96";;1;
2024-06-10;"2,612.26";"2,587.36";"2,600.72";;1;
2024-06-07;"2,630.87";"2,605.17";"2,623.59";;1;
2024-06-05;"2,614.02";"2,598.00";"2,609.72";;1;
2024-06-04;"2,608.22";"2,582.06";"2,587.70";;1;
2024-06-03;"2,636.26";"2,606.17";"2,612.02";;1;
2024-05-31;"2,606.18";"2,584.64";"2,604.10";;1;
2024-05-30;"2,595.30";"2,574.69";"2,593.07";;1;
2024-05-29;"2,613.37";"2,582.95";"2,583.50";;1;
2024-05-28;"2,637.04";"2,605.30";"2,616.29";;1;
2024-05-27;"2,631.13";"2,617.91";"2,630.30";;1;
2024-05-24;"2,626.39";"2,607.70";"2,624.50";;1;
2024-05-23;"2,648.20";"2,631.39";"2,641.47";;1;
2024-05-22;"2,638.31";"2,623.51";"2,634.51";;1;
2024-05-21;"2,631.76";"2,615.58";"2,631.49";;1;
2024-05-20;"2,632.17";"2,607.93";"2,632.17";;1;
2024-05-17;"2,609.37";"2,591.01";"2,602.20";;1;
2024-05-16;"2,629.24";"2,602.44";"2,608.82";;1;
2024-05-15;"2,642.72";"2,619.79";"2,627.52";;1;
2024-05-14;"2,634.73";"2,617.85";"2,632.85";;1;
2024-05-13;"2,628.89";"2,616.98";"2,624.76";;1;
2024-05-10;"2,633.95";"2,606.24";"2,627.87";;1;
2024-05-08;"2,606.18";"2,588.39";"2,589.10";;1;
2024-05-07;"2,593.17";"2,561.83";"2,593.17";;1;
2024-05-06;"2,563.92";"2,541.40";"2,563.79";;1;
2024-05-03;"2,550.33";"2,524.78";"2,540.08";;1;
2024-05-02;"2,547.07";"2,522.71";"2,525.21";;1;
2024-04-30;"2,568.20";"2,539.27";"2,556.40";;1;
2024-04-29;"2,572.75";"2,563.54";"2,566.81";;1;
2024-04-26;"2,565.19";"2,534.04";"2,557.69";;1;
2024-04-25;"2,544.91";"2,507.92";"2,525.40";;1;
2024-04-24;"2,555.02";"2,522.67";"2,543.21";;1;
2024-04-23;"2,548.97";"2,516.86";"2,546.33";;1;
2024-04-22;"2,525.50";"2,506.58";"2,511.41";;1;
2024-04-18;"2,524.19";"2,498.97";"2,517.69";;1;
2024-04-15;"2,548.28";"2,517.25";"2,523.40";;1;
2024-04-12;"2,540.53";"2,503.50";"2,506.99";;1;
2024-04-11;"2,518.95";"2,476.61";"2,499.70";;1;
2024-04-10;"2,539.19";"2,499.65";"2,519.05";;1;
2024-04-09;"2,528.49";"2,509.03";"2,513.50";;1;
2024-04-08;"2,527.16";"2,505.90";"2,522.36";;1;
2024-04-05;"2,505.61";"2,482.93";"2,504.80";;1;
2024-04-04;"2,524.62";"2,508.95";"2,521.86";;1;
2024-04-03;"2,517.75";"2,500.07";"2,513.52";;1;
2024-04-02;"2,540.32";"2,501.88";"2,508.65";;1;
2024-03-28;"2,542.25";"2,516.29";"2,518.27";;1;
2024-03-27;"2,557.52";"2,532.48";"2,537.37";;1;
2024-03-26;"2,552.03";"2,518.21";"2,547.97";;1;
2024-03-25;"2,542.91";"2,517.51";"2,526.07";;1;
2024-03-22;"2,555.43";"2,531.25";"2,534.34";;1;
2024-03-21;"2,551.09";"2,524.61";"2,550.50";;1;
2024-03-20;"2,519.03";"2,495.14";"2,510.44";;1;
2024-03-19;"2,515.12";"2,495.75";"2,514.92";;1;
2024-03-18;"2,536.18";"2,502.06";"2,504.80";;1;
2024-03-13;"2,531.80";"2,512.93";"2,527.46";;1;
2024-03-12;"2,526.09";"2,488.60";"2,521.91";;1;
2024-03-11;"2,481.50";"2,466.75";"2,479.35";;1;
2024-03-08;"2,495.85";"2,471.44";"2,487.70";;1;
2024-03-07;"2,478.76";"2,440.90";"2,471.57";;1;
2024-03-06;"2,462.73";"2,442.67";"2,460.81";;1;
2024-03-04;"2,465.31";"2,448.22";"2,455.36";;1;
2024-03-01;"2,472.75";"2,456.41";"2,461.49";;1;
2024-02-29;"2,459.91";"2,440.44";"2,452.81";;1;
2024-02-28;"2,451.43";"2,438.96";"2,447.21";;1;
2024-02-27;"2,444.20";"2,432.41";"2,442.22";;1;
2024-02-26;"2,443.46";"2,430.71";"2,438.64";;1;
2024-02-23;"2,437.16";"2,417.13";"2,435.45";;1;
2024-02-22;"2,442.31";"2,419.93";"2,426.38";;1;
2024-02-21;"2,417.71";"2,403.17";"2,414.97";;1;
2024-02-20;"2,417.03";"2,402.28";"2,414.79";;1;
2024-02-19;"2,414.02";"2,401.00";"2,410.33";;1;
2024-02-16;"2,415.19";"2,392.59";"2,408.92";;1;
2024-02-15;"2,389.63";"2,374.30";"2,385.24";;1;
2024-02-14;"2,366.14";"2,348.87";"2,362.07";;1;
2024-02-13;"2,366.10";"2,339.81";"2,352.77";;1;
2024-02-12;"2,368.74";"2,357.31";"2,367.50";;1;
2024-02-09;"2,366.89";"2,345.70";"2,352.42";;1;
2024-02-08;"2,365.93";"2,352.47";"2,358.49";;1;
2024-02-07;"2,365.13";"2,353.17";"2,356.43";;1;
2024-02-06;"2,360.70";"2,339.63";"2,357.52";;1;
2024-02-05;"2,368.17";"2,336.20";"2,339.89";;1;
2024-02-02;"2,384.99";"2,367.90";"2,367.90";;1;
2024-02-01;"2,380.20";"2,349.95";"2,364.81";;1;
2024-01-31;"2,371.24";"2,355.75";"2,356.60";;1;
2024-01-30;"2,379.78";"2,361.97";"2,368.36";;1;
2024-01-29;"2,376.84";"2,353.59";"2,368.06";;1;
2024-01-26;"2,372.03";"2,346.31";"2,370.13";;1;
2024-01-25;"2,364.10";"2,336.06";"2,362.73";;1;
2024-01-24;"2,363.39";"2,343.79";"2,351.10";;1;
2024-01-23;"2,345.14";"2,324.58";"2,337.48";;1;
2024-01-22;"2,333.84";"2,314.87";"2,330.55";;1;
2024-01-18;"2,316.39";"2,293.73";"2,309.95";;1;
2024-01-17;"2,302.54";"2,285.87";"2,297.85";;1;
2024-01-16;"2,330.80";"2,315.85";"2,323.79";;1;
2024-01-15;"2,360.75";"2,334.45";"2,340.47";;1;
2024-01-12;"2,360.56";"2,342.00";"2,355.96";;1;
2024-01-11;"2,367.53";"2,333.31";"2,336.25";;1;
2024-01-10;"2,347.94";"2,335.31";"2,341.94";;1;
2024-01-09;"2,361.72";"2,332.79";"2,344.72";;1;
2024-01-08;"2,357.82";"2,330.07";"2,357.77";;1;
2024-01-05;"2,354.32";"2,335.89";"2,337.86";;1;
2024-01-04;"2,364.72";"2,347.15";"2,361.90";;1;
2024-01-03;"2,396.13";"2,345.82";"2,356.64";;1;
2024-01-02;"2,418.15";"2,384.79";"2,394.93";;1;
2023-12-29;"2,403.19";"2,390.87";"2,396.07";;1;
2023-12-28;"2,398.91";"2,384.45";"2,389.01";;1;
2023-12-27;"2,398.86";"2,378.43";"2,390.28";;1;
2023-12-22;"2,384.03";"2,365.09";"2,377.05";;1;
2023-12-21;"2,382.93";"2,364.94";"2,375.14";;1;
2023-12-20;"2,394.61";"2,376.72";"2,390.84";;1;
2023-12-19;"2,391.41";"2,376.86";"2,384.54";;1;
2023-12-18;"2,384.70";"2,371.53";"2,374.17";;1;
2023-12-15;"2,395.44";"2,373.35";"2,386.43";;1;
2023-12-14;"2,369.17";"2,351.50";"2,365.25";;1;
2023-12-13;"2,343.26";"2,322.75";"2,322.75";;1;
2023-12-12;"2,343.29";"2,331.92";"2,334.73";;1;
2023-12-11;"2,340.31";"2,312.36";"2,339.78";;1;
2023-12-08;"2,318.94";"2,286.76";"2,313.01";;1;
2023-12-07;"2,294.16";"2,279.82";"2,287.13";;1;
2023-12-06;"2,296.33";"2,265.22";"2,289.64";;1;
2023-12-05;"2,270.27";"2,249.03";"2,267.80";;1;
2023-12-04;"2,265.19";"2,248.64";"2,253.80";;1;
2023-12-01;"2,255.21";"2,236.51";"2,250.21";;1;
2023-11-30;"2,245.15";"2,227.38";"2,232.46";;1;
2023-11-29;"2,239.51";"2,212.05";"2,233.00";;1;
2023-11-28;"2,223.41";"2,209.00";"2,214.81";;1;
2023-11-27;"2,232.52";"2,219.12";"2,226.85";;1;
2023-11-24;"2,231.50";"2,222.78";"2,229.37";;1;
2023-11-23;"2,231.59";"2,213.41";"2,226.34";;1;
2023-11-22;"2,223.21";"2,202.52";"2,213.18";;1;
2023-11-21;"2,208.52";"2,192.72";"2,197.08";;1;
2023-11-20;"2,208.97";"2,192.81";"2,206.34";;1;
2023-11-17;"2,203.83";"2,181.35";"2,198.83";;1;
2023-11-16;"2,190.28";"2,167.13";"2,171.53";;1;
2023-11-15;"2,199.03";"2,173.97";"2,192.97";;1;
2023-11-14;"2,170.00";"2,121.94";"2,169.98";;1;
2023-11-13;"2,131.07";"2,116.19";"2,122.63";;1;
2023-11-10;"2,124.53";"2,102.71";"2,115.38";;1;
2023-11-09;"2,140.20";"2,112.25";"2,137.98";;1;
2023-11-08;"2,125.12";"2,102.80";"2,114.32";;1;
2023-11-07;"2,124.89";"2,107.14";"2,116.06";;1;
2023-11-06;"2,141.23";"2,112.24";"2,123.50";;1;
2023-11-03;"2,134.05";"2,120.39";"2,126.76";;1;
2023-11-02;"2,123.11";"2,086.57";"2,110.80";;1;
2023-11-01;"2,085.97";"2,060.30";"2,073.43";;1;
2023-10-31;"2,083.61";"2,059.78";"2,075.79";;1;
2023-10-30;"2,065.68";"2,048.95";"2,057.14";;1;
2023-10-27;"2,073.94";"2,042.65";"2,049.65";;1;
2023-10-26;"2,072.24";"2,036.88";"2,064.55";;1;
2023-10-25;"2,085.20";"2,055.67";"2,073.84";;1;
2023-10-24;"2,078.47";"2,050.23";"2,074.19";;1;
2023-10-23;"2,087.75";"2,051.75";"2,066.50";;1;
2023-10-20;"2,100.98";"2,076.24";"2,077.66";;1;
2023-10-19;"2,148.74";"2,117.80";"2,121.83";;1;
2023-10-18;"2,177.98";"2,142.83";"2,144.44";;1;
2023-10-17;"2,185.60";"2,154.93";"2,172.25";;1;
2023-10-16;"2,201.56";"2,177.76";"2,190.78";;1;
2023-10-13;"2,208.87";"2,185.96";"2,189.84";;1;
2023-10-12;"2,235.90";"2,208.23";"2,212.13";;1;
2023-10-11;"2,197.20";"2,182.34";"2,193.71";;1;
2023-10-10;"2,195.07";"2,154.68";"2,193.06";;1;
2023-10-09;"2,151.19";"2,130.54";"2,133.26";;1;
2023-10-06;"2,154.02";"2,127.39";"2,154.02";;1;
2023-10-05;"2,140.01";"2,118.80";"2,127.06";;1;
2023-10-04;"2,125.01";"2,104.70";"2,116.77";;1;
2023-10-03;"2,149.22";"2,121.17";"2,125.06";;1;
2023-10-02;"2,174.25";"2,135.96";"2,145.97";;1;
2023-09-29;"2,165.04";"2,144.15";"2,155.49";;1;
2023-09-28;"2,138.58";"2,119.11";"2,137.65";;1;
2023-09-27;"2,145.46";"2,126.78";"2,130.32";;1;
2023-09-26;"2,148.98";"2,124.97";"2,133.16";;1;
2023-09-25;"2,170.80";"2,141.86";"2,156.12";;1;
2023-09-22;"2,176.87";"2,162.69";"2,165.94";;1;
2023-09-21;"2,188.63";"2,170.83";"2,178.82";;1;
2023-09-20;"2,206.98";"2,177.57";"2,202.45";;1;
2023-09-19;"2,191.18";"2,170.88";"2,177.20";;1;
2023-09-18;"2,196.43";"2,182.01";"2,187.02";;1;
2023-09-15;"2,212.19";"2,194.72";"2,195.20";;1;
2023-09-14;"2,194.08";"2,157.82";"2,190.20";;1;
2023-09-13;"2,171.68";"2,148.21";"2,162.46";;1;
2023-09-12;"2,190.88";"2,173.98";"2,177.12";;1;
2023-09-11;"2,193.24";"2,177.68";"2,184.56";;1;
2023-09-08;"2,192.13";"2,162.98";"2,176.34";;1;
2023-09-07;"2,206.05";"2,177.45";"2,185.58";;1;
2023-09-06;"2,208.46";"2,184.75";"2,202.57";;1;
2023-09-05;"2,210.15";"2,186.17";"2,203.70";;1;
2023-09-04;"2,208.69";"2,192.54";"2,193.76";;1;
2023-09-01;"2,200.09";"2,175.81";"2,186.21";;1;
2023-08-31;"2,195.33";"2,179.74";"2,184.74";;1;
2023-08-30;"2,198.41";"2,178.75";"2,185.08";;1;
2023-08-29;"2,194.44";"2,179.63";"2,191.46";;1;
2023-08-28;"2,177.89";"2,161.22";"2,174.31";;1;
2023-08-25;"2,164.62";"2,133.48";"2,148.47";;1;
2023-08-24;"2,178.42";"2,144.83";"2,145.74";;1;
2023-08-23;"2,161.48";"2,148.74";"2,154.70";;1;
2023-08-22;"2,163.01";"2,143.06";"2,153.65";;1;
2023-08-21;"2,159.76";"2,137.65";"2,139.03";;1;
2023-08-18;"2,150.06";"2,132.09";"2,145.66";;1;
2023-08-17;"2,167.58";"2,151.40";"2,154.56";;1;
2023-08-16;"2,185.50";"2,166.39";"2,180.56";;1;
2023-08-15;"2,204.30";"2,172.52";"2,178.50";;1;
2023-08-14;"2,210.10";"2,191.27";"2,203.30";;1;
2023-08-11;"2,217.62";"2,195.61";"2,203.40";;1;
2023-08-10;"2,230.91";"2,212.81";"2,223.17";;1;
2023-08-09;"2,226.22";"2,206.91";"2,209.52";;1;
2023-08-08;"2,210.44";"2,187.08";"2,194.44";;1;
2023-08-07;"2,209.83";"2,192.35";"2,209.83";;1;
2023-08-04;"2,213.86";"2,192.24";"2,209.64";;1;
2023-08-03;"2,214.34";"2,189.73";"2,196.59";;1;
2023-08-02;"2,229.43";"2,199.59";"2,222.74";;1;
2023-08-01;"2,252.86";"2,239.92";"2,240.12";;1;
2023-07-31;"2,256.82";"2,245.05";"2,250.92";;1;
2023-07-28;"2,258.64";"2,246.35";"2,253.85";;1;
2023-07-27;"2,265.78";"2,237.01";"2,254.15";;1;
2023-07-26;"2,255.76";"2,220.08";"2,235.23";;1;
2023-07-25;"2,261.80";"2,233.16";"2,259.09";;1;
2023-07-24;"2,244.18";"2,217.99";"2,243.81";;1;
2023-07-21;"2,228.80";"2,202.29";"2,227.45";;1;
2023-07-20;"2,225.70";"2,199.98";"2,224.52";;1;
2023-07-19;"2,263.32";"2,234.59";"2,235.75";;1;
2023-07-18;"2,259.58";"2,239.62";"2,258.83";;1;
2023-07-17;"2,244.24";"2,225.85";"2,243.13";;1;
2023-07-14;"2,259.27";"2,243.04";"2,248.08";;1;
2023-07-13;"2,270.50";"2,254.84";"2,261.20";;1;
2023-07-12;"2,266.27";"2,239.16";"2,264.21";;1;
2023-07-11;"2,253.40";"2,231.26";"2,247.96";;1;
2023-07-10;"2,247.93";"2,228.70";"2,243.79";;1;
2023-07-07;"2,254.68";"2,227.33";"2,246.19";;1;
2023-07-06;"2,270.18";"2,229.36";"2,238.51";;1;
2023-07-05;"2,296.76";"2,274.44";"2,279.42";;1;
2023-07-04;"2,301.84";"2,290.29";"2,295.93";;1;
2023-07-03;"2,316.34";"2,294.59";"2,294.59";;1;
2023-06-30;"2,314.18";"2,290.61";"2,309.90";;1;
2023-06-29;"2,292.50";"2,259.05";"2,284.77";;1;
2023-06-28;"2,268.46";"2,254.69";"2,262.07";;1;
2023-06-27;"2,244.62";"2,220.87";"2,244.60";;1;
2023-06-26;"2,240.29";"2,205.37";"2,238.50";;1;
2023-06-22;"2,246.03";"2,224.29";"2,235.41";;1;
2023-06-21;"2,280.03";"2,258.77";"2,265.63";;1;
2023-06-20;"2,290.23";"2,276.95";"2,281.16";;1;
2023-06-19;"2,312.47";"2,289.58";"2,292.68";;1;
2023-06-16;"2,326.12";"2,311.23";"2,322.64";;1;
2023-06-15;"2,317.44";"2,292.55";"2,310.66";;1;
2023-06-14;"2,315.23";"2,303.69";"2,312.75";;1;
2023-06-13;"2,325.57";"2,308.98";"2,320.96";;1;
2023-06-12;"2,315.54";"2,295.17";"2,299.50";;1;
2023-06-09;"2,309.13";"2,292.92";"2,301.98";;1;
2023-06-08;"2,311.53";"2,295.46";"2,302.98";;1;
2023-06-07;"2,311.80";"2,299.86";"2,305.36";;1;
2023-06-05;"2,311.42";"2,288.79";"2,293.06";;1;
2023-06-02;"2,295.03";"2,266.14";"2,292.50";;1;
2023-06-01;"2,257.14";"2,238.39";"2,252.43";;1;
2023-05-31;"2,259.06";"2,233.11";"2,234.96";;1;
2023-05-30;"2,279.43";"2,253.54";"2,255.00";;1;
2023-05-29;"2,283.63";"2,253.34";"2,258.64";;1;
2023-05-26;"2,276.87";"2,239.43";"2,272.20";;1;
2023-05-25;"2,244.19";"2,221.04";"2,231.57";;1;
2023-05-24;"2,250.81";"2,224.41";"2,229.89";;1;
2023-05-23;"2,282.26";"2,265.62";"2,267.34";;1;
2023-05-22;"2,286.61";"2,276.22";"2,283.31";;1;
2023-05-19;"2,295.53";"2,276.88";"2,288.37";;1;
2023-05-17;"2,248.29";"2,232.59";"2,246.20";;1;
2023-05-16;"2,250.84";"2,230.64";"2,236.25";;1;
2023-05-15;"2,252.42";"2,239.76";"2,251.24";;1;
2023-05-12;"2,248.75";"2,231.45";"2,236.03";;1;
2023-05-11;"2,240.04";"2,211.42";"2,229.91";;1;
2023-05-10;"2,232.25";"2,189.73";"2,208.66";;1;
2023-05-09;"2,236.68";"2,208.52";"2,223.58";;1;
2023-05-08;"2,245.21";"2,229.39";"2,239.10";;1;
2023-05-05;"2,240.48";"2,210.00";"2,240.48";;1;
2023-05-04;"2,235.29";"2,219.91";"2,228.17";;1;
2023-05-03;"2,255.60";"2,228.82";"2,238.76";;1;
2023-05-02;"2,273.63";"2,232.29";"2,235.03";;1;
2023-04-28;"2,285.89";"2,247.79";"2,270.58";;1;
2023-04-27;"2,284.63";"2,225.85";"2,271.10";;1;
2023-04-26;"2,247.71";"2,221.17";"2,240.08";;1;
2023-04-25;"2,256.50";"2,237.10";"2,249.20";;1;
2023-04-24;"2,264.67";"2,247.27";"2,259.82";;1;
2023-04-21;"2,259.46";"2,235.96";"2,246.41";;1;
2023-04-20;"2,257.37";"2,241.39";"2,248.82";;1;
2023-04-19;"2,255.88";"2,242.27";"2,249.68";;1;
2023-04-18;"2,265.81";"2,245.60";"2,256.28";;1;
2023-04-17;"2,263.60";"2,245.51";"2,249.67";;1;
2023-04-14;"2,254.63";"2,231.05";"2,249.47";;1;
2023-04-13;"2,225.14";"2,206.77";"2,225.14";;1;
2023-04-12;"2,239.01";"2,209.77";"2,215.15";;1;
2023-04-11;"2,211.18";"2,197.96";"2,211.18";;1;
2023-04-06;"2,185.33";"2,171.50";"2,184.73";;1;
2023-04-05;"2,209.72";"2,166.57";"2,174.94";;1;
2023-04-04;"2,238.16";"2,211.42";"2,215.91";;1;
2023-04-03;"2,220.13";"2,208.09";"2,211.02";;1;
2023-03-31;"2,225.63";"2,193.57";"2,223.74";;1;
2023-03-30;"2,199.61";"2,152.84";"2,199.44";;1;
2023-03-29;"2,149.36";"2,128.68";"2,149.36";;1;
2023-03-28;"2,132.21";"2,110.49";"2,115.61";;1;
2023-03-27;"2,129.54";"2,100.43";"2,111.77";;1;
2023-03-24;"2,122.74";"2,083.53";"2,087.81";;1;
2023-03-23;"2,140.54";"2,111.74";"2,136.00";;1;
2023-03-22;"2,155.36";"2,139.29";"2,146.83";;1;
2023-03-21;"2,152.64";"2,130.36";"2,145.40";;1;
2023-03-20;"2,130.44";"2,050.43";"2,118.71";;1;
2023-03-17;"2,145.89";"2,076.04";"2,088.02";;1;
2023-03-16;"2,134.36";"2,085.40";"2,125.23";;1;
2023-03-15;"2,179.73";"2,096.69";"2,096.80";;1;
2023-03-14;"2,193.75";"2,146.20";"2,186.36";;1;
2023-03-13;"2,202.15";"2,137.58";"2,156.58";;1;
2023-03-10;"2,213.56";"2,178.64";"2,192.06";;1;
2023-03-09;"2,252.57";"2,228.71";"2,245.11";;1;
2023-03-08;"2,253.47";"2,238.30";"2,248.52";;1;
2023-03-07;"2,268.96";"2,243.41";"2,244.66";;1;
2023-03-06;"2,268.69";"2,253.20";"2,261.86";;1;
2023-03-03;"2,254.32";"2,223.58";"2,252.76";;1;
2023-03-02;"2,219.81";"2,198.26";"2,214.67";;1;
2023-03-01;"2,243.98";"2,210.49";"2,214.68";;1;
2023-02-28;"2,233.20";"2,214.32";"2,226.75";;1;
2023-02-27;"2,244.89";"2,216.44";"2,234.99";;1;
2023-02-24;"2,240.01";"2,198.17";"2,206.43";;1;
2023-02-23;"2,242.02";"2,225.46";"2,227.58";;1;
2023-02-22;"2,225.48";"2,202.85";"2,223.30";;1;
2023-02-21;"2,246.29";"2,216.09";"2,223.49";;1;
2023-02-20;"2,254.57";"2,235.59";"2,238.45";;1;
2023-02-17;"2,257.93";"2,230.71";"2,249.38";;1;
2023-02-16;"2,268.93";"2,241.96";"2,256.54";;1;
2023-02-15;"2,255.47";"2,224.93";"2,255.14";;1;
2023-02-14;"2,254.38";"2,224.80";"2,232.45";;1;
2023-02-13;"2,234.98";"2,206.86";"2,233.18";;1;
2023-02-10;"2,227.29";"2,189.09";"2,200.77";;1;
2023-02-09;"2,265.72";"2,232.15";"2,235.37";;1;
2023-02-08;"2,269.51";"2,244.10";"2,244.14";;1;
2023-02-07;"2,267.29";"2,250.07";"2,254.80";;1;
2023-02-06;"2,282.73";"2,253.04";"2,258.20";;1;
2023-02-03;"2,295.30";"2,265.28";"2,294.52";;1;
2023-02-02;"2,287.54";"2,226.35";"2,287.40";;1;
2023-02-01;"2,215.47";"2,195.51";"2,210.13";;1;
2023-01-31;"2,202.89";"2,184.34";"2,198.54";;1;
2023-01-30;"2,204.23";"2,183.39";"2,200.08";;1;
2023-01-27;"2,204.15";"2,187.29";"2,197.66";;1;
2023-01-26;"2,208.69";"2,184.04";"2,190.53";;1;
2023-01-25;"2,218.95";"2,193.52";"2,204.30";;1;
2023-01-24;"2,229.46";"2,204.42";"2,216.17";;1;
2023-01-23;"2,226.24";"2,204.61";"2,224.53";;1;
2023-01-20;"2,197.73";"2,179.00";"2,197.42";;1;
2023-01-19;"2,210.10";"2,173.89";"2,173.89";;1;
2023-01-18;"2,234.51";"2,211.74";"2,218.74";;1;
2023-01-17;"2,225.22";"2,209.96";"2,212.83";;1;
2023-01-16;"2,226.08";"2,208.97";"2,225.10";;1;
2023-01-13;"2,225.87";"2,204.74";"2,217.18";;1;
2023-01-12;"2,234.70";"2,200.29";"2,225.27";;1;
2023-01-11;"2,216.88";"2,183.40";"2,207.80";;1;
2023-01-10;"2,184.19";"2,168.61";"2,180.70";;1;
2023-01-09;"2,191.82";"2,160.59";"2,191.82";;1;
2023-01-05;"2,137.54";"2,110.41";"2,137.44";;1;
2023-01-04;"2,120.55";"2,095.51";"2,120.35";;1;
2023-01-03;"2,104.63";"2,069.67";"2,090.03";;1;
2023-01-02;"2,075.76";"2,054.80";"2,075.76";;1;
2022-12-30;"2,072.24";"2,043.23";"2,043.40";;1;
2022-12-29;"2,075.41";"2,042.83";"2,075.31";;1;
2022-12-28;"2,070.41";"2,048.16";"2,052.76";;1;
2022-12-27;"2,079.66";"2,062.80";"2,067.61";;1;
2022-12-23;"2,061.16";"2,043.97";"2,054.33";;1;
2022-12-22;"2,076.70";"2,039.90";"2,043.30";;1;
2022-12-21;"2,066.05";"2,043.07";"2,065.13";;1;
2022-12-20;"2,043.88";"2,023.77";"2,036.42";;1;
2022-12-19;"2,061.94";"2,044.52";"2,047.98";;1;
2022-12-16;"2,084.44";"2,043.73";"2,046.09";;1;
2022-12-15;"2,119.10";"2,079.52";"2,079.52";;1;
2022-12-14;"2,149.81";"2,111.47";"2,139.03";;1;
2022-12-13;"2,162.30";"2,106.80";"2,140.70";;1;
2022-12-12;"2,111.40";"2,095.22";"2,108.92";;1;
2022-12-09;"2,120.76";"2,099.35";"2,116.45";;1;
2022-12-08;"2,099.77";"2,085.68";"2,091.88";;1;
2022-12-07;"2,109.77";"2,082.81";"2,088.43";;1;
2022-12-06;"2,145.21";"2,105.69";"2,111.28";;1;
2022-12-05;"2,145.00";"2,123.89";"2,139.69";;1;
2022-12-01;"2,137.86";"2,115.30";"2,125.09";;1;
2022-11-30;"2,120.35";"2,097.22";"2,102.42";;1;
2022-11-29;"2,108.11";"2,089.86";"2,092.24";;1;
2022-11-28;"2,110.82";"2,092.49";"2,096.38";;1;
2022-11-25;"2,117.67";"2,103.53";"2,116.74";;1;
2022-11-24;"2,118.52";"2,100.52";"2,106.75";;1;
2022-11-23;"2,112.34";"2,098.54";"2,109.84";;1;
2022-11-22;"2,103.35";"2,072.21";"2,096.56";;1;
2022-11-21;"2,093.10";"2,072.39";"2,082.57";;1;
2022-11-18;"2,095.05";"2,069.85";"2,087.37";;1;
2022-11-17;"2,094.77";"2,054.36";"2,067.08";;1;
2022-11-16;"2,110.47";"2,073.65";"2,074.98";;1;
2022-11-15;"2,113.80";"2,086.78";"2,098.01";;1;
2022-11-14;"2,120.60";"2,095.30";"2,107.99";;1;
2022-11-11;"2,121.13";"2,088.57";"2,108.67";;1;
2022-11-09;"2,035.09";"2,018.31";"2,033.12";;1;
2022-11-08;"2,039.04";"2,002.36";"2,035.99";;1;
2022-11-07;"2,014.33";"1,988.25";"2,008.62";;1;
2022-11-04;"1,999.02";"1,966.28";"1,999.01";;1;
2022-11-03;"1,965.65";"1,945.39";"1,960.06";;1;
2022-11-02;"1,991.96";"1,974.04";"1,980.52";;1;
2022-11-01;"1,997.20";"1,969.48";"1,974.99";;1;
2022-10-31;"1,979.00";"1,960.69";"1,968.53";;1;
2022-10-28;"1,978.12";"1,945.20";"1,974.28";;1;
2022-10-27;"1,974.14";"1,956.18";"1,968.23";;1;
2022-10-26;"1,973.58";"1,945.17";"1,970.06";;1;
2022-10-25;"1,966.73";"1,922.01";"1,965.29";;1;
2022-10-24;"1,941.42";"1,905.62";"1,938.73";;1;
2022-10-21;"1,910.30";"1,880.35";"1,901.51";;1;
2022-10-19;"1,962.99";"1,926.44";"1,926.44";;1;
2022-10-18;"1,949.01";"1,922.04";"1,938.56";;1;
2022-10-17;"1,916.28";"1,857.08";"1,908.38";;1;
2022-10-14;"1,893.44";"1,861.79";"1,869.02";;1;
2022-10-12;"1,850.88";"1,826.41";"1,834.36";;1;
2022-10-11;"1,844.64";"1,818.61";"1,834.10";;1;
2022-10-10;"1,858.54";"1,824.02";"1,836.91";;1;
2022-10-07;"1,881.94";"1,839.04";"1,841.77";;1;
2022-10-06;"1,905.38";"1,875.46";"1,883.04";;1;
2022-10-05;"1,907.51";"1,874.84";"1,882.92";;1;
2022-10-04;"1,910.71";"1,855.84";"1,909.64";;1;
2022-09-30;"1,833.33";"1,796.83";"1,828.98";;1;
2022-09-29;"1,828.11";"1,781.87";"1,794.39";;1;
2022-09-28;"1,841.54";"1,791.37";"1,838.77";;1;
2022-09-27;"1,841.74";"1,815.43";"1,829.37";;1;
2022-09-26;"1,834.91";"1,805.49";"1,811.78";;1;
2022-09-23;"1,840.65";"1,799.79";"1,817.96";;1;
2022-09-22;"1,868.42";"1,835.38";"1,837.91";;1;
2022-09-21;"1,882.24";"1,842.25";"1,878.77";;1;
2022-09-20;"1,900.31";"1,856.67";"1,856.67";;1;
2022-09-19;"1,885.92";"1,854.13";"1,877.92";;1;
2022-09-16;"1,901.40";"1,881.51";"1,881.51";;1;
2022-09-15;"1,932.35";"1,908.14";"1,911.79";;1;
2022-09-14;"1,937.20";"1,910.27";"1,916.36";;1;
2022-09-13;"1,985.20";"1,938.23";"1,938.23";;1;
2022-09-12;"1,975.74";"1,941.77";"1,974.54";;1;
2022-09-09;"1,941.10";"1,911.00";"1,934.06";;1;
2022-09-08;"1,916.50";"1,872.95";"1,907.31";;1;
2022-09-07;"1,902.29";"1,875.66";"1,897.76";;1;
2022-09-06;"1,920.57";"1,888.86";"1,903.25";;1;
2022-09-05;"1,901.71";"1,878.37";"1,898.81";;1;
2022-09-02;"1,925.92";"1,882.96";"1,925.04";;1;
2022-09-01;"1,907.13";"1,875.49";"1,875.49";;1;
2022-08-31;"1,951.18";"1,920.23";"1,920.23";;1;
2022-08-30;"1,975.59";"1,936.18";"1,942.43";;1;
2022-08-29;"1,949.49";"1,919.04";"1,940.13";;1;
2022-08-26;"2,000.67";"1,954.97";"1,956.17";;1;
2022-08-25;"1,998.67";"1,975.51";"1,987.32";;1;
2022-08-24;"1,992.44";"1,965.39";"1,983.58";;1;
2022-08-23;"2,005.20";"1,980.23";"1,985.63";;1;
2022-08-22;"2,035.86";"1,995.82";"1,995.99";;1;
2022-08-19;"2,053.17";"2,037.87";"2,037.97";;1;
2022-08-18;"2,057.78";"2,034.10";"2,053.33";;1;
2022-08-17;"2,065.12";"2,031.99";"2,034.76";;1;
2022-08-16;"2,059.31";"2,038.69";"2,058.94";;1;
2022-08-15;"2,046.16";"2,031.01";"2,036.67";;1;
2022-08-12;"2,041.09";"2,027.61";"2,032.51";;1;
2022-08-11;"2,037.55";"2,016.60";"2,024.48";;1;
2022-08-10;"2,025.48";"1,975.19";"2,025.48";;1;
2022-08-09;"2,017.31";"1,981.72";"1,987.68";;1;
2022-08-08;"2,026.87";"2,003.86";"2,017.15";;1;
2022-08-05;"2,029.80";"1,998.49";"1,998.57";;1;
2022-08-04;"2,026.91";"2,009.96";"2,020.83";;1;
2022-08-03;"2,010.62";"1,987.56";"2,005.58";;1;
2022-08-02;"2,004.14";"1,987.58";"1,993.92";;1;
2022-08-01;"2,039.96";"2,000.37";"2,011.11";;1;
2022-07-29;"2,035.43";"2,004.12";"2,032.53";;1;
2022-07-28;"1,996.02";"1,978.45";"1,996.02";;1;
2022-07-27;"1,981.71";"1,965.27";"1,971.38";;1;
2022-07-26;"1,983.44";"1,961.19";"1,962.96";;1;
2022-07-25;"1,981.72";"1,965.92";"1,970.89";;1;
2022-07-22;"1,990.18";"1,962.66";"1,979.70";;1;
2022-07-21;"1,981.92";"1,940.23";"1,975.97";;1;
2022-07-20;"1,978.87";"1,950.96";"1,961.31";;1;
2022-07-19;"1,961.38";"1,904.07";"1,961.12";;1;
2022-07-18;"1,938.32";"1,911.79";"1,930.50";;1;
2022-07-15;"1,906.62";"1,873.95";"1,903.82";;1;
2022-07-14;"1,927.92";"1,885.87";"1,903.51";;1;
2022-07-12;"1,968.81";"1,916.69";"1,968.81";;1;
2022-07-11;"1,952.77";"1,934.87";"1,937.49";;1;
2022-07-08;"1,971.06";"1,943.68";"1,971.04";;1;
2022-07-07;"1,955.12";"1,926.92";"1,954.58";;1;
2022-07-05;"1,911.82";"1,865.14";"1,866.16";;1;
2022-07-04;"1,901.30";"1,881.09";"1,893.56";;1;
2022-07-01;"1,897.18";"1,850.40";"1,875.94";;1;
2022-06-30;"1,887.01";"1,858.12";"1,872.68";;1;
2022-06-29;"1,918.50";"1,895.67";"1,908.31";;1;
2022-06-28;"1,940.62";"1,911.54";"1,913.14";;1;
2022-06-27;"1,930.78";"1,901.11";"1,924.84";;1;
2022-06-24;"1,865.54";"1,865.54";"1,865.54";;1;
2022-06-23;"1,892.04";"1,861.74";"1,865.54";;1;
2022-06-22;"1,898.75";"1,864.53";"1,895.84";;1;
2022-06-21;"1,924.36";"1,900.12";"1,903.38";;1;
2022-06-20;"1,900.29";"1,881.23";"1,895.24";;1;
2022-06-17;"1,911.84";"1,882.92";"1,884.27";;1;
2022-06-16;"1,945.69";"1,883.23";"1,890.33";;1;
2022-06-15;"1,957.67";"1,927.00";"1,946.86";;1;
2022-06-14;"1,973.12";"1,927.03";"1,931.39";;1;
2022-06-13;"1,977.63";"1,948.87";"1,956.50";;1;
2022-06-10;"2,030.76";"1,988.69";"1,990.80";;1;
2022-06-09;"2,071.32";"2,042.19";"2,044.06";;1;
2022-06-08;"2,086.20";"2,059.44";"2,069.93";;1;
2022-06-07;"2,082.71";"2,054.44";"2,074.21";;1;
2022-06-03;"2,092.26";"2,067.72";"2,069.41";;1;
2022-06-02;"2,080.52";"2,047.09";"2,075.68";;1;
2022-06-01;"2,062.95";"2,038.41";"2,041.26";;1;
2022-05-31;"2,074.31";"2,042.64";"2,042.64";;1;
2022-05-30;"2,086.10";"2,069.61";"2,075.28";;1;
2022-05-27;"2,058.10";"2,016.10";"2,058.10";;1;
2022-05-25;"2,019.78";"1,981.82";"1,981.82";;1;
2022-05-24;"2,017.99";"1,995.18";"2,001.10";;1;
2022-05-23;"2,025.14";"1,998.84";"2,018.87";;1;
2022-05-20;"2,020.10";"1,987.78";"1,994.09";;1;
2022-05-19;"1,997.35";"1,967.43";"1,992.40";;1;
2022-05-18;"2,038.75";"2,001.25";"2,002.54";;1;
2022-05-17;"2,039.86";"2,013.88";"2,027.34";;1;
2022-05-16;"2,021.33";"1,996.25";"2,004.49";;1;
2022-05-13;"2,015.90";"1,979.55";"2,011.33";;1;
2022-05-12;"1,976.82";"1,936.37";"1,973.48";;1;
2022-05-11;"1,977.66";"1,943.05";"1,977.47";;1;
2022-05-10;"1,973.59";"1,924.85";"1,943.11";;1;
2022-05-09;"1,958.85";"1,908.97";"1,914.82";;1;
2022-05-06;"1,980.66";"1,939.25";"1,962.00";;1;
2022-05-05;"2,045.18";"1,981.77";"1,985.13";;1;
2022-05-04;"2,033.47";"2,008.97";"2,011.12";;1;
2022-05-03;"2,041.00";"2,024.17";"2,034.46";;1;
2022-05-02;"2,041.74";"1,895.41";"2,020.41";;1;
2022-04-29;"2,075.31";"2,042.98";"2,058.90";;1;
2022-04-28;"2,066.40";"2,024.14";"2,038.56";;1;
2022-04-27;"2,059.76";"2,011.88";"2,048.69";;1;
2022-04-26;"2,079.75";"2,018.33";"2,018.33";;1;
2022-04-25;"2,071.75";"2,041.65";"2,050.64";;1;
2022-04-22;"2,118.33";"2,088.10";"2,094.94";;1;
2022-04-21;"2,143.36";"2,104.42";"2,126.44";;1;
2022-04-20;"2,128.83";"2,095.96";"2,109.10";;1;
2022-04-19;"2,102.92";"2,066.70";"2,097.89";;1;
2022-04-13;"2,107.13";"2,080.21";"2,098.58";;1;
2022-04-12;"2,113.96";"2,063.92";"2,102.20";;1;
2022-04-11;"2,127.66";"2,091.16";"2,097.71";;1;
2022-04-08;"2,133.79";"2,117.08";"2,131.86";;1;
2022-04-07;"2,123.88";"2,095.04";"2,108.04";;1;
2022-04-06;"2,136.14";"2,080.34";"2,101.21";;1;
2022-04-05;"2,149.03";"2,123.91";"2,132.52";;1;
2022-04-04;"2,142.33";"2,101.18";"2,136.44";;1;
2022-04-01;"2,122.13";"2,086.17";"2,119.62";;1;
2022-03-31;"2,140.75";"2,092.78";"2,095.17";;1;
2022-03-30;"2,148.38";"2,107.68";"2,130.30";;1;
2022-03-29;"2,175.17";"2,134.84";"2,154.38";;1;
2022-03-28;"2,139.01";"2,113.83";"2,124.93";;1;
2022-03-25;"2,135.18";"2,100.20";"2,106.52";;1;
2022-03-24;"2,158.66";"2,127.53";"2,134.16";;1;
2022-03-23;"2,190.66";"2,140.73";"2,155.64";;1;
2022-03-22;"2,193.88";"2,169.22";"2,182.78";;1;
2022-03-21;"2,188.22";"2,166.49";"2,181.05";;1;
2022-03-18;"2,178.83";"2,148.61";"2,178.83";;1;
2022-03-17;"2,186.82";"2,144.69";"2,159.00";;1;
2022-03-16;"2,172.45";"2,121.45";"2,167.15";;1;
2022-03-15;"2,094.67";"2,044.99";"2,085.08";;1;
2022-03-14;"2,115.07";"2,077.14";"2,096.44";;1;
2022-03-11;"2,098.20";"2,043.76";"2,070.80";;1;
2022-03-10;"2,059.90";"2,018.19";"2,038.92";;1;
2022-03-09;"2,041.93";"2,000.43";"2,041.62";;1;
2022-03-08;"2,019.91";"1,945.51";"1,972.04";;1;
2022-03-07;"2,014.25";"1,902.22";"1,980.35";;1;
2022-03-04;"2,039.33";"1,982.43";"1,985.54";;1;
2022-03-03;"2,100.21";"2,044.22";"2,048.51";;1;
2022-03-02;"2,107.06";"2,041.24";"2,096.53";;1;
2022-03-01;"2,135.07";"2,084.93";"2,084.93";;1;
2022-02-28;"2,135.22";"2,083.61";"2,134.07";;1;
2022-02-25;"2,143.92";"2,074.74";"2,141.52";;1;
2022-02-24;"2,094.76";"2,038.30";"2,078.06";;1;
2022-02-23;"2,181.54";"2,139.68";"2,142.03";;1;
2022-02-22;"2,175.99";"2,108.69";"2,157.92";;1;
2022-02-21;"2,212.63";"2,140.62";"2,159.30";;1;
2022-02-18;"2,231.17";"2,190.13";"2,197.72";;1;
2022-02-17;"2,272.57";"2,224.25";"2,229.15";;1;
2022-02-16;"2,290.95";"2,256.76";"2,263.41";;1;
2022-02-15;"2,285.87";"2,234.00";"2,282.06";;1;
2022-02-14;"2,247.55";"2,210.58";"2,240.97";;1;
2022-02-11;"2,304.41";"2,284.33";"2,293.77";;1;
2022-02-10;"2,324.67";"2,299.65";"2,314.26";;1;
2022-02-09;"2,320.46";"2,283.64";"2,313.14";;1;
2022-02-08;"2,291.32";"2,262.46";"2,274.40";;1;
2022-02-07;"2,282.05";"2,252.12";"2,278.64";;1;
2022-02-04;"2,300.25";"2,250.14";"2,254.30";;1;
2022-02-03;"2,323.12";"2,275.98";"2,277.67";;1;
2022-02-02;"2,331.91";"2,317.65";"2,324.48";;1;
2022-02-01;"2,321.64";"2,304.10";"2,313.20";;1;
2022-01-31;"2,302.16";"2,281.30";"2,290.16";;1;
2022-01-28;"2,271.87";"2,232.12";"2,266.82";;1;
2022-01-27;"2,290.02";"2,242.22";"2,270.12";;1;
2022-01-26;"2,297.90";"2,257.04";"2,286.11";;1;
2022-01-25;"2,262.95";"2,225.73";"2,239.72";;1;
2022-01-24;"2,302.24";"2,211.43";"2,223.99";;1;
2022-01-21;"2,331.67";"2,296.10";"2,314.06";;1;
2022-01-20;"2,359.63";"2,325.38";"2,354.51";;1;
2022-01-19;"2,355.27";"2,306.98";"2,332.96";;1;
2022-01-18;"2,351.50";"2,309.86";"2,322.80";;1;
2022-01-17;"2,372.94";"2,353.46";"2,363.12";;1;
2022-01-14;"2,383.50";"2,356.00";"2,358.29";;1;
2022-01-13;"2,405.24";"2,386.56";"2,397.96";;1;
2022-01-12;"2,405.00";"2,374.59";"2,399.18";;1;
2022-01-11;"2,387.13";"2,365.11";"2,379.19";;1;
2022-01-10;"2,415.91";"2,346.57";"2,352.73";;1;
2022-01-05;"2,460.71";"2,442.81";"2,442.81";;1;
2022-01-04;"2,466.93";"2,450.63";"2,456.17";;1;
2022-01-03;"2,450.68";"2,424.04";"2,444.19";;1;
2021-12-30;"2,425.20";"2,415.16";"2,419.73";;1;
2021-12-29;"2,424.06";"2,410.76";"2,418.90";;1;
2021-12-28;"2,422.44";"2,406.25";"2,420.47";;1;
2021-12-27;"2,410.40";"2,377.76";"2,406.61";;1;
2021-12-23;"2,385.66";"2,345.97";"2,385.63";;1;
2021-12-22;"2,334.81";"2,312.48";"2,334.81";;1;
2021-12-21;"2,319.52";"2,302.51";"2,319.52";;1;
2021-12-20;"2,291.26";"2,257.79";"2,285.72";;1;
2021-12-17;"2,309.61";"2,286.63";"2,305.92";;1;
2021-12-16;"2,333.19";"2,304.52";"2,311.03";;1;
2021-12-15;"2,302.02";"2,280.77";"2,293.46";;1;
2021-12-14;"2,329.74";"2,283.20";"2,286.37";;1;
2021-12-13;"2,342.51";"2,309.45";"2,310.35";;1;
2021-12-10;"2,328.72";"2,308.44";"2,315.73";;1;
2021-12-09;"2,340.72";"2,317.45";"2,323.89";;1;
2021-12-08;"2,352.68";"2,321.15";"2,326.55";;1;
2021-12-07;"2,338.68";"2,304.50";"2,334.85";;1;
2021-12-06;"2,288.66";"2,247.79";"2,285.53";;1;
2021-12-03;"2,283.67";"2,238.29";"2,240.83";;1;
2021-12-02;"2,276.13";"2,243.67";"2,263.20";;1;
2021-12-01;"2,292.88";"2,252.04";"2,290.72";;1;
2021-11-30;"2,273.99";"2,229.50";"2,241.66";;1;
2021-11-29;"2,286.21";"2,255.36";"2,272.27";;1;
2021-11-26;"2,279.66";"2,241.65";"2,242.18";;1;
2021-11-25;"2,348.46";"2,326.98";"2,335.59";;1;
2021-11-24;"2,352.65";"2,324.46";"2,336.50";;1;
2021-11-23;"2,357.61";"2,331.72";"2,334.31";;1;
2021-11-22;"2,384.43";"2,368.57";"2,368.57";;1;
2021-11-19;"2,389.11";"2,356.40";"2,373.92";;1;
2021-11-18;"2,387.14";"2,366.83";"2,373.04";;1;
2021-11-17;"2,384.10";"2,364.89";"2,384.10";;1;
2021-11-16;"2,390.34";"2,368.97";"2,385.63";;1;
2021-11-15;"2,374.71";"2,358.13";"2,374.47";;1;
2021-11-12;"2,366.46";"2,345.25";"2,365.45";;1;
2021-11-11;"2,351.03";"2,328.57";"2,346.46";;1;
2021-11-10;"2,333.17";"2,316.64";"2,331.42";;1;
2021-11-09;"2,338.95";"2,321.54";"2,327.12";;1;
2021-11-08;"2,337.23";"2,319.60";"2,331.85";;1;
2021-11-05;"2,333.64";"2,322.56";"2,324.90";;1;
2021-11-04;"2,331.92";"2,320.41";"2,330.07";;1;
2021-11-03;"2,317.67";"2,295.37";"2,317.67";;1;
2021-11-02;"2,303.91";"2,288.36";"2,302.67";;1;
2021-11-01;"2,310.61";"2,295.77";"2,302.26";;1;
2021-10-29;"2,303.10";"2,275.36";"2,290.85";;1;
2021-10-28;"2,316.02";"2,301.61";"2,313.24";;1;
2021-10-27;"2,339.78";"2,320.90";"2,323.17";;1;
2021-10-26;"2,352.24";"2,324.55";"2,344.20";;1;
2021-10-25;"2,353.63";"2,326.72";"2,330.13";;1;
2021-10-22;"2,352.04";"2,316.16";"2,348.84";;1;
2021-10-21;"2,328.07";"2,307.54";"2,325.15";;1;
2021-10-20;"2,326.74";"2,304.34";"2,326.25";;1;
2021-10-19;"2,329.64";"2,314.15";"2,326.66";;1;
2021-10-18;"2,326.44";"2,303.15";"2,311.70";;1;
2021-10-15;"2,318.79";"2,298.75";"2,314.98";;1;
2021-10-14;"2,298.10";"2,282.01";"2,296.77";;1;
2021-10-13;"2,280.98";"2,235.67";"2,276.95";;1;
2021-10-12;"2,252.40";"2,204.62";"2,251.01";;1;
2021-10-11;"2,234.74";"2,215.36";"2,233.52";;1;
2021-10-08;"2,259.29";"2,234.72";"2,240.22";;1;
2021-10-07;"2,260.48";"2,237.77";"2,257.74";;1;
2021-10-06;"2,239.83";"2,203.58";"2,221.06";;1;
2021-10-05;"2,254.84";"2,223.66";"2,254.84";;1;
2021-10-04;"2,254.38";"2,228.52";"2,233.30";;1;
2021-10-01;"2,256.59";"2,218.20";"2,254.18";;1;
2021-09-30;"2,278.19";"2,249.46";"2,259.18";;1;
2021-09-29;"2,275.31";"2,250.19";"2,255.55";;1;
2021-09-28;"2,299.84";"2,253.66";"2,254.02";;1;
2021-09-27;"2,333.65";"2,300.58";"2,304.01";;1;
2021-09-24;"2,332.38";"2,309.11";"2,313.27";;1;
2021-09-23;"2,340.10";"2,316.99";"2,338.00";;1;
2021-09-22;"2,302.82";"2,284.50";"2,299.15";;1;
2021-09-21;"2,294.45";"2,273.44";"2,274.88";;1;
2021-09-20;"2,299.81";"2,257.32";"2,272.46";;1;
2021-09-17;"2,361.03";"2,321.47";"2,323.55";;1;
2021-09-16;"2,354.49";"2,328.63";"2,344.03";;1;
2021-09-15;"2,342.86";"2,318.63";"2,324.75";;1;
2021-09-14;"2,342.72";"2,326.67";"2,341.77";;1;
2021-09-13;"2,358.23";"2,335.23";"2,335.34";;1;
2021-09-10;"2,364.30";"2,347.51";"2,349.67";;1;
2021-09-09;"2,367.71";"2,327.57";"2,353.39";;1;
2021-09-08;"2,362.88";"2,341.36";"2,347.16";;1;
2021-09-07;"2,394.19";"2,369.80";"2,377.94";;1;
2021-09-06;"2,398.15";"2,377.57";"2,394.26";;1;
2021-09-03;"2,392.97";"2,369.73";"2,369.73";;1;
2021-09-02;"2,390.19";"2,369.66";"2,388.40";;1;
2021-09-01;"2,375.29";"2,356.99";"2,368.67";;1;
2021-08-31;"2,379.83";"2,347.61";"2,351.25";;1;
2021-08-30;"2,380.79";"2,366.61";"2,372.81";;1;
2021-08-27;"2,376.03";"2,364.35";"2,373.14";;1;
2021-08-26;"2,374.67";"2,361.90";"2,371.70";;1;
2021-08-25;"2,376.61";"2,362.33";"2,376.16";;1;
2021-08-24;"2,381.18";"2,358.58";"2,367.05";;1;
2021-08-23;"2,379.57";"2,356.28";"2,371.55";;1;
2021-08-20;"2,364.81";"2,319.53";"2,360.50";;1;
2021-08-19;"2,350.45";"2,314.08";"2,330.30";;1;
2021-08-18;"2,393.64";"2,367.98";"2,371.37";;1;
2021-08-17;"2,386.31";"2,363.11";"2,383.45";;1;
2021-08-16;"2,397.08";"2,368.66";"2,373.55";;1;
2021-08-13;"2,412.62";"2,403.80";"2,407.04";;1;
2021-08-12;"2,406.31";"2,395.47";"2,405.53";;1;
2021-08-11;"2,404.36";"2,388.30";"2,401.49";;1;
2021-08-10;"2,395.28";"2,385.76";"2,393.74";;1;
2021-08-09;"2,385.70";"2,367.51";"2,384.76";;1;
2021-08-06;"2,396.41";"2,379.68";"2,380.46";;1;
2021-08-05;"2,403.67";"2,390.39";"2,393.68";;1;
2021-08-04;"2,397.29";"2,382.30";"2,393.10";;1;
2021-08-03;"2,383.75";"2,370.65";"2,380.14";;1;
2021-08-02;"2,392.69";"2,374.71";"2,381.66";;1;
2021-07-30;"2,373.99";"2,353.14";"2,369.89";;1;
2021-07-29;"2,392.46";"2,379.77";"2,384.19";;1;
2021-07-28;"2,384.77";"2,373.62";"2,381.89";;1;
2021-07-27;"2,385.72";"2,366.99";"2,375.97";;1;
2021-07-26;"2,392.76";"2,375.11";"2,387.66";;1;
2021-07-23;"2,384.80";"2,357.84";"2,384.69";;1;
2021-07-22;"2,357.14";"2,341.02";"2,352.35";;1;
2021-07-21;"2,338.73";"2,316.78";"2,334.37";;1;
2021-07-20;"2,310.20";"2,281.93";"2,303.54";;1;
2021-07-19;"2,330.48";"2,280.54";"2,287.46";;1;
2021-07-16;"2,355.06";"2,332.12";"2,338.80";;1;
2021-07-15;"2,364.99";"2,337.81";"2,344.49";;1;
2021-07-14;"2,358.68";"2,338.42";"2,356.34";;1;
2021-07-13;"2,353.30";"2,333.69";"2,349.19";;1;
2021-07-12;"2,338.10";"2,313.21";"2,337.73";;1;
2021-07-09;"2,321.35";"2,299.02";"2,319.53";;1;
2021-07-08;"2,321.23";"2,279.12";"2,289.94";;1;
2021-07-07;"2,326.07";"2,299.73";"2,326.07";;1;
2021-07-06;"2,312.77";"2,285.04";"2,288.70";;1;
2021-07-05;"2,299.32";"2,271.94";"2,299.07";;1;
2021-07-02;"2,299.01";"2,279.87";"2,288.93";;1;
2021-07-01;"2,279.49";"2,254.42";"2,273.89";;1;
2021-06-30;"2,285.85";"2,249.02";"2,263.13";;1;
2021-06-29;"2,282.33";"2,256.31";"2,279.75";;1;
2021-06-28;"2,276.98";"2,254.02";"2,256.34";;1;
2021-06-24;"2,271.54";"2,245.22";"2,270.94";;1;
2021-06-23;"2,275.13";"2,242.24";"2,242.24";;1;
2021-06-22;"2,274.09";"2,253.64";"2,268.00";;1;
2021-06-21;"2,270.07";"2,227.25";"2,265.87";;1;
2021-06-18;"2,285.85";"2,245.20";"2,248.02";;1;
2021-06-17;"2,283.99";"2,269.55";"2,272.81";;1;
2021-06-16;"2,293.28";"2,273.79";"2,286.41";;1;
2021-06-15;"2,298.11";"2,278.15";"2,280.07";;1;
2021-06-14;"2,300.38";"2,274.65";"2,284.64";;1;
2021-06-11;"2,281.40";"2,263.33";"2,278.60";;1;
2021-06-10;"2,273.25";"2,260.52";"2,267.92";;1;
2021-06-09;"2,278.25";"2,264.84";"2,272.29";;1;
2021-06-08;"2,281.57";"2,261.60";"2,274.88";;1;
2021-06-07;"2,280.01";"2,265.70";"2,267.71";;1;
2021-06-04;"2,286.85";"2,262.44";"2,271.43";;1;
2021-06-03;"2,274.02";"2,248.68";"2,273.35";;1;
2021-06-02;"2,275.75";"2,259.44";"2,268.80";;1;
2021-06-01;"2,274.99";"2,250.76";"2,264.53";;1;
2021-05-31;"2,259.64";"2,241.87";"2,241.87";;1;
2021-05-28;"2,258.93";"2,240.89";"2,255.45";;1;
2021-05-27;"2,251.52";"2,221.39";"2,244.46";;1;
2021-05-26;"2,252.57";"2,220.65";"2,227.07";;1;
2021-05-25;"2,254.42";"2,241.39";"2,243.17";;1;
2021-05-24;"2,248.48";"2,235.77";"2,245.04";;1;
2021-05-21;"2,249.46";"2,226.89";"2,240.84";;1;
2021-05-20;"2,241.17";"2,204.47";"2,240.28";;1;
2021-05-19;"2,226.66";"2,189.48";"2,201.51";;1;
2021-05-18;"2,254.30";"2,239.69";"2,249.68";;1;
2021-05-17;"2,253.59";"2,220.08";"2,230.40";;1;
2021-05-14;"2,248.73";"2,212.36";"2,247.88";;1;
2021-05-12;"2,215.69";"2,191.44";"2,205.79";;1;
2021-05-11;"2,249.63";"2,188.51";"2,193.76";;1;
2021-05-10;"2,268.43";"2,248.06";"2,265.01";;1;
2021-05-07;"2,269.44";"2,247.44";"2,260.13";;1;
2021-05-06;"2,256.80";"2,227.35";"2,246.61";;1;
2021-05-05;"2,255.53";"2,213.72";"2,255.49";;1;
2021-05-04;"2,239.69";"2,191.48";"2,194.58";;1;
2021-05-03;"2,238.41";"2,211.73";"2,231.59";;1;
2021-04-30;"2,243.12";"2,217.02";"2,217.02";;1;
2021-04-29;"2,257.41";"2,230.83";"2,232.84";;1;
2021-04-28;"2,266.22";"2,223.17";"2,239.25";;1;
2021-04-27;"2,262.84";"2,237.56";"2,262.84";;1;
2021-04-26;"2,247.68";"2,234.58";"2,244.36";;1;
2021-04-23;"2,241.03";"2,220.72";"2,240.95";;1;
2021-04-22;"2,241.35";"2,222.42";"2,232.42";;1;
2021-04-21;"2,229.66";"2,210.67";"2,228.29";;1;
2021-04-20;"2,261.53";"2,197.46";"2,204.81";;1;
2021-04-19;"2,284.84";"2,256.35";"2,257.60";;1;
2021-04-16;"2,280.50";"2,238.15";"2,280.50";;1;
2021-04-15;"2,246.04";"2,232.24";"2,242.98";;1;
2021-04-14;"2,246.04";"2,223.52";"2,228.16";;1;
2021-04-13;"2,250.25";"2,231.05";"2,247.21";;1;
2021-04-12;"2,246.43";"2,231.62";"2,235.73";;1;
2021-04-09;"2,250.40";"2,236.81";"2,250.40";;1;
2021-04-08;"2,247.66";"2,236.14";"2,240.40";;1;
2021-04-07;"2,232.81";"2,221.31";"2,229.56";;1;
2021-04-06;"2,230.27";"2,216.57";"2,230.25";;1;
2021-04-01;"2,207.68";"2,190.04";"2,202.61";;1;
2021-03-31;"2,201.46";"2,188.73";"2,192.86";;1;
2021-03-30;"2,205.48";"2,185.33";"2,205.41";;1;
2021-03-29;"2,200.40";"2,180.29";"2,182.21";;1;
2021-03-26;"2,198.80";"2,177.24";"2,198.80";;1;
2021-03-25;"2,184.22";"2,152.50";"2,173.24";;1;
2021-03-24;"2,185.68";"2,153.36";"2,184.60";;1;
2021-03-23;"2,174.68";"2,150.51";"2,168.12";;1;
2021-03-22;"2,178.75";"2,150.99";"2,174.63";;1;
2021-03-19;"2,181.62";"2,158.72";"2,169.18";;1;
2021-03-18;"2,187.32";"2,170.01";"2,179.99";;1;
2021-03-17;"2,179.84";"2,166.81";"2,172.86";;1;
2021-03-16;"2,184.46";"2,172.32";"2,180.14";;1;
2021-03-15;"2,188.03";"2,158.70";"2,161.83";;1;
2021-03-12;"2,168.96";"2,152.38";"2,168.96";;1;
2021-03-11;"2,167.10";"2,140.15";"2,165.66";;1;
2021-03-10;"2,138.06";"2,113.50";"2,134.46";;1;
2021-03-09;"2,125.11";"2,098.63";"2,124.85";;1;
2021-03-08;"2,106.43";"2,056.67";"2,103.10";;1;
2021-03-05;"2,068.61";"2,042.24";"2,048.57";;1;
2021-03-04;"2,074.29";"2,054.70";"2,065.15";;1;
2021-03-03;"2,082.15";"2,057.16";"2,073.78";;1;
2021-03-02;"2,074.84";"2,049.96";"2,067.10";;1;
2021-03-01;"2,054.77";"2,029.74";"2,054.67";;1;
2021-02-26;"2,030.12";"2,000.62";"2,009.90";;1;
2021-02-25;"2,053.54";"2,035.96";"2,038.93";;1;
2021-02-24;"2,039.39";"2,011.88";"2,037.25";;1;
2021-02-23;"2,036.86";"1,993.28";"2,016.83";;1;
2021-02-22;"2,034.24";"2,016.79";"2,031.04";;1;
2021-02-19;"2,036.97";"2,017.55";"2,036.97";;1;
2021-02-18;"2,025.09";"2,007.48";"2,015.81";;1;
2021-02-17;"2,035.17";"2,011.97";"2,017.26";;1;
2021-02-16;"2,043.97";"2,033.76";"2,038.07";;1;
2021-02-15;"2,041.70";"2,029.08";"2,039.28";;1;
2021-02-12;"2,025.87";"2,004.44";"2,024.72";;1;
2021-02-11;"2,010.07";"1,996.95";"2,010.07";;1;
2021-02-10;"2,009.94";"1,985.74";"1,998.06";;1;
2021-02-09;"2,005.26";"1,992.17";"1,999.19";;1;
2021-02-08;"2,006.68";"1,996.29";"2,002.52";;1;
2021-02-05;"2,008.22";"1,985.95";"1,989.34";;1;
2021-02-04;"2,007.39";"1,995.90";"2,006.33";;1;
2021-02-03;"2,005.75";"1,988.67";"1,997.65";;1;
2021-02-02;"1,993.87";"1,979.60";"1,988.49";;1;
2021-02-01;"1,978.15";"1,954.32";"1,977.81";;1;
2021-01-29;"1,978.65";"1,948.20";"1,948.79";;1;
2021-01-28;"1,979.07";"1,932.48";"1,971.40";;1;
2021-01-27;"1,996.73";"1,958.65";"1,976.20";;1;
2021-01-26;"1,998.41";"1,974.80";"1,991.66";;1;
2021-01-25;"2,000.13";"1,970.82";"1,975.06";;1;
2021-01-22;"1,987.03";"1,974.48";"1,986.24";;1;
2021-01-21;"1,996.44";"1,980.29";"1,987.26";;1;
2021-01-20;"1,985.75";"1,967.06";"1,978.37";;1;
2021-01-19;"1,978.63";"1,956.33";"1,957.85";;1;
2021-01-18;"1,964.14";"1,951.68";"1,962.43";;1;
2021-01-15;"1,973.60";"1,945.84";"1,954.71";;1;
2021-01-14;"1,974.79";"1,963.80";"1,972.22";;1;
2021-01-13;"1,965.67";"1,951.88";"1,962.26";;1;
2021-01-12;"1,960.59";"1,945.02";"1,958.62";;1;
2021-01-11;"1,955.91";"1,939.07";"1,941.49";;1;
2021-01-08;"1,955.24";"1,943.07";"1,949.37";;1;
2021-01-07;"1,941.01";"1,925.03";"1,939.49";;1;
2021-01-05;"1,908.07";"1,885.33";"1,892.35";;1;
2021-01-04;"1,911.20";"1,887.82";"1,895.49";;1;
2020-12-30;"1,894.69";"1,874.74";"1,874.74";;1;
2020-12-29;"1,902.40";"1,888.29";"1,893.06";;1;
2020-12-28;"1,887.47";"1,868.22";"1,886.38";;1;
2020-12-23;"1,867.99";"1,855.89";"1,867.99";;1;
2020-12-22;"1,864.19";"1,848.46";"1,863.28";;1;
2020-12-21;"1,866.93";"1,834.30";"1,845.11";;1;
2020-12-18;"1,898.22";"1,881.07";"1,886.88";;1;
2020-12-17;"1,902.68";"1,883.66";"1,885.18";;1;
2020-12-16;"1,908.01";"1,880.10";"1,892.26";;1;
2020-12-15;"1,899.98";"1,876.28";"1,889.84";;1;
2020-12-14;"1,908.23";"1,888.08";"1,890.65";;1;
2020-12-11;"1,896.39";"1,873.22";"1,891.22";;1;
2020-12-10;"1,927.28";"1,894.88";"1,906.82";;1;
2020-12-09;"1,934.30";"1,922.97";"1,926.42";;1;
2020-12-08;"1,925.50";"1,897.09";"1,925.50";;1;
2020-12-07;"1,920.00";"1,902.44";"1,907.61";;1;
2020-12-04;"1,919.31";"1,908.96";"1,916.94";;1;
2020-12-03;"1,920.14";"1,904.10";"1,912.18";;1;
2020-12-02;"1,925.86";"1,914.11";"1,918.99";;1;
2020-12-01;"1,927.71";"1,913.07";"1,924.00";;1;
2020-11-30;"1,935.11";"1,916.87";"1,917.54";;1;
2020-11-27;"1,938.71";"1,923.90";"1,937.09";;1;
2020-11-26;"1,940.70";"1,929.70";"1,931.97";;1;
2020-11-25;"1,950.81";"1,927.57";"1,931.43";;1;
2020-11-24;"1,938.57";"1,927.25";"1,938.14";;1;
2020-11-23;"1,940.09";"1,921.77";"1,921.77";;1;
2020-11-20;"1,932.99";"1,909.55";"1,926.47";;1;
2020-11-19;"1,921.75";"1,904.87";"1,915.40";;1;
2020-11-18;"1,928.57";"1,910.96";"1,922.53";;1;
2020-11-17;"1,925.32";"1,911.17";"1,922.20";;1;
2020-11-16;"1,926.93";"1,901.78";"1,918.46";;1;
2020-11-13;"1,901.94";"1,882.22";"1,897.30";;1;
2020-11-12;"1,906.78";"1,886.22";"1,892.41";;1;
2020-11-11;"1,908.34";"1,880.30";"1,902.89";;1;
2020-11-10;"1,893.30";"1,873.90";"1,885.54";;1;
2020-11-09;"1,903.18";"1,843.08";"1,888.74";;1;
2020-11-06;"1,827.23";"1,801.67";"1,819.52";;1;
2020-11-05;"1,823.83";"1,805.52";"1,822.21";;1;
2020-11-04;"1,801.02";"1,740.36";"1,795.53";;1;
2020-11-03;"1,774.98";"1,757.57";"1,772.27";;1;
2020-11-02;"1,752.53";"1,710.12";"1,748.42";;1;
2020-10-30;"1,722.77";"1,702.69";"1,717.62";;1;
2020-10-29;"1,733.79";"1,704.80";"1,716.03";;1;
2020-10-28;"1,744.48";"1,715.24";"1,722.66";;1;
2020-10-27;"1,785.32";"1,757.30";"1,764.01";;1;
2020-10-26;"1,808.93";"1,774.94";"1,775.01";;1;
2020-10-23;"1,830.09";"1,814.43";"1,819.94";;1;
2020-10-22;"1,818.30";"1,791.81";"1,816.29";;1;
2020-10-21;"1,849.61";"1,815.59";"1,820.72";;1;
2020-10-20;"1,854.35";"1,836.75";"1,841.59";;1;
2020-10-19;"1,851.43";"1,833.70";"1,841.59";;1;
2020-10-16;"1,841.70";"1,811.82";"1,835.30";;1;
2020-10-15;"1,825.09";"1,802.52";"1,812.95";;1;
2020-10-14;"1,849.00";"1,833.49";"1,840.85";;1;
2020-10-13;"1,856.18";"1,832.16";"1,833.46";;1;
2020-10-12;"1,857.73";"1,841.26";"1,855.39";;1;
2020-10-09;"1,848.56";"1,836.30";"1,840.07";;1;
2020-10-08;"1,850.82";"1,833.78";"1,841.40";;1;
2020-10-07;"1,851.14";"1,836.41";"1,839.22";;1;
2020-10-06;"1,855.57";"1,833.80";"1,839.15";;1;
2020-10-05;"1,842.22";"1,828.27";"1,839.68";;1;
2020-10-02;"1,816.32";"1,790.68";"1,813.69";;1;
2020-10-01;"1,842.00";"1,825.79";"1,830.04";;1;
2020-09-30;"1,841.29";"1,820.80";"1,829.40";;1;
2020-09-29;"1,842.30";"1,827.79";"1,836.60";;1;
2020-09-28;"1,836.95";"1,806.77";"1,834.64";;1;
2020-09-25;"1,789.15";"1,762.43";"1,783.87";;1;
2020-09-24;"1,789.05";"1,767.47";"1,777.51";;1;
2020-09-23;"1,814.53";"1,789.70";"1,795.64";;1;
2020-09-22;"1,793.36";"1,776.85";"1,781.92";;1;
2020-09-21;"1,822.32";"1,769.72";"1,770.61";;1;
2020-09-18;"1,847.36";"1,830.99";"1,835.36";;1;
2020-09-17;"1,836.60";"1,815.40";"1,833.75";;1;
2020-09-16;"1,839.44";"1,821.09";"1,838.26";;1;
2020-09-15;"1,829.37";"1,801.06";"1,818.80";;1;
2020-09-14;"1,816.95";"1,795.54";"1,802.69";;1;
2020-09-11;"1,812.00";"1,792.21";"1,801.46";;1;
2020-09-10;"1,813.76";"1,792.43";"1,802.85";;1;
2020-09-09;"1,812.82";"1,779.38";"1,812.58";;1;
2020-09-08;"1,801.25";"1,768.43";"1,782.60";;1;
2020-09-07;"1,800.91";"1,773.94";"1,799.26";;1;
2020-09-04;"1,792.10";"1,748.57";"1,761.99";;1;
2020-09-03;"1,815.24";"1,755.32";"1,760.61";;1;
2020-09-02;"1,804.50";"1,777.59";"1,782.86";;1;
2020-09-01;"1,786.53";"1,756.51";"1,769.44";;1;
2020-08-31;"1,793.29";"1,766.33";"1,766.33";;1;
2020-08-28;"1,797.52";"1,770.50";"1,776.57";;1;
2020-08-27;"1,805.04";"1,791.91";"1,793.97";;1;
2020-08-26;"1,798.31";"1,776.33";"1,798.31";;1;
2020-08-25;"1,807.20";"1,786.14";"1,786.27";;1;
2020-08-24;"1,792.10";"1,765.95";"1,788.40";;1;
2020-08-21;"1,765.85";"1,738.97";"1,753.13";;1;
2020-08-20;"1,761.51";"1,743.30";"1,751.93";;1;
2020-08-19;"1,775.90";"1,757.94";"1,775.24";;1;
2020-08-18;"1,780.39";"1,755.45";"1,760.09";;1;
2020-08-17;"1,773.60";"1,755.28";"1,773.53";;1;
2020-08-14;"1,781.85";"1,746.88";"1,754.20";;1;
2020-08-13;"1,795.80";"1,779.79";"1,786.80";;1;
2020-08-12;"1,790.92";"1,773.15";"1,788.99";;1;
2020-08-11;"1,792.83";"1,760.64";"1,786.28";;1;
2020-08-10;"1,754.99";"1,740.20";"1,748.91";;1;
2020-08-07;"1,746.05";"1,730.14";"1,740.46";;1;
2020-08-06;"1,750.67";"1,730.50";"1,739.14";;1;
2020-08-05;"1,751.37";"1,736.13";"1,745.49";;1;
2020-08-04;"1,756.66";"1,726.57";"1,734.25";;1;
2020-08-03;"1,751.26";"1,702.33";"1,746.32";;1;
2020-07-31;"1,738.65";"1,706.39";"1,707.35";;1;
2020-07-30;"1,758.40";"1,711.67";"1,720.28";;1;
2020-07-29;"1,762.08";"1,750.42";"1,760.58";;1;
2020-07-28;"1,763.71";"1,744.48";"1,754.25";;1;
2020-07-27;"1,763.08";"1,745.59";"1,760.31";;1;
2020-07-24;"1,761.89";"1,740.03";"1,750.24";;1;
2020-07-23;"1,793.00";"1,776.02";"1,781.10";;1;
2020-07-22;"1,782.13";"1,765.17";"1,779.85";;1;
2020-07-21;"1,797.64";"1,773.21";"1,775.39";;1;
2020-07-20;"1,787.23";"1,766.32";"1,784.54";;1;
2020-07-17;"1,781.10";"1,759.56";"1,770.15";;1;
2020-07-16;"1,761.93";"1,748.28";"1,754.55";;1;
2020-07-15;"1,772.06";"1,742.68";"1,767.85";;1;
2020-07-14;"1,742.00";"1,723.47";"1,738.60";;1;
2020-07-13;"1,745.18";"1,722.94";"1,742.73";;1;
2020-07-10;"1,713.11";"1,691.00";"1,711.62";;1;
2020-07-09;"1,723.70";"1,696.84";"1,697.84";;1;
2020-07-08;"1,725.37";"1,705.73";"1,712.53";;1;
2020-07-07;"1,724.53";"1,711.48";"1,720.45";;1;
2020-07-06;"1,732.25";"1,714.19";"1,730.88";;1;
2020-07-03;"1,710.65";"1,691.51";"1,695.26";;1;
2020-07-02;"1,704.53";"1,682.78";"1,703.82";;1;
2020-07-01;"1,687.93";"1,657.78";"1,675.04";;1;
2020-06-30;"1,679.25";"1,653.23";"1,664.38";;1;
2020-06-29;"1,674.57";"1,650.92";"1,671.53";;1;
2020-06-26;"1,689.71";"1,657.60";"1,657.66";;1;
2020-06-25;"1,662.28";"1,625.88";"1,660.96";;1;
2020-06-24;"1,681.62";"1,641.84";"1,642.91";;1;
2020-06-23;"1,694.27";"1,667.76";"1,683.36";;1;
2020-06-22;"1,668.73";"1,647.26";"1,657.71";;1;
2020-06-18;"1,677.52";"1,659.04";"1,667.93";;1;
2020-06-17;"1,688.87";"1,672.26";"1,677.53";;1;
2020-06-16;"1,677.00";"1,643.54";"1,671.84";;1;
2020-06-15;"1,620.34";"1,571.49";"1,616.14";;1;
2020-06-12;"1,634.23";"1,590.23";"1,609.07";;1;
2020-06-11;"1,658.07";"1,609.06";"1,609.06";;1;
2020-06-10;"1,715.92";"1,687.30";"1,692.32";;1;
2020-06-09;"1,721.67";"1,682.55";"1,696.70";;1;
2020-06-08;"1,729.11";"1,710.33";"1,717.66";;1;
2020-06-05;"1,730.68";"1,706.13";"1,730.51";;1;
2020-06-04;"1,708.63";"1,690.07";"1,700.48";;1;
2020-06-03;"1,709.96";"1,682.52";"1,709.96";;1;
2020-06-02;"1,678.73";"1,654.21";"1,666.98";;1;
2020-06-01;"1,651.28";"1,633.06";"1,649.38";;1;
2020-05-29;"1,645.85";"1,625.70";"1,629.76";;1;
2020-05-28;"1,659.07";"1,630.84";"1,657.58";;1;
2020-05-27;"1,633.79";"1,606.56";"1,623.39";;1;
2020-05-26;"1,609.73";"1,594.33";"1,606.65";;1;
2020-05-25;"1,592.16";"1,564.75";"1,588.60";;1;
2020-05-22;"1,560.07";"1,533.49";"1,555.49";;1;
2020-05-20;"1,565.28";"1,539.84";"1,556.44";;1;
2020-05-19;"1,576.92";"1,545.76";"1,560.28";;1;
2020-05-18;"1,566.21";"1,519.68";"1,566.16";;1;
2020-05-15;"1,508.44";"1,481.89";"1,493.62";;1;
2020-05-14;"1,513.11";"1,461.26";"1,476.52";;1;
2020-05-13;"1,551.53";"1,522.11";"1,522.64";;1;
2020-05-12;"1,572.51";"1,543.77";"1,570.03";;1;
2020-05-11;"1,572.23";"1,542.14";"1,556.49";;1;
2020-05-08;"1,564.65";"1,547.00";"1,563.19";;1;
2020-05-07;"1,540.55";"1,524.24";"1,537.74";;1;
2020-05-06;"1,537.55";"1,520.71";"1,521.40";;1;
2020-05-05;"1,539.40";"1,515.41";"1,538.18";;1;
2020-05-04;"1,531.99";"1,505.21";"1,505.21";;1;
2020-04-30;"1,606.80";"1,577.90";"1,577.92";;1;
2020-04-29;"1,602.34";"1,559.63";"1,600.86";;1;
2020-04-28;"1,571.31";"1,538.26";"1,568.50";;1;
2020-04-27;"1,543.42";"1,528.14";"1,539.51";;1;
2020-04-24;"1,529.19";"1,511.28";"1,514.13";;1;
2020-04-23;"1,547.48";"1,512.68";"1,541.89";;1;
2020-04-22;"1,527.69";"1,503.30";"1,527.63";;1;
2020-04-21;"1,525.60";"1,493.45";"1,493.45";;1;
2020-04-20;"1,548.68";"1,518.12";"1,541.17";;1;
2020-04-17;"1,536.84";"1,520.72";"1,534.55";;1;
2020-04-16;"1,499.91";"1,469.14";"1,483.79";;1;
2020-04-15;"1,534.41";"1,478.82";"1,480.60";;1;
2020-04-14;"1,538.91";"1,516.50";"1,535.84";;1;
2020-04-09;"1,526.95";"1,495.79";"1,498.76";;1;
2020-04-08;"1,502.88";"1,485.02";"1,499.51";;1;
2020-04-07;"1,514.17";"1,483.19";"1,510.85";;1;
2020-04-06;"1,463.06";"1,438.88";"1,461.23";;1;
2020-04-03;"1,430.19";"1,401.12";"1,404.59";;1;
2020-04-02;"1,439.40";"1,400.27";"1,427.19";;1;
2020-04-01;"1,447.97";"1,425.72";"1,425.99";;1;
2020-03-31;"1,487.06";"1,445.35";"1,482.43";;1;
2020-03-30;"1,449.20";"1,394.96";"1,449.20";;1;
2020-03-27;"1,454.45";"1,405.95";"1,419.29";;1;
2020-03-26;"1,470.89";"1,402.86";"1,470.89";;1;
2020-03-25;"1,446.56";"1,362.76";"1,446.56";;1;
2020-03-24;"1,383.88";"1,332.41";"1,383.88";;1;
2020-03-23;"1,351.74";"1,284.48";"1,292.27";;1;
2020-03-20;"1,431.56";"1,355.54";"1,355.54";;1;
2020-03-19;"1,380.58";"1,328.52";"1,380.58";;1;
2020-03-18;"1,364.56";"1,310.96";"1,337.24";;1;
2020-03-17;"1,384.75";"1,295.40";"1,372.79";;1;
2020-03-16;"1,355.88";"1,261.17";"1,329.16";;1;
2020-03-13;"1,469.71";"1,343.88";"1,376.46";;1;
2020-03-12;"1,447.69";"1,344.08";"1,352.13";;1;
2020-03-11;"1,561.44";"1,506.84";"1,511.96";;1;
2020-03-10;"1,604.73";"1,521.84";"1,533.79";;1;
2020-03-09;"1,568.67";"1,511.18";"1,542.44";;1;
2020-03-06;"1,657.13";"1,616.06";"1,629.00";;1;
2020-03-05;"1,723.51";"1,666.77";"1,683.19";;1;
2020-03-04;"1,724.26";"1,687.33";"1,704.20";;1;
2020-03-03;"1,732.03";"1,693.21";"1,694.56";;1;
2020-03-02;"1,711.54";"1,644.33";"1,679.13";;1;
2020-02-28;"1,689.67";"1,646.11";"1,668.84";;1;
2020-02-27;"1,779.72";"1,691.13";"1,721.59";;1;
2020-02-26;"1,787.07";"1,709.32";"1,782.10";;1;
2020-02-25;"1,812.90";"1,766.33";"1,769.14";;1;
2020-02-24;"1,872.00";"1,791.96";"1,798.20";;1;
2020-02-21;"1,896.76";"1,871.22";"1,879.10";;1;
2020-02-20;"1,905.61";"1,896.78";"1,898.93";;1;
2020-02-19;"1,901.13";"1,880.69";"1,900.28";;1;
2020-02-18;"1,888.98";"1,869.27";"1,878.79";;1;
2020-02-17;"1,897.93";"1,885.42";"1,888.35";;1;
2020-02-14;"1,892.15";"1,881.35";"1,885.62";;1;
2020-02-13;"1,887.25";"1,864.05";"1,883.02";;1;
2020-02-12;"1,893.27";"1,879.13";"1,889.75";;1;
2020-02-11;"1,885.50";"1,859.24";"1,884.13";;1;
2020-02-10;"1,860.70";"1,843.47";"1,858.00";;1;
2020-02-07;"1,856.34";"1,841.59";"1,849.86";;1;
2020-02-06;"1,864.32";"1,843.86";"1,851.95";;1;
2020-02-05;"1,854.10";"1,815.32";"1,847.35";;1;
2020-02-04;"1,821.04";"1,785.41";"1,821.04";;1;
2020-02-03;"1,791.59";"1,774.18";"1,782.91";;1;
2020-01-31;"1,806.55";"1,778.08";"1,783.26";;1;
2020-01-30;"1,805.62";"1,771.15";"1,787.96";;1;
2020-01-29;"1,798.52";"1,784.15";"1,791.67";;1;
2020-01-28;"1,791.50";"1,763.45";"1,786.35";;1;
2020-01-27;"1,808.02";"1,766.71";"1,771.48";;1;
2020-01-24;"1,820.75";"1,798.29";"1,812.85";;1;
2020-01-23;"1,809.72";"1,790.97";"1,795.43";;1;
2020-01-22;"1,834.10";"1,810.72";"1,811.76";;1;
2020-01-21;"1,826.62";"1,800.60";"1,825.62";;1;
2020-01-20;"1,829.68";"1,819.80";"1,821.29";;1;
2020-01-17;"1,831.52";"1,813.24";"1,825.94";;1;
2020-01-16;"1,812.30";"1,787.30";"1,812.30";;1;
2020-01-15;"1,794.08";"1,780.88";"1,787.29";;1;
2020-01-14;"1,794.02";"1,772.69";"1,792.90";;1;
2020-01-13;"1,798.06";"1,781.32";"1,790.51";;1;
2020-01-10;"1,800.16";"1,784.28";"1,784.97";;1;
2020-01-09;"1,811.22";"1,793.74";"1,796.73";;1;
2020-01-08;"1,796.79";"1,774.36";"1,795.41";;1;
2020-01-07;"1,805.65";"1,784.86";"1,796.85";;1;
2020-01-03;"1,806.41";"1,778.53";"1,785.23";;1;
2020-01-02;"1,810.20";"1,771.85";"1,808.63";;1;
2019-12-30;"1,798.29";"1,769.19";"1,771.85";;1;
2019-12-27;"1,802.23";"1,792.17";"1,798.04";;1;
2019-12-23;"1,800.69";"1,791.09";"1,795.66";;1;
2019-12-20;"1,795.43";"1,783.08";"1,794.80";;1;
2019-12-19;"1,793.19";"1,779.69";"1,783.29";;1;
2019-12-18;"1,796.08";"1,782.82";"1,787.96";;1;
2019-12-17;"1,791.93";"1,781.84";"1,791.93";;1;
2019-12-16;"1,787.89";"1,767.93";"1,787.66";;1;
2019-12-13;"1,780.69";"1,761.66";"1,770.12";;1;
2019-12-12;"1,760.87";"1,732.23";"1,758.24";;1;
2019-12-11;"1,744.25";"1,723.75";"1,741.62";;1;
2019-12-10;"1,742.77";"1,714.48";"1,735.51";;1;
2019-12-09;"1,750.58";"1,738.83";"1,743.31";;1;
2019-12-06;"1,743.03";"1,723.70";"1,742.61";;1;
2019-12-05;"1,735.86";"1,720.14";"1,723.63";;1;
2019-12-04;"1,726.86";"1,697.73";"1,725.60";;1;
2019-12-03;"1,721.44";"1,692.87";"1,697.68";;1;
2019-12-02;"1,744.74";"1,704.37";"1,706.82";;1;
2019-11-29;"1,737.09";"1,720.85";"1,730.25";;1;
2019-11-28;"1,737.60";"1,729.38";"1,735.30";;1;
2019-11-27;"1,748.94";"1,734.98";"1,737.80";;1;
2019-11-26;"1,744.82";"1,730.89";"1,740.99";;1;
2019-11-25;"1,742.06";"1,726.07";"1,742.04";;1;
2019-11-22;"1,731.98";"1,717.98";"1,724.19";;1;
2019-11-21;"1,726.43";"1,711.27";"1,720.11";;1;
2019-11-20;"1,741.91";"1,727.77";"1,729.06";;1;
2019-11-19;"1,758.30";"1,739.43";"1,743.25";;1;
2019-11-18;"1,763.15";"1,741.40";"1,745.17";;1;
2019-11-15;"1,773.51";"1,742.54";"1,756.86";;1;
2019-11-14;"1,767.85";"1,755.39";"1,757.42";;1;
2019-11-13;"1,773.78";"1,753.08";"1,766.60";;1;
2019-11-12;"1,776.84";"1,758.62";"1,774.72";;1;
2019-11-11;"1,770.96";"1,757.11";"1,763.50";;1;
2019-11-08;"1,773.61";"1,757.28";"1,772.56";;1;
2019-11-07;"1,779.83";"1,763.81";"1,763.81";;1;
2019-11-06;"1,777.82";"1,760.59";"1,762.79";;1;
2019-11-05;"1,773.71";"1,759.64";"1,769.53";;1;
2019-11-04;"1,771.37";"1,740.08";"1,771.03";;1;
2019-11-01;"1,739.80";"1,733.76";"1,737.51";;1;
2019-10-31;"1,750.73";"1,727.89";"1,733.68";;1;
2019-10-30;"1,750.04";"1,736.89";"1,746.81";;1;
2019-10-29;"1,760.26";"1,738.14";"1,742.32";;1;
2019-10-28;"1,761.83";"1,746.32";"1,760.31";;1;
2019-10-25;"1,747.30";"1,732.26";"1,747.30";;1;
2019-10-24;"1,737.46";"1,720.37";"1,736.98";;1;
2019-10-23;"1,726.52";"1,712.77";"1,725.87";;1;
2019-10-22;"1,734.71";"1,724.38";"1,728.22";;1;
2019-10-21;"1,725.31";"1,696.35";"1,724.36";;1;
2019-10-18;"1,699.32";"1,673.51";"1,697.91";;1;
2019-10-17;"1,693.15";"1,677.23";"1,682.87";;1;
2019-10-16;"1,680.99";"1,667.21";"1,677.19";;1;
2019-10-15;"1,675.09";"1,653.22";"1,670.21";;1;
2019-10-14;"1,653.38";"1,639.98";"1,652.58";;1;
2019-10-11;"1,654.51";"1,628.77";"1,653.28";;1;
2019-10-10;"1,630.55";"1,607.07";"1,630.03";;1;
2019-10-09;"1,625.47";"1,599.47";"1,620.00";;1;
2019-10-08;"1,623.38";"1,596.75";"1,605.69";;1;
2019-10-07;"1,619.85";"1,591.22";"1,617.99";;1;
2019-10-04;"1,595.65";"1,581.39";"1,593.98";;1;
2019-10-03;"1,605.54";"1,574.02";"1,588.41";;1;
2019-10-02;"1,634.53";"1,590.65";"1,593.32";;1;
2019-10-01;"1,658.99";"1,631.62";"1,635.64";;1;
2019-09-30;"1,652.09";"1,642.67";"1,647.67";;1;
2019-09-27;"1,646.70";"1,632.32";"1,646.60";;1;
2019-09-26;"1,635.69";"1,614.85";"1,631.61";;1;
2019-09-25;"1,632.19";"1,604.12";"1,620.67";;1;
2019-09-24;"1,643.88";"1,633.09";"1,633.09";;1;
2019-09-23;"1,666.78";"1,629.30";"1,637.66";;1;
2019-09-20;"1,670.24";"1,661.44";"1,666.89";;1;
2019-09-19;"1,666.72";"1,650.68";"1,664.64";;1;
2019-09-18;"1,661.17";"1,646.68";"1,655.11";;1;
2019-09-17;"1,654.80";"1,638.31";"1,649.33";;1;
2019-09-16;"1,661.16";"1,650.50";"1,655.01";;1;
2019-09-13;"1,665.35";"1,651.75";"1,665.35";;1;
2019-09-12;"1,655.69";"1,638.48";"1,651.45";;1;
2019-09-11;"1,639.18";"1,625.83";"1,637.62";;1;
2019-09-10;"1,625.00";"1,606.71";"1,624.98";;1;
2019-09-09;"1,610.78";"1,600.53";"1,610.70";;1;
2019-09-06;"1,602.36";"1,593.87";"1,601.95";;1;
2019-09-05;"1,598.04";"1,581.92";"1,597.34";;1;
2019-09-04;"1,586.23";"1,569.31";"1,581.28";;1;
2019-09-03;"1,575.98";"1,563.07";"1,568.66";;1;
2019-09-02;"1,582.91";"1,568.70";"1,570.19";;1;
2019-08-30;"1,583.16";"1,559.68";"1,576.98";;1;
2019-08-29;"1,558.74";"1,530.05";"1,558.74";;1;
2019-08-28;"1,534.85";"1,515.50";"1,529.13";;1;
2019-08-27;"1,532.47";"1,516.92";"1,530.81";;1;
2019-08-26;"1,525.68";"1,503.58";"1,520.85";;1;
2019-08-23;"1,549.87";"1,522.85";"1,522.85";;1;
2019-08-22;"1,546.84";"1,533.45";"1,535.51";;1;
2019-08-21;"1,550.14";"1,534.94";"1,543.47";;1;
2019-08-20;"1,546.19";"1,533.06";"1,534.34";;1;
2019-08-19;"1,539.66";"1,522.48";"1,538.97";;1;
2019-08-16;"1,519.56";"1,496.94";"1,519.41";;1;
2019-08-15;"1,509.58";"1,476.83";"1,495.71";;1;
2019-08-14;"1,539.35";"1,498.41";"1,500.06";;1;
2019-08-13;"1,548.40";"1,509.61";"1,538.53";;1;
2019-08-12;"1,550.96";"1,528.11";"1,533.06";;1;
2019-08-09;"1,550.35";"1,529.13";"1,531.52";;1;
2019-08-08;"1,550.62";"1,531.92";"1,550.62";;1;
2019-08-07;"1,540.38";"1,516.56";"1,528.19";;1;
2019-08-06;"1,543.93";"1,520.27";"1,523.03";;1;
2019-08-05;"1,566.61";"1,527.75";"1,535.10";;1;
2019-08-02;"1,608.53";"1,565.77";"1,568.70";;1;
2019-08-01;"1,617.99";"1,588.95";"1,612.91";;1;
2019-07-31;"1,604.41";"1,595.12";"1,599.78";;1;
2019-07-30;"1,616.23";"1,592.60";"1,600.26";;1;
2019-07-29;"1,617.22";"1,603.19";"1,614.30";;1;
2019-07-26;"1,614.73";"1,605.90";"1,610.64";;1;
2019-07-25;"1,625.83";"1,596.90";"1,607.20";;1;
2019-07-24;"1,625.54";"1,608.29";"1,613.06";;1;
2019-07-23;"1,627.87";"1,602.22";"1,624.77";;1;
2019-07-22;"1,607.45";"1,598.11";"1,600.88";;1;
2019-07-19;"1,605.42";"1,578.62";"1,605.42";;1;
2019-07-18;"1,600.22";"1,573.55";"1,577.41";;1;
2019-07-17;"1,630.91";"1,598.06";"1,598.06";;1;
2019-07-16;"1,633.72";"1,620.44";"1,630.57";;1;
2019-07-15;"1,639.00";"1,615.59";"1,632.91";;1;
2019-07-12;"1,629.20";"1,613.31";"1,625.62";;1;
2019-07-11;"1,631.35";"1,609.44";"1,613.21";;1;
2019-07-10;"1,636.65";"1,621.55";"1,622.45";;1;
2019-07-09;"1,640.18";"1,625.24";"1,630.88";;1;
2019-07-08;"1,646.38";"1,629.96";"1,642.07";;1;
2019-07-05;"1,652.88";"1,620.18";"1,634.94";;1;
2019-07-04;"1,654.90";"1,648.25";"1,652.25";;1;
2019-07-03;"1,657.09";"1,641.78";"1,648.84";;1;
2019-07-02;"1,648.26";"1,637.98";"1,647.02";;1;
2019-07-01;"1,645.78";"1,622.83";"1,642.00";;1;
2019-06-28;"1,627.01";"1,615.32";"1,622.43";;1;
2019-06-27;"1,621.73";"1,605.08";"1,616.94";;1;
2019-06-26;"1,611.19";"1,596.01";"1,604.23";;1;
2019-06-25;"1,612.94";"1,605.12";"1,607.29";;1;
2019-06-24;"1,635.59";"1,609.32";"1,610.94";;1;
2019-06-20;"1,632.83";"1,617.45";"1,628.29";;1;
2019-06-19;"1,615.81";"1,607.11";"1,612.40";;1;
2019-06-18;"1,612.05";"1,573.14";"1,609.43";;1;
2019-06-17;"1,593.65";"1,582.28";"1,586.53";;1;
2019-06-14;"1,597.38";"1,579.39";"1,589.60";;1;
2019-06-13;"1,604.73";"1,587.06";"1,598.12";;1;
2019-06-12;"1,596.32";"1,580.45";"1,593.60";;1;
2019-06-11;"1,597.43";"1,575.56";"1,593.36";;1;
2019-06-10;"1,584.20";"1,569.32";"1,574.48";;1;
2019-06-07;"1,570.78";"1,543.37";"1,566.14";;1;
2019-06-05;"1,546.75";"1,531.01";"1,542.00";;1;
2019-06-04;"1,537.31";"1,506.39";"1,537.31";;1;
2019-06-03;"1,518.23";"1,494.19";"1,518.23";;1;
2019-05-31;"1,536.63";"1,505.13";"1,510.46";;1;
2019-05-29;"1,562.37";"1,538.11";"1,538.75";;1;
2019-05-28;"1,572.63";"1,555.23";"1,565.12";;1;
2019-05-27;"1,582.46";"1,565.78";"1,568.23";;1;
2019-05-24;"1,579.12";"1,563.18";"1,571.52";;1;
2019-05-23;"1,593.54";"1,558.88";"1,561.17";;1;
2019-05-22;"1,605.75";"1,587.78";"1,595.64";;1;
2019-05-21;"1,605.69";"1,590.89";"1,602.91";;1;
2019-05-20;"1,607.13";"1,582.58";"1,588.90";;1;
2019-05-17;"1,614.44";"1,591.06";"1,606.86";;1;
2019-05-16;"1,615.38";"1,586.25";"1,615.38";;1;
2019-05-15;"1,597.96";"1,574.77";"1,593.32";;1;
2019-05-14;"1,591.12";"1,574.40";"1,590.82";;1;
2019-05-13;"1,603.24";"1,572.85";"1,573.84";;1;
2019-05-10;"1,615.61";"1,593.47";"1,603.37";;1;
2019-05-09;"1,622.45";"1,593.84";"1,596.69";;1;
2019-05-08;"1,624.77";"1,611.50";"1,623.37";;1;
2019-05-07;"1,653.00";"1,613.35";"1,617.85";;1;
2019-05-06;"1,665.89";"1,627.20";"1,649.22";;1;
2019-05-03;"1,676.90";"1,664.05";"1,672.33";;1;
2019-05-02;"1,675.76";"1,662.28";"1,665.45";;1;
2019-04-30;"1,691.43";"1,675.97";"1,676.14";;1;
2019-04-29;"1,694.19";"1,684.32";"1,693.31";;1;
2019-04-26;"1,693.05";"1,680.91";"1,689.04";;1;
2019-04-25;"1,700.35";"1,668.43";"1,689.42";;1;
2019-04-24;"1,686.40";"1,670.41";"1,680.72";;1;
2019-04-23;"1,673.80";"1,661.39";"1,672.18";;1;
2019-04-18;"1,673.03";"1,654.55";"1,670.74";;1;
2019-04-17;"1,660.62";"1,645.35";"1,660.14";;1;
2019-04-16;"1,654.10";"1,642.16";"1,647.52";;1;
2019-04-15;"1,644.98";"1,637.14";"1,642.63";;1;
2019-04-12;"1,642.96";"1,625.36";"1,641.21";;1;
2019-04-11;"1,633.09";"1,620.98";"1,627.03";;1;
2019-04-10;"1,628.74";"1,615.33";"1,628.55";;1;
2019-04-09;"1,633.83";"1,614.01";"1,616.56";;1;
2019-04-08;"1,624.52";"1,615.76";"1,624.52";;1;
2019-04-05;"1,624.28";"1,616.26";"1,622.27";;1;
2019-04-04;"1,622.75";"1,608.94";"1,616.24";;1;
2019-04-03;"1,622.38";"1,596.04";"1,622.38";;1;
2019-04-02;"1,598.71";"1,577.59";"1,593.95";;1;
2019-04-01;"1,580.98";"1,554.92";"1,580.33";;1;
2019-03-29;"1,564.30";"1,545.19";"1,553.42";;1;
2019-03-28;"1,571.17";"1,553.80";"1,559.32";;1;
2019-03-27;"1,579.65";"1,560.49";"1,565.85";;1;
2019-03-26;"1,576.03";"1,565.50";"1,574.16";;1;
2019-03-25;"1,578.63";"1,563.23";"1,573.66";;1;
2019-03-22;"1,610.37";"1,576.87";"1,576.87";;1;
2019-03-21;"1,610.04";"1,595.45";"1,605.03";;1;
2019-03-20;"1,619.75";"1,605.99";"1,605.99";;1;
2019-03-19;"1,622.33";"1,604.32";"1,615.14";;1;
2019-03-18;"1,607.54";"1,595.92";"1,605.01";;1;
2019-03-15;"1,597.61";"1,582.25";"1,595.76";;1;
2019-03-14;"1,590.76";"1,572.83";"1,590.76";;1;
2019-03-13;"1,574.20";"1,561.18";"1,572.80";;1;
2019-03-12;"1,577.52";"1,563.84";"1,565.56";;1;
2019-03-11;"1,571.26";"1,558.72";"1,569.93";;1;
2019-03-08;"1,559.05";"1,546.71";"1,558.63";;1;
2019-03-07;"1,575.50";"1,553.14";"1,558.91";;1;
2019-03-06;"1,588.06";"1,571.46";"1,572.63";;1;
2019-03-05;"1,590.41";"1,575.58";"1,587.97";;1;
2019-03-04;"1,592.68";"1,580.29";"1,587.79";;1;
2019-03-01;"1,585.58";"1,573.86";"1,580.22";;1;
2019-02-28;"1,577.42";"1,558.05";"1,572.68";;1;
2019-02-27;"1,583.17";"1,573.24";"1,576.55";;1;
2019-02-26;"1,589.23";"1,577.16";"1,583.95";;1;
2019-02-25;"1,598.09";"1,581.09";"1,586.55";;1;
2019-02-22;"1,591.81";"1,573.01";"1,588.83";;1;
2019-02-21;"1,591.26";"1,572.65";"1,572.65";;1;
2019-02-20;"1,591.36";"1,578.74";"1,588.61";;1;
2019-02-19;"1,591.96";"1,581.73";"1,587.22";;1;
2019-02-18;"1,588.82";"1,576.66";"1,583.86";;1;
2019-02-15;"1,584.46";"1,555.98";"1,583.82";;1;
2019-02-14;"1,570.62";"1,557.58";"1,562.36";;1;
2019-02-13;"1,562.23";"1,549.57";"1,558.58";;1;
2019-02-12;"1,551.99";"1,542.79";"1,549.41";;1;
2019-02-11;"1,546.16";"1,528.20";"1,542.33";;1;
2019-02-08;"1,536.03";"1,524.29";"1,527.17";;1;
2019-02-07;"1,557.79";"1,529.28";"1,529.28";;1;
2019-02-06;"1,554.05";"1,537.64";"1,551.15";;1;
2019-02-05;"1,544.35";"1,526.35";"1,542.49";;1;
2019-02-04;"1,529.38";"1,520.22";"1,527.19";;1;
2019-02-01;"1,528.29";"1,514.93";"1,525.69";;1;
2019-01-31;"1,526.13";"1,507.25";"1,515.42";;1;
2019-01-30;"1,510.93";"1,497.45";"1,509.50";;1;
2019-01-29;"1,506.00";"1,485.52";"1,502.72";;1;
2019-01-28;"1,505.58";"1,489.44";"1,491.01";;1;
2019-01-25;"1,505.72";"1,487.70";"1,501.12";;1;
2019-01-24;"1,489.70";"1,478.19";"1,488.40";;1;
2019-01-23;"1,486.80";"1,473.46";"1,478.72";;1;
2019-01-22;"1,496.89";"1,480.28";"1,486.32";;1;
2019-01-21;"1,501.28";"1,487.67";"1,493.76";;1;
2019-01-18;"1,499.79";"1,474.62";"1,499.79";;1;
2019-01-17;"1,476.64";"1,458.79";"1,473.89";;1;
2019-01-16;"1,472.81";"1,455.44";"1,468.85";;1;
2019-01-15;"1,471.93";"1,451.23";"1,455.48";;1;
2019-01-14;"1,462.62";"1,454.65";"1,458.13";;1;
2019-01-11;"1,478.64";"1,460.72";"1,465.43";;1;
2019-01-10;"1,472.74";"1,454.90";"1,470.69";;1;
2019-01-09;"1,475.95";"1,458.05";"1,470.51";;1;
2019-01-08;"1,464.02";"1,440.05";"1,457.47";;1;
2019-01-07;"1,446.15";"1,433.62";"1,439.93";;1;
2019-01-04;"1,437.86";"1,395.28";"1,435.29";;1;
2019-01-03;"1,407.86";"1,390.65";"1,393.52";;1;
2019-01-02;"1,410.49";"1,378.20";"1,405.85";;1;
2018-12-28;"1,416.10";"1,387.52";"1,408.74";;1;
2018-12-27;"1,420.50";"1,378.42";"1,384.59";;1;
2018-12-21;"1,418.47";"1,397.99";"1,408.34";;1;
2018-12-20;"1,446.83";"1,419.01";"1,419.01";;1;
2018-12-19;"1,455.84";"1,444.72";"1,450.11";;1;
2018-12-18;"1,457.15";"1,443.08";"1,447.79";;1;
2018-12-17;"1,471.68";"1,450.36";"1,451.95";;1;
2018-12-14;"1,481.72";"1,458.65";"1,471.67";;1;
2018-12-13;"1,497.31";"1,476.80";"1,478.75";;1;
2018-12-12;"1,494.21";"1,465.54";"1,494.21";;1;
2018-12-11;"1,473.66";"1,436.67";"1,465.29";;1;
2018-12-10;"1,453.23";"1,435.55";"1,435.55";;1;
2018-12-07;"1,468.28";"1,438.91";"1,454.03";;1;
2018-12-06;"1,477.90";"1,436.66";"1,436.66";;1;
2018-12-05;"1,502.37";"1,478.91";"1,478.96";;1;
2018-12-04;"1,528.72";"1,506.43";"1,506.43";;1;
2018-12-03;"1,544.39";"1,523.88";"1,529.78";;1;
2018-11-30;"1,519.18";"1,509.22";"1,514.63";;1;
2018-11-29;"1,518.62";"1,501.65";"1,515.38";;1;
2018-11-28;"1,505.74";"1,493.12";"1,500.45";;1;
2018-11-27;"1,505.07";"1,490.76";"1,496.41";;1;
2018-11-26;"1,498.25";"1,480.12";"1,498.25";;1;
2018-11-23;"1,477.65";"1,465.04";"1,477.35";;1;
2018-11-22;"1,478.35";"1,465.22";"1,466.39";;1;
2018-11-21;"1,478.44";"1,456.85";"1,478.44";;1;
2018-11-20;"1,480.30";"1,447.97";"1,456.85";;1;
2018-11-19;"1,509.14";"1,481.90";"1,482.49";;1;
2018-11-16;"1,505.74";"1,489.29";"1,499.43";;1;
2018-11-15;"1,510.07";"1,482.52";"1,489.79";;1;
2018-11-14;"1,518.68";"1,496.86";"1,502.45";;1;
2018-11-13;"1,527.29";"1,505.20";"1,520.26";;1;
2018-11-12;"1,537.99";"1,513.48";"1,514.59";;1;
2018-11-09;"1,535.25";"1,528.58";"1,530.51";;1;
2018-11-08;"1,549.74";"1,534.95";"1,536.79";;1;
2018-11-07;"1,547.42";"1,535.06";"1,538.69";;1;
2018-11-06;"1,541.87";"1,529.40";"1,534.60";;1;
2018-11-05;"1,550.66";"1,534.69";"1,539.01";;1;
2018-11-02;"1,551.79";"1,537.69";"1,551.39";;1;
2018-11-01;"1,541.81";"1,525.08";"1,531.26";;1;
2018-10-31;"1,544.98";"1,519.78";"1,538.22";;1;
2018-10-30;"1,516.00";"1,495.87";"1,516.00";;1;
2018-10-29;"1,517.72";"1,485.86";"1,503.14";;1;
2018-10-26;"1,504.46";"1,473.79";"1,485.27";;1;
2018-10-25;"1,511.33";"1,487.68";"1,506.02";;1;
2018-10-24;"1,523.07";"1,500.24";"1,501.47";;1;
2018-10-23;"1,523.27";"1,499.64";"1,508.88";;1;
2018-10-22;"1,545.36";"1,523.46";"1,526.05";;1;
2018-10-19;"1,546.92";"1,510.69";"1,531.66";;1;
2018-10-18;"1,558.61";"1,542.42";"1,543.87";;1;
2018-10-17;"1,562.78";"1,544.99";"1,548.27";;1;
2018-10-16;"1,554.16";"1,526.67";"1,554.16";;1;
2018-10-15;"1,539.82";"1,521.32";"1,536.10";;1;
2018-10-12;"1,565.54";"1,536.46";"1,536.46";;1;
2018-10-11;"1,591.56";"1,547.15";"1,550.41";;1;
2018-10-10;"1,626.19";"1,591.93";"1,595.13";;1;
2018-10-09;"1,625.77";"1,607.82";"1,624.49";;1;
2018-10-08;"1,634.45";"1,620.82";"1,621.19";;1;
2018-10-05;"1,649.61";"1,633.68";"1,634.86";;1;
2018-10-04;"1,664.80";"1,643.56";"1,648.96";;1;
2018-10-03;"1,677.33";"1,658.73";"1,665.14";;1;
2018-10-02;"1,665.90";"1,650.57";"1,656.90";;1;
2018-10-01;"1,670.35";"1,657.08";"1,667.45";;1;
2018-09-28;"1,674.91";"1,654.20";"1,662.36";;1;
2018-09-27;"1,676.89";"1,649.48";"1,676.37";;1;
2018-09-26;"1,658.83";"1,648.27";"1,658.29";;1;
2018-09-25;"1,658.90";"1,650.38";"1,656.71";;1;
2018-09-24;"1,661.66";"1,652.84";"1,655.01";;1;
2018-09-21;"1,663.34";"1,647.57";"1,662.32";;1;
2018-09-20;"1,646.24";"1,629.62";"1,645.84";;1;
2018-09-19;"1,637.91";"1,626.50";"1,630.50";;1;
2018-09-18;"1,640.71";"1,616.04";"1,625.45";;1;
2018-09-17;"1,644.79";"1,624.64";"1,640.60";;1;
2018-09-14;"1,634.74";"1,622.84";"1,634.74";;1;
2018-09-13;"1,628.87";"1,616.81";"1,621.85";;1;
2018-09-12;"1,631.12";"1,614.30";"1,618.81";;1;
2018-09-11;"1,625.86";"1,609.39";"1,620.39";;1;
2018-09-10;"1,629.48";"1,613.46";"1,624.25";;1;
2018-09-07;"1,634.80";"1,610.72";"1,618.20";;1;
2018-09-06;"1,646.96";"1,627.75";"1,632.42";;1;
2018-09-05;"1,645.29";"1,631.74";"1,631.74";;1;
2018-09-04;"1,663.22";"1,638.51";"1,645.95";;1;
2018-09-03;"1,664.47";"1,656.94";"1,660.14";;1;
2018-08-31;"1,671.41";"1,658.16";"1,658.16";;1;
2018-08-30;"1,678.05";"1,670.06";"1,672.56";;1;
2018-08-29;"1,679.51";"1,669.77";"1,677.22";;1;
2018-08-28;"1,671.44";"1,665.73";"1,671.15";;1;
2018-08-27;"1,665.18";"1,647.38";"1,665.10";;1;
2018-08-24;"1,648.43";"1,642.87";"1,646.87";;1;
2018-08-23;"1,649.24";"1,642.24";"1,643.71";;1;
2018-08-22;"1,645.40";"1,635.45";"1,643.46";;1;
2018-08-21;"1,640.45";"1,630.75";"1,637.60";;1;
2018-08-20;"1,632.65";"1,620.67";"1,630.92";;1;
2018-08-17;"1,623.22";"1,608.93";"1,622.71";;1;
2018-08-16;"1,612.52";"1,595.84";"1,611.33";;1;
2018-08-15;"1,619.16";"1,592.05";"1,593.59";;1;
2018-08-14;"1,621.61";"1,603.35";"1,608.56";;1;
2018-08-13;"1,616.34";"1,607.81";"1,611.80";;1;
2018-08-10;"1,627.44";"1,613.39";"1,616.82";;1;
2018-08-09;"1,631.74";"1,618.72";"1,631.23";;1;
2018-08-08;"1,624.10";"1,614.73";"1,622.63";;1;
2018-08-07;"1,621.26";"1,610.52";"1,619.89";;1;
2018-08-06;"1,616.29";"1,603.82";"1,608.48";;1;
2018-08-03;"1,614.86";"1,599.41";"1,611.95";;1;
2018-08-02;"1,611.26";"1,592.54";"1,598.06";;1;
2018-08-01;"1,622.09";"1,611.48";"1,612.54";;1;
2018-07-31;"1,619.11";"1,610.50";"1,615.60";;1;
2018-07-30;"1,615.40";"1,606.65";"1,611.07";;1;
2018-07-27;"1,615.39";"1,607.63";"1,612.76";;1;
2018-07-26;"1,609.65";"1,595.02";"1,608.80";;1;
2018-07-25;"1,605.28";"1,593.04";"1,593.27";;1;
2018-07-24;"1,605.40";"1,582.32";"1,601.38";;1;
2018-07-23;"1,584.94";"1,573.79";"1,580.50";;1;
2018-07-20;"1,589.89";"1,569.50";"1,579.40";;1;
2018-07-19;"1,589.81";"1,571.15";"1,584.34";;1;
2018-07-18;"1,572.63";"1,557.97";"1,570.42";;1;
2018-07-17;"1,566.75";"1,550.84";"1,556.61";;1;
2018-07-16;"1,555.11";"1,544.56";"1,552.75";;1;
2018-07-13;"1,554.17";"1,542.52";"1,550.88";;1;
2018-07-12;"1,544.18";"1,523.07";"1,541.52";;1;
2018-07-11;"1,547.21";"1,524.75";"1,526.29";;1;
2018-07-10;"1,551.37";"1,540.83";"1,548.38";;1;
2018-07-09;"1,541.61";"1,525.55";"1,541.06";;1;
2018-07-06;"1,535.70";"1,511.83";"1,524.17";;1;
2018-07-05;"1,536.05";"1,521.20";"1,526.60";;1;
2018-07-04;"1,538.03";"1,521.60";"1,522.34";;1;
2018-07-03;"1,548.79";"1,537.30";"1,538.40";;1;
2018-07-02;"1,557.46";"1,533.98";"1,540.86";;1;
2018-06-29;"1,560.74";"1,534.90";"1,558.88";;1;
2018-06-28;"1,543.24";"1,521.24";"1,531.66";;1;
2018-06-27;"1,550.14";"1,514.61";"1,540.88";;1;
2018-06-26;"1,539.40";"1,526.30";"1,529.23";;1;
2018-06-25;"1,553.12";"1,534.48";"1,534.65";;1;
2018-06-21;"1,576.96";"1,548.34";"1,549.55";;1;
2018-06-20;"1,582.27";"1,564.01";"1,572.29";;1;
2018-06-19;"1,565.62";"1,542.38";"1,564.87";;1;
2018-06-18;"1,569.64";"1,550.41";"1,561.65";;1;
2018-06-15;"1,587.64";"1,570.42";"1,570.43";;1;
2018-06-14;"1,591.66";"1,559.40";"1,588.00";;1;
2018-06-13;"1,575.47";"1,563.54";"1,571.07";;1;
2018-06-12;"1,577.04";"1,566.71";"1,572.27";;1;
2018-06-11;"1,571.23";"1,555.79";"1,571.18";;1;
2018-06-08;"1,562.36";"1,542.09";"1,555.87";;1;
2018-06-07;"1,575.74";"1,551.31";"1,555.65";;1;
2018-06-05;"1,572.12";"1,559.05";"1,559.05";;1;
2018-06-04;"1,578.47";"1,561.73";"1,564.73";;1;
2018-06-01;"1,573.36";"1,549.54";"1,569.51";;1;
2018-05-31;"1,572.42";"1,544.83";"1,549.94";;1;
2018-05-30;"1,574.65";"1,559.66";"1,562.54";;1;
2018-05-29;"1,579.50";"1,554.94";"1,572.30";;1;
2018-05-28;"1,598.35";"1,577.43";"1,581.52";;1;
2018-05-25;"1,603.04";"1,584.91";"1,586.98";;1;
2018-05-24;"1,612.78";"1,588.03";"1,593.57";;1;
2018-05-23;"1,621.90";"1,597.76";"1,602.10";;1;
2018-05-22;"1,632.30";"1,617.15";"1,624.44";;1;
2018-05-21;"1,634.76";"1,622.18";"1,626.25";;1;
2018-05-18;"1,627.13";"1,617.86";"1,621.61";;1;
2018-05-17;"1,618.95";"1,602.28";"1,618.95";;1;
2018-05-16;"1,606.70";"1,593.25";"1,602.27";;1;
2018-05-15;"1,608.47";"1,593.16";"1,606.72";;1;
2018-05-14;"1,607.40";"1,593.66";"1,598.58";;1;
2018-05-11;"1,619.79";"1,601.12";"1,603.25";;1;
2018-05-09;"1,623.04";"1,603.06";"1,616.80";;1;
2018-05-08;"1,608.94";"1,591.32";"1,608.94";;1;
2018-05-07;"1,600.45";"1,577.15";"1,597.93";;1;
2018-05-04;"1,577.82";"1,565.61";"1,577.08";;1;
2018-05-03;"1,591.05";"1,564.75";"1,566.96";;1;
2018-05-02;"1,592.12";"1,574.88";"1,590.97";;1;
2018-04-30;"1,582.20";"1,568.68";"1,570.71";;1;
2018-04-27;"1,583.11";"1,571.49";"1,580.78";;1;
2018-04-26;"1,575.23";"1,552.02";"1,573.76";;1;
2018-04-25;"1,574.02";"1,543.26";"1,557.29";;1;
2018-04-24;"1,593.10";"1,571.41";"1,575.40";;1;
2018-04-23;"1,587.65";"1,570.84";"1,587.65";;1;
2018-04-20;"1,576.98";"1,556.89";"1,572.58";;1;
2018-04-19;"1,563.83";"1,551.72";"1,558.23";;1;
2018-04-18;"1,553.88";"1,542.97";"1,552.48";;1;
2018-04-17;"1,548.50";"1,528.53";"1,545.16";;1;
2018-04-16;"1,533.74";"1,524.22";"1,526.27";;1;
2018-04-13;"1,534.04";"1,517.41";"1,526.66";;1;
2018-04-12;"1,520.85";"1,503.86";"1,518.88";;1;
2018-04-11;"1,526.47";"1,498.80";"1,504.71";;1;
2018-04-10;"1,526.99";"1,513.11";"1,526.76";;1;
2018-04-09;"1,527.56";"1,502.45";"1,511.32";;1;
2018-04-06;"1,526.43";"1,508.85";"1,511.37";;1;
2018-04-05;"1,527.44";"1,500.06";"1,527.22";;1;
2018-04-04;"1,511.69";"1,482.22";"1,494.65";;1;
2018-04-03;"1,533.20";"1,504.07";"1,508.80";;1;
2018-03-29;"1,537.25";"1,513.19";"1,535.35";;1;
2018-03-28;"1,512.13";"1,484.14";"1,512.13";;1;
2018-03-27;"1,517.55";"1,495.08";"1,510.11";;1;
2018-03-26;"1,519.79";"1,493.80";"1,496.59";;1;
2018-03-23;"1,520.66";"1,493.12";"1,513.18";;1;
2018-03-22;"1,547.62";"1,508.86";"1,515.84";;1;
2018-03-21;"1,553.18";"1,543.26";"1,549.70";;1;
2018-03-20;"1,556.07";"1,542.30";"1,551.97";;1;
2018-03-19;"1,573.27";"1,545.78";"1,547.41";;1;
2018-03-16;"1,593.43";"1,572.58";"1,573.48";;1;
2018-03-15;"1,592.28";"1,580.19";"1,592.28";;1;
2018-03-14;"1,598.35";"1,578.63";"1,585.31";;1;
2018-03-13;"1,603.34";"1,575.23";"1,578.15";;1;
2018-03-12;"1,602.26";"1,589.17";"1,593.83";;1;
2018-03-09;"1,592.77";"1,580.38";"1,589.62";;1;
2018-03-08;"1,586.22";"1,564.18";"1,585.53";;1;
2018-03-07;"1,564.20";"1,548.01";"1,564.19";;1;
2018-03-06;"1,569.75";"1,551.20";"1,559.94";;1;
2018-03-05;"1,548.03";"1,524.26";"1,547.94";;1;
2018-03-02;"1,559.50";"1,525.37";"1,526.46";;1;
2018-03-01;"1,583.23";"1,560.56";"1,560.56";;1;
2018-02-28;"1,594.51";"1,580.95";"1,583.39";;1;
2018-02-27;"1,595.35";"1,583.52";"1,588.23";;1;
2018-02-26;"1,591.59";"1,578.87";"1,586.96";;1;
2018-02-23;"1,580.14";"1,567.95";"1,577.11";;1;
2018-02-22;"1,575.16";"1,556.50";"1,573.88";;1;
2018-02-21;"1,577.74";"1,557.71";"1,575.12";;1;
2018-02-20;"1,570.36";"1,550.91";"1,569.68";;1;
2018-02-19;"1,562.46";"1,549.01";"1,550.86";;1;
2018-02-16;"1,557.29";"1,545.46";"1,556.93";;1;
2018-02-15;"1,550.28";"1,533.30";"1,542.72";;1;
2018-02-14;"1,533.70";"1,503.37";"1,532.15";;1;
2018-02-13;"1,527.17";"1,513.23";"1,513.27";;1;
2018-02-12;"1,531.86";"1,501.50";"1,521.62";;1;
2018-02-09;"1,523.45";"1,499.74";"1,500.18";;1;
2018-02-08;"1,550.44";"1,519.77";"1,519.77";;1;
2018-02-07;"1,555.29";"1,513.57";"1,551.15";;1;
2018-02-06;"1,535.28";"1,487.95";"1,511.60";;1;
2018-02-05;"1,581.69";"1,545.56";"1,546.33";;1;
2018-02-02;"1,602.02";"1,581.04";"1,584.79";;1;
2018-02-01;"1,610.27";"1,596.00";"1,601.84";;1;
2018-01-31;"1,613.16";"1,592.39";"1,593.15";;1;
2018-01-30;"1,612.24";"1,602.29";"1,603.31";;1;
2018-01-29;"1,620.46";"1,608.51";"1,610.40";;1;
2018-01-26;"1,614.60";"1,601.73";"1,612.63";;1;
2018-01-25;"1,630.00";"1,600.89";"1,604.49";;1;
2018-01-24;"1,645.06";"1,629.98";"1,631.20";;1;
2018-01-23;"1,647.69";"1,636.77";"1,643.71";;1;
2018-01-22;"1,639.05";"1,628.70";"1,635.47";;1;
2018-01-19;"1,631.63";"1,623.63";"1,630.62";;1;
2018-01-18;"1,630.53";"1,619.88";"1,624.78";;1;
2018-01-17;"1,629.67";"1,614.46";"1,622.85";;1;
2018-01-16;"1,630.01";"1,620.46";"1,623.33";;1;
2018-01-15;"1,630.22";"1,622.93";"1,627.29";;1;
2018-01-12;"1,634.58";"1,621.24";"1,628.40";;1;
2018-01-11;"1,632.90";"1,620.52";"1,630.29";;1;
2018-01-10;"1,631.91";"1,621.85";"1,629.29";;1;
2018-01-09;"1,633.96";"1,618.90";"1,632.29";;1;
2018-01-08;"1,622.41";"1,612.98";"1,619.13";;1;
2018-01-05;"1,611.31";"1,604.08";"1,611.31";;1;
2018-01-04;"1,606.71";"1,587.88";"1,603.67";;1;
2018-01-03;"1,591.10";"1,577.61";"1,587.56";;1;
2018-01-02;"1,583.38";"1,573.76";"1,579.82";;1;
2017-12-29;"1,591.58";"1,573.56";"1,576.94";;1;
2017-12-28;"1,594.95";"1,584.25";"1,588.51";;1;
2017-12-27;"1,613.76";"1,589.78";"1,594.99";;1;
2017-12-22;"1,616.22";"1,602.11";"1,606.25";;1;
2017-12-21;"1,616.98";"1,593.26";"1,616.27";;1;
2017-12-20;"1,613.69";"1,597.42";"1,600.29";;1;
2017-12-19;"1,620.57";"1,610.62";"1,611.43";;1;
2017-12-18;"1,616.26";"1,593.71";"1,615.63";;1;
2017-12-15;"1,610.59";"1,585.79";"1,594.35";;1;
2017-12-14;"1,622.08";"1,609.60";"1,609.60";;1;
2017-12-13;"1,624.32";"1,584.53";"1,619.82";;1;
2017-12-12;"1,625.05";"1,612.97";"1,623.75";;1;
2017-12-11;"1,627.94";"1,610.93";"1,619.47";;1;
2017-12-08;"1,621.38";"1,599.57";"1,610.82";;1;
2017-12-07;"1,606.94";"1,594.77";"1,599.29";;1;
2017-12-06;"1,609.21";"1,591.25";"1,595.44";;1;
2017-12-05;"1,620.45";"1,607.03";"1,613.36";;1;
2017-12-04;"1,624.05";"1,595.59";"1,616.80";;1;
2017-12-01;"1,611.07";"1,592.20";"1,592.20";;1;
2017-11-30;"1,624.47";"1,609.10";"1,610.11";;1;
2017-11-29;"1,628.76";"1,613.56";"1,613.56";;1;
2017-11-28;"1,622.11";"1,608.31";"1,620.81";;1;
2017-11-27;"1,618.85";"1,607.15";"1,608.74";;1;
2017-11-24;"1,620.25";"1,606.60";"1,614.62";;1;
2017-11-23;"1,616.79";"1,607.64";"1,612.57";;1;
2017-11-22;"1,637.99";"1,617.52";"1,617.52";;1;
2017-11-21;"1,639.92";"1,618.65";"1,636.65";;1;
2017-11-20;"1,626.02";"1,607.77";"1,623.54";;1;
2017-11-17;"1,633.94";"1,613.90";"1,617.70";;1;
2017-11-16;"1,636.96";"1,624.89";"1,633.66";;1;
2017-11-15;"1,628.48";"1,612.49";"1,627.00";;1;
2017-11-14;"1,635.55";"1,623.09";"1,628.48";;1;
2017-11-13;"1,634.87";"1,618.46";"1,630.51";;1;
2017-11-10;"1,646.15";"1,634.22";"1,634.68";;1;
2017-11-09;"1,662.99";"1,641.19";"1,643.26";;1;
2017-11-08;"1,672.76";"1,657.13";"1,662.99";;1;
2017-11-07;"1,681.67";"1,669.98";"1,670.24";;1;
2017-11-06;"1,681.75";"1,671.60";"1,676.14";;1;
2017-11-03;"1,678.45";"1,672.78";"1,677.65";;1;
2017-11-02;"1,674.77";"1,665.42";"1,672.78";;1;
2017-11-01;"1,681.13";"1,671.32";"1,672.03";;1;
2017-10-31;"1,675.61";"1,662.32";"1,671.63";;1;
2017-10-30;"1,667.26";"1,659.46";"1,662.32";;1;
2017-10-27;"1,666.07";"1,658.79";"1,665.02";;1;
2017-10-26;"1,659.65";"1,641.28";"1,658.79";;1;
2017-10-25;"1,657.42";"1,642.19";"1,649.74";;1;
2017-10-24;"1,661.54";"1,644.73";"1,650.47";;1;
2017-10-23;"1,669.42";"1,660.80";"1,661.54";;1;
2017-10-20;"1,671.41";"1,646.68";"1,667.50";;1;
2017-10-19;"1,647.32";"1,635.46";"1,646.96";;1;
2017-10-18;"1,648.70";"1,634.21";"1,644.73";;1;
2017-10-17;"1,641.30";"1,636.09";"1,636.94";;1;
2017-10-16;"1,644.19";"1,637.37";"1,638.33";;1;
2017-10-13;"1,644.84";"1,638.62";"1,642.49";;1;
2017-10-12;"1,649.42";"1,637.80";"1,644.65";;1;
2017-10-11;"1,647.22";"1,638.22";"1,641.70";;1;
2017-10-10;"1,651.13";"1,642.21";"1,644.34";;1;
2017-10-09;"1,653.76";"1,646.28";"1,647.92";;1;
2017-10-06;"1,655.17";"1,643.20";"1,646.28";;1;
2017-10-05;"1,655.97";"1,646.33";"1,653.15";;1;
2017-10-04;"1,651.73";"1,645.57";"1,651.09";;1;
2017-10-03;"1,650.46";"1,640.65";"1,649.18";;1;
2017-10-02;"1,641.65";"1,634.69";"1,640.65";;1;
2017-09-29;"1,637.82";"1,620.97";"1,637.82";;1;
2017-09-28;"1,627.31";"1,618.85";"1,624.98";;1;
2017-09-27;"1,627.69";"1,610.76";"1,623.77";;1;
2017-09-26;"1,614.12";"1,601.86";"1,610.76";;1;
2017-09-25;"1,608.49";"1,598.84";"1,604.10";;1;
2017-09-22;"1,600.77";"1,591.70";"1,600.77";;1;
2017-09-21;"1,597.56";"1,585.38";"1,596.31";;1;
2017-09-20;"1,588.48";"1,581.90";"1,585.38";;1;
2017-09-19;"1,586.22";"1,580.76";"1,584.43";;1;
2017-09-18;"1,586.82";"1,578.31";"1,582.78";;1;
2017-09-15;"1,591.32";"1,577.29";"1,578.87";;1;
2017-09-14;"1,587.98";"1,578.57";"1,587.52";;1;
2017-09-13;"1,580.90";"1,575.76";"1,580.04";;1;
2017-09-12;"1,581.13";"1,572.13";"1,580.13";;1;
2017-09-11;"1,573.34";"1,552.78";"1,572.16";;1;
2017-09-08;"1,553.23";"1,545.28";"1,552.32";;1;
2017-09-07;"1,553.87";"1,537.74";"1,553.02";;1;
2017-09-06;"1,546.99";"1,536.45";"1,541.27";;1;
2017-09-05;"1,555.85";"1,545.10";"1,546.99";;1;
2017-09-04;"1,558.79";"1,546.31";"1,551.89";;1;
2017-09-01;"1,560.87";"1,546.86";"1,558.79";;1;
2017-08-31;"1,550.55";"1,535.96";"1,546.86";;1;
2017-08-30;"1,537.88";"1,520.90";"1,535.96";;1;
2017-08-29;"1,536.88";"1,517.77";"1,520.90";;1;
2017-08-28;"1,543.80";"1,532.43";"1,536.88";;1;
2017-08-25;"1,551.62";"1,537.97";"1,540.82";;1;
2017-08-24;"1,546.86";"1,537.99";"1,537.99";;1;
2017-08-23;"1,546.82";"1,538.73";"1,542.14";;1;
2017-08-22;"1,543.99";"1,524.25";"1,543.76";;1;
2017-08-21;"1,532.12";"1,519.22";"1,524.25";;1;
2017-08-18;"1,540.09";"1,524.36";"1,532.12";;1;
2017-08-17;"1,552.50";"1,538.72";"1,540.09";;1;
2017-08-16;"1,556.55";"1,543.37";"1,552.16";;1;
2017-08-15;"1,560.50";"1,542.49";"1,543.37";;1;
2017-08-14;"1,556.35";"1,538.96";"1,554.58";;1;
2017-08-11;"1,554.75";"1,535.65";"1,538.96";;1;
2017-08-10;"1,571.12";"1,554.75";"1,554.75";;1;
2017-08-09;"1,581.32";"1,562.77";"1,571.20";;1;
2017-08-08;"1,583.14";"1,571.36";"1,581.32";;1;
2017-08-07;"1,578.88";"1,569.43";"1,575.47";;1;
2017-08-04;"1,577.61";"1,556.68";"1,573.47";;1;
2017-08-03;"1,567.05";"1,554.45";"1,559.66";;1;
2017-08-02;"1,573.45";"1,558.95";"1,563.20";;1;
2017-08-01;"1,569.56";"1,548.19";"1,566.31";;1;
2017-07-31;"1,561.96";"1,548.06";"1,548.19";;1;
2017-07-28;"1,570.79";"1,550.65";"1,557.56";;1;
2017-07-27;"1,581.11";"1,570.24";"1,570.48";;1;
2017-07-26;"1,581.52";"1,565.02";"1,580.22";;1;
2017-07-25;"1,575.32";"1,567.36";"1,568.91";;1;
2017-07-24;"1,583.61";"1,566.88";"1,566.88";;1;
2017-07-21;"1,597.45";"1,574.70";"1,581.37";;1;
2017-07-20;"1,612.52";"1,593.15";"1,597.84";;1;
2017-07-19;"1,618.57";"1,592.51";"1,609.96";;1;
2017-07-18;"1,639.35";"1,605.37";"1,607.36";;1;
2017-07-17;"1,651.63";"1,629.10";"1,639.33";;1;
2017-07-14;"1,649.83";"1,641.41";"1,646.83";;1;
2017-07-13;"1,651.15";"1,640.45";"1,642.49";;1;
2017-07-12;"1,650.70";"1,621.57";"1,650.59";;1;
2017-07-11;"1,631.29";"1,620.69";"1,621.57";;1;
2017-07-10;"1,627.81";"1,617.00";"1,624.81";;1;
2017-07-07;"1,623.17";"1,614.64";"1,617.00";;1;
2017-07-06;"1,627.21";"1,609.98";"1,620.99";;1;
2017-07-05;"1,629.27";"1,614.22";"1,627.21";;1;
2017-07-04;"1,627.29";"1,617.48";"1,621.67";;1;
2017-07-03;"1,628.55";"1,602.70";"1,627.41";;1;
2017-06-30;"1,620.48";"1,602.53";"1,602.53";;1;
2017-06-29;"1,643.72";"1,612.39";"1,613.22";;1;
2017-06-28;"1,630.98";"1,611.80";"1,630.98";;1;
2017-06-27;"1,643.52";"1,628.54";"1,628.54";;1;
2017-06-26;"1,654.88";"1,641.23";"1,643.52";;1;
2017-06-22;"1,645.36";"1,634.19";"1,645.36";;1;
2017-06-21;"1,647.67";"1,631.34";"1,641.71";;1;
2017-06-20;"1,658.87";"1,647.67";"1,647.67";;1;
2017-06-19;"1,655.08";"1,636.78";"1,653.40";;1;
2017-06-16;"1,638.42";"1,625.81";"1,635.93";;1;
2017-06-15;"1,641.52";"1,616.22";"1,624.97";;1;
2017-06-14;"1,657.20";"1,638.38";"1,639.59";;1;
2017-06-13;"1,653.52";"1,638.80";"1,648.61";;1;
2017-06-12;"1,654.65";"1,584.37";"1,638.80";;1;
2017-06-09;"1,656.09";"1,642.20";"1,654.80";;1;
2017-06-08;"1,651.72";"1,640.15";"1,643.77";;1;
2017-06-07;"1,648.47";"1,630.68";"1,640.54";;1;
2017-06-05;"1,649.30";"1,637.85";"1,637.90";;1;
2017-06-02;"1,656.02";"1,644.21";"1,646.67";;1;
2017-06-01;"1,646.81";"1,636.01";"1,641.32";;1;
2017-05-31;"1,650.26";"1,635.29";"1,639.11";;1;
2017-05-30;"1,640.08";"1,623.86";"1,639.74";;1;
2017-05-29;"1,636.02";"1,629.83";"1,631.91";;1;
2017-05-26;"1,640.12";"1,626.44";"1,635.77";;1;
2017-05-24;"1,641.71";"1,634.25";"1,638.89";;1;
2017-05-23;"1,641.77";"1,628.79";"1,641.71";;1;
2017-05-22;"1,635.61";"1,626.02";"1,629.21";;1;
2017-05-19;"1,631.81";"1,616.14";"1,629.21";;1;
2017-05-18;"1,628.52";"1,604.29";"1,615.27";;1;
2017-05-17;"1,653.06";"1,624.55";"1,628.37";;1;
2017-05-16;"1,657.13";"1,646.77";"1,653.06";;1;
2017-05-15;"1,650.73";"1,644.74";"1,649.84";;1;
2017-05-12;"1,647.28";"1,640.79";"1,646.45";;1;
2017-05-11;"1,649.17";"1,637.88";"1,642.02";;1;
2017-05-10;"1,652.14";"1,642.08";"1,649.65";;1;
2017-05-09;"1,654.54";"1,640.07";"1,653.11";;1;
2017-05-08;"1,645.80";"1,629.69";"1,639.49";;1;
2017-05-05;"1,642.04";"1,632.33";"1,642.04";;1;
2017-05-04;"1,640.71";"1,632.91";"1,638.33";;1;
2017-05-03;"1,636.50";"1,626.43";"1,633.99";;1;
2017-05-02;"1,636.51";"1,626.03";"1,636.51";;1;
2017-04-28;"1,627.73";"1,616.33";"1,626.99";;1;
2017-04-27;"1,620.74";"1,614.57";"1,616.58";;1;
2017-04-26;"1,621.94";"1,608.99";"1,620.28";;1;
2017-04-25;"1,620.64";"1,606.89";"1,617.05";;1;
2017-04-24;"1,609.27";"1,574.10";"1,609.27";;1;
2017-04-21;"1,578.26";"1,567.48";"1,573.25";;1;
2017-04-20;"1,571.67";"1,560.93";"1,568.74";;1;
2017-04-19;"1,571.22";"1,552.46";"1,565.73";;1;
2017-04-18;"1,576.71";"1,553.07";"1,557.21";;1;
2017-04-13;"1,575.85";"1,567.41";"1,572.81";;1;
2017-04-12;"1,585.45";"1,571.02";"1,575.02";;1;
2017-04-11;"1,577.63";"1,564.88";"1,570.91";;1;
2017-04-10;"1,572.61";"1,566.05";"1,572.47";;1;
2017-04-07;"1,569.73";"1,553.43";"1,569.67";;1;
2017-04-06;"1,564.07";"1,543.70";"1,564.05";;1;
2017-04-05;"1,568.42";"1,557.09";"1,558.56";;1;
2017-04-04;"1,578.62";"1,564.28";"1,567.30";;1;
2017-04-03;"1,591.13";"1,570.57";"1,571.41";;1;
2017-03-31;"1,590.52";"1,570.22";"1,587.63";;1;
2017-03-30;"1,585.17";"1,572.16";"1,583.88";;1;
2017-03-29;"1,587.08";"1,576.39";"1,584.43";;1;
2017-03-28;"1,581.30";"1,567.85";"1,580.09";;1;
2017-03-27;"1,578.31";"1,556.45";"1,574.51";;1;
2017-03-24;"1,582.04";"1,573.07";"1,579.70";;1;
2017-03-23;"1,581.57";"1,560.84";"1,581.28";;1;
2017-03-22;"1,569.94";"1,551.24";"1,562.96";;1;
2017-03-21;"1,588.63";"1,569.00";"1,570.88";;1;
2017-03-20;"1,587.79";"1,581.40";"1,583.25";;1;
2017-03-17;"1,593.94";"1,578.47";"1,584.97";;1;
2017-03-16;"1,603.06";"1,585.60";"1,593.25";;1;
2017-03-15;"1,590.23";"1,581.22";"1,588.89";;1;
2017-03-14;"1,595.16";"1,576.51";"1,586.00";;1;
2017-03-13;"1,599.83";"1,586.01";"1,594.71";;1;
2017-03-10;"1,595.00";"1,584.09";"1,587.93";;1;
2017-03-09;"1,585.44";"1,572.60";"1,583.73";;1;
2017-03-08;"1,583.22";"1,574.21";"1,578.23";;1;
2017-03-07;"1,578.25";"1,567.59";"1,575.77";;1;
2017-03-06;"1,581.29";"1,571.06";"1,575.52";;1;
2017-03-03;"1,585.61";"1,573.99";"1,581.32";;1;
2017-03-02;"1,594.46";"1,578.27";"1,580.53";;1;
2017-03-01;"1,594.56";"1,570.96";"1,591.37";;1;
2017-02-28;"1,572.73";"1,561.59";"1,570.17";;1;
2017-02-27;"1,577.06";"1,561.64";"1,564.63";;1;
2017-02-24;"1,589.51";"1,563.04";"1,569.86";;1;
2017-02-23;"1,593.61";"1,582.16";"1,588.30";;1;
2017-02-22;"1,593.88";"1,578.55";"1,582.13";;1;
2017-02-21;"1,592.75";"1,570.01";"1,590.09";;1;
2017-02-20;"1,582.78";"1,572.58";"1,576.33";;1;
2017-02-17;"1,578.91";"1,566.47";"1,570.59";;1;
2017-02-16;"1,580.99";"1,572.27";"1,576.33";;1;
2017-02-15;"1,577.73";"1,568.17";"1,574.02";;1;
2017-02-14;"1,573.11";"1,563.74";"1,569.75";;1;
2017-02-13;"1,572.53";"1,563.08";"1,572.18";;1;
2017-02-10;"1,568.21";"1,556.66";"1,562.73";;1;
2017-02-09;"1,557.50";"1,545.69";"1,557.50";;1;
2017-02-08;"1,552.25";"1,540.03";"1,549.24";;1;
2017-02-07;"1,560.71";"1,545.73";"1,550.94";;1;
2017-02-06;"1,558.92";"1,547.39";"1,548.90";;1;
2017-02-03;"1,559.13";"1,550.11";"1,557.31";;1;
2017-02-02;"1,554.58";"1,544.60";"1,551.85";;1;
2017-02-01;"1,554.15";"1,537.47";"1,547.31";;1;
2017-01-31;"1,548.14";"1,528.63";"1,536.75";;1;
2017-01-30;"1,538.50";"1,526.47";"1,528.89";;1;
2017-01-27;"1,553.79";"1,536.77";"1,538.76";;1;
2017-01-26;"1,563.52";"1,551.22";"1,553.89";;1;
2017-01-25;"1,545.99";"1,523.99";"1,545.99";;1;
2017-01-24;"1,522.87";"1,504.91";"1,522.85";;1;
2017-01-23;"1,524.37";"1,503.05";"1,504.69";;1;
2017-01-20;"1,527.38";"1,507.78";"1,525.49";;1;
2017-01-19;"1,521.92";"1,508.48";"1,513.92";;1;
2017-01-18;"1,515.99";"1,503.11";"1,515.99";;1;
2017-01-17;"1,514.58";"1,498.74";"1,507.32";;1;
2017-01-16;"1,518.27";"1,511.07";"1,512.97";;1;
2017-01-13;"1,522.49";"1,504.22";"1,522.49";;1;
2017-01-12;"1,513.24";"1,499.58";"1,503.31";;1;
2017-01-11;"1,517.75";"1,501.03";"1,511.88";;1;
2017-01-10;"1,516.57";"1,506.30";"1,510.09";;1;
2017-01-09;"1,525.38";"1,504.07";"1,509.82";;1;
2017-01-05;"1,530.93";"1,521.88";"1,522.10";;1;
2017-01-04;"1,538.77";"1,527.59";"1,530.93";;1;
2017-01-03;"1,541.20";"1,526.26";"1,534.70";;1;
2017-01-02;"1,530.61";"1,510.67";"1,526.83";;1;
2016-12-30;"1,522.06";"1,511.28";"1,517.20";;1;
2016-12-29;"1,526.70";"1,516.92";"1,518.37";;1;
2016-12-28;"1,532.86";"1,526.29";"1,527.30";;1;
2016-12-27;"1,536.01";"1,525.48";"1,533.31";;1;
2016-12-23;"1,528.42";"1,519.28";"1,525.80";;1;
2016-12-22;"1,525.27";"1,515.61";"1,519.54";;1;
2016-12-21;"1,537.35";"1,521.64";"1,525.47";;1;
2016-12-20;"1,547.86";"1,535.12";"1,536.72";;1;
2016-12-19;"1,552.55";"1,542.03";"1,542.71";;1;
2016-12-16;"1,553.60";"1,544.38";"1,548.20";;1;
2016-12-15;"1,551.14";"1,532.10";"1,550.52";;1;
2016-12-14;"1,551.09";"1,538.63";"1,541.39";;1;
2016-12-13;"1,551.96";"1,535.48";"1,551.00";;1;
2016-12-12;"1,541.00";"1,529.29";"1,537.93";;1;
2016-12-09;"1,538.38";"1,514.16";"1,534.27";;1;
2016-12-08;"1,520.15";"1,503.38";"1,520.15";;1;
2016-12-07;"1,503.98";"1,493.18";"1,503.95";;1;
2016-12-06;"1,492.17";"1,479.69";"1,492.17";;1;
2016-12-05;"1,490.63";"1,462.92";"1,483.29";;1;
2016-12-02;"1,477.92";"1,461.66";"1,470.08";;1;
2016-12-01;"1,482.56";"1,473.35";"1,477.95";;1;
2016-11-30;"1,484.02";"1,466.79";"1,481.14";;1;
2016-11-29;"1,479.07";"1,462.30";"1,467.18";;1;
2016-11-28;"1,491.06";"1,469.88";"1,472.68";;1;
2016-11-25;"1,491.23";"1,478.33";"1,491.23";;1;
2016-11-24;"1,487.72";"1,479.18";"1,484.33";;1;
2016-11-23;"1,488.68";"1,476.36";"1,482.63";;1;
2016-11-22;"1,490.29";"1,478.62";"1,485.05";;1;
2016-11-21;"1,482.12";"1,466.02";"1,478.58";;1;
2016-11-18;"1,478.75";"1,467.70";"1,476.47";;1;
2016-11-17;"1,472.62";"1,454.15";"1,472.05";;1;
2016-11-16;"1,473.83";"1,454.46";"1,458.25";;1;
2016-11-15;"1,467.28";"1,445.50";"1,466.46";;1;
2016-11-14;"1,469.59";"1,438.41";"1,443.08";;1;
2016-11-11;"1,470.52";"1,449.66";"1,451.53";;1;
2016-11-10;"1,479.31";"1,453.68";"1,460.52";;1;
2016-11-09;"1,458.96";"1,391.81";"1,456.71";;1;
2016-11-08;"1,441.37";"1,427.20";"1,439.43";;1;
2016-11-07;"1,434.17";"1,407.88";"1,431.77";;1;
2016-11-04;"1,420.25";"1,404.58";"1,406.10";;1;
2016-11-03;"1,429.76";"1,413.91";"1,421.01";;1;
2016-11-02;"1,431.37";"1,416.50";"1,417.37";;1;
2016-11-01;"1,457.01";"1,431.87";"1,431.87";;1;
2016-10-31;"1,458.96";"1,444.75";"1,446.35";;1;
2016-10-28;"1,461.19";"1,443.07";"1,459.36";;1;
2016-10-27;"1,459.61";"1,445.57";"1,456.55";;1;
2016-10-26;"1,458.80";"1,440.69";"1,454.21";;1;
2016-10-25;"1,461.10";"1,449.89";"1,451.27";;1;
2016-10-24;"1,473.48";"1,454.99";"1,456.79";;1;
2016-10-21;"1,472.06";"1,458.63";"1,464.85";;1;
2016-10-20;"1,467.85";"1,449.38";"1,465.84";;1;
2016-10-19;"1,462.67";"1,448.05";"1,455.27";;1;
2016-10-18;"1,459.94";"1,441.43";"1,458.63";;1;
2016-10-17;"1,447.24";"1,436.66";"1,438.28";;1;
2016-10-14;"1,447.58";"1,430.02";"1,446.00";;1;
2016-10-13;"1,442.50";"1,422.09";"1,426.69";;1;
2016-10-12;"1,459.70";"1,442.50";"1,442.50";;1;
2016-10-11;"1,468.16";"1,454.70";"1,455.41";;1;
2016-10-10;"1,467.78";"1,449.09";"1,467.45";;1;
2016-10-07;"1,458.05";"1,444.90";"1,451.65";;1;
2016-10-06;"1,461.51";"1,452.82";"1,458.38";;1;
2016-10-05;"1,455.22";"1,445.96";"1,452.50";;1;
2016-10-04;"1,456.35";"1,442.63";"1,456.22";;1;
2016-10-03;"1,450.70";"1,437.67";"1,443.46";;1;
2016-09-30;"1,439.08";"1,407.99";"1,439.08";;1;
2016-09-29;"1,442.89";"1,425.38";"1,434.81";;1;
2016-09-28;"1,436.04";"1,422.59";"1,425.24";;1;
2016-09-27;"1,428.70";"1,403.92";"1,421.20";;1;
2016-09-26;"1,436.56";"1,415.20";"1,418.19";;1;
2016-09-23;"1,446.07";"1,432.31";"1,437.52";;1;
2016-09-22;"1,448.05";"1,423.35";"1,446.01";;1;
2016-09-21;"1,434.71";"1,420.14";"1,422.66";;1;
2016-09-20;"1,424.90";"1,415.12";"1,418.44";;1;
2016-09-19;"1,421.48";"1,407.02";"1,419.01";;1;
2016-09-16;"1,415.50";"1,404.02";"1,405.31";;1;
2016-09-15;"1,417.64";"1,401.50";"1,416.83";;1;
2016-09-14;"1,418.13";"1,407.02";"1,409.89";;1;
2016-09-13;"1,427.12";"1,410.79";"1,410.79";;1;
2016-09-12;"1,426.50";"1,400.20";"1,417.36";;1;
2016-09-09;"1,440.88";"1,424.91";"1,426.56";;1;
2016-09-08;"1,443.21";"1,430.53";"1,440.03";;1;
2016-09-07;"1,443.46";"1,435.74";"1,441.52";;1;
2016-09-06;"1,444.72";"1,434.17";"1,435.19";;1;
2016-09-05;"1,443.22";"1,437.47";"1,440.76";;1;
2016-09-02;"1,437.24";"1,418.25";"1,437.24";;1;
2016-09-01;"1,430.60";"1,416.51";"1,417.59";;1;
2016-08-31;"1,429.11";"1,416.00";"1,418.14";;1;
2016-08-30;"1,423.50";"1,411.98";"1,418.43";;1;
2016-08-29;"1,411.98";"1,400.47";"1,411.98";;1;
2016-08-26;"1,414.51";"1,397.97";"1,411.65";;1;
2016-08-25;"1,411.91";"1,401.13";"1,405.08";;1;
2016-08-24;"1,419.24";"1,396.53";"1,412.94";;1;
2016-08-23;"1,408.92";"1,392.48";"1,406.55";;1;
2016-08-22;"1,403.66";"1,387.99";"1,391.47";;1;
2016-08-19;"1,405.77";"1,386.70";"1,393.61";;1;
2016-08-18;"1,405.31";"1,392.74";"1,403.02";;1;
2016-08-17;"1,411.33";"1,389.75";"1,392.05";;1;
2016-08-16;"1,419.66";"1,405.13";"1,406.26";;1;
2016-08-15;"1,424.70";"1,413.82";"1,421.58";;1;
2016-08-12;"1,419.81";"1,410.84";"1,414.21";;1;
2016-08-11;"1,416.90";"1,401.14";"1,416.90";;1;
2016-08-10;"1,410.43";"1,403.96";"1,405.99";;1;
2016-08-09;"1,411.35";"1,382.87";"1,411.35";;1;
2016-08-08;"1,388.44";"1,379.79";"1,385.68";;1;
2016-08-05;"1,381.16";"1,366.14";"1,378.83";;1;
2016-08-04;"1,366.35";"1,354.03";"1,365.85";;1;
2016-08-03;"1,362.28";"1,347.09";"1,352.34";;1;
2016-08-02;"1,380.37";"1,357.43";"1,358.62";;1;
2016-08-01;"1,395.74";"1,374.81";"1,379.46";;1;
2016-07-29;"1,389.83";"1,382.09";"1,386.66";;1;
2016-07-28;"1,393.07";"1,379.78";"1,382.08";;1;
2016-07-27;"1,395.87";"1,383.69";"1,387.51";;1;
2016-07-26;"1,389.95";"1,375.75";"1,382.73";;1;
2016-07-25;"1,397.03";"1,381.26";"1,385.97";;1;
2016-07-22;"1,382.08";"1,372.16";"1,377.47";;1;
2016-07-21;"1,390.46";"1,373.42";"1,381.70";;1;
2016-07-20;"1,386.72";"1,373.65";"1,386.59";;1;
2016-07-19;"1,378.72";"1,360.79";"1,371.90";;1;
2016-07-18;"1,380.06";"1,360.12";"1,368.25";;1;
2016-07-15;"1,377.40";"1,361.11";"1,372.80";;1;
2016-07-14;"1,369.72";"1,356.79";"1,364.92";;1;
2016-07-13;"1,363.40";"1,351.76";"1,356.35";;1;
2016-07-12;"1,358.76";"1,346.39";"1,354.51";;1;
2016-07-11;"1,351.36";"1,328.73";"1,350.09";;1;
2016-07-08;"1,326.76";"1,300.27";"1,326.21";;1;
2016-07-07;"1,313.45";"1,285.06";"1,305.33";;1;
2016-07-06;"1,303.68";"1,275.23";"1,284.58";;1;
2016-07-05;"1,324.93";"1,300.46";"1,303.01";;1;
2016-07-04;"1,345.73";"1,324.86";"1,325.54";;1;
2016-07-01;"1,342.18";"1,325.17";"1,340.26";;1;
2016-06-30;"1,324.38";"1,300.69";"1,323.57";;1;
2016-06-29;"1,309.62";"1,280.69";"1,309.57";;1;
2016-06-28;"1,290.36";"1,247.00";"1,278.52";;1;
2016-06-27;"1,353.23";"1,240.68";"1,246.10";;1;
2016-06-23;"1,366.98";"1,347.43";"1,360.73";;1;
2016-06-22;"1,357.91";"1,338.65";"1,354.60";;1;
2016-06-21;"1,346.92";"1,331.50";"1,344.59";;1;
2016-06-20;"1,340.36";"1,301.39";"1,340.29";;1;
2016-06-17;"1,300.27";"1,280.58";"1,298.38";;1;
2016-06-16;"1,301.27";"1,270.71";"1,278.71";;1;
2016-06-15;"1,306.89";"1,275.89";"1,304.09";;1;
2016-06-14;"1,294.32";"1,270.16";"1,273.97";;1;
2016-06-13;"1,312.79";"1,290.37";"1,294.51";;1;
2016-06-10;"1,343.15";"1,313.36";"1,315.06";;1;
2016-06-09;"1,362.45";"1,343.22";"1,344.00";;1;
2016-06-08;"1,366.56";"1,359.11";"1,361.49";;1;
2016-06-07;"1,369.03";"1,346.99";"1,367.15";;1;
2016-06-03;"1,369.68";"1,338.94";"1,345.44";;1;
2016-06-02;"1,364.12";"1,354.94";"1,359.14";;1;
2016-06-01;"1,369.58";"1,351.90";"1,356.75";;1;
2016-05-31;"1,383.38";"1,368.53";"1,369.48";;1;
2016-05-30;"1,380.44";"1,371.69";"1,379.80";;1;
2016-05-27;"1,379.20";"1,370.39";"1,376.50";;1;
2016-05-26;"1,376.44";"1,364.17";"1,376.15";;1;
2016-05-25;"1,370.45";"1,358.24";"1,367.07";;1;
2016-05-24;"1,358.68";"1,327.56";"1,357.10";;1;
2016-05-23;"1,345.52";"1,332.03";"1,338.97";;1;
2016-05-20;"1,342.99";"1,322.23";"1,342.68";;1;
2016-05-19;"1,340.75";"1,321.80";"1,321.80";;1;
2016-05-18;"1,340.96";"1,322.26";"1,340.93";;1;
2016-05-17;"1,348.46";"1,327.55";"1,331.71";;1;
2016-05-16;"1,336.63";"1,311.61";"1,336.14";;1;
2016-05-13;"1,325.85";"1,304.86";"1,323.18";;1;
2016-05-12;"1,332.70";"1,311.30";"1,312.28";;1;
2016-05-11;"1,338.52";"1,321.79";"1,326.13";;1;
2016-05-10;"1,342.26";"1,328.68";"1,332.58";;1;
2016-05-09;"1,336.61";"1,309.52";"1,328.20";;1;
2016-05-06;"1,317.69";"1,300.90";"1,309.17";;1;
2016-05-04;"1,336.00";"1,318.02";"1,319.17";;1;
2016-05-03;"1,353.48";"1,326.35";"1,335.39";;1;
2016-05-02;"1,365.07";"1,350.62";"1,352.91";;1;
2016-04-29;"1,389.61";"1,357.90";"1,360.71";;1;
2016-04-28;"1,391.26";"1,364.41";"1,389.61";;1;
2016-04-27;"1,395.75";"1,382.12";"1,386.78";;1;
2016-04-26;"1,399.95";"1,386.72";"1,389.80";;1;
2016-04-25;"1,401.34";"1,384.99";"1,389.57";;1;
2016-04-22;"1,408.93";"1,392.57";"1,396.37";;1;
2016-04-21;"1,422.79";"1,402.00";"1,409.49";;1;
2016-04-20;"1,419.80";"1,404.13";"1,419.67";;1;
2016-04-19;"1,413.83";"1,383.34";"1,410.87";;1;
2016-04-18;"1,386.45";"1,364.66";"1,381.89";;1;
2016-04-15;"1,387.11";"1,379.03";"1,381.33";;1;
2016-04-14;"1,396.47";"1,381.52";"1,384.11";;1;
2016-04-13;"1,394.82";"1,368.65";"1,392.59";;1;
2016-04-12;"1,368.64";"1,353.23";"1,366.60";;1;
2016-04-11;"1,376.37";"1,353.57";"1,368.62";;1;
