"Index","OMX.Open","OMX.High","OMX.Low","OMX.Close","OMX.Volume","OMX.Adjusted"
"2008-11-20",594.119995117188,594.119995117188,572.469970703125,587.710021972656,190921000,587.710021972656
"2008-11-21",587.710021972656,594.799987792969,560.940002441406,567.609985351562,188222800,567.609985351562
"2008-11-24",567.609985351562,629.22998046875,567.609985351562,626.460021972656,197755700,626.460021972656
"2008-11-25",626.460021972656,644.549987792969,614.369995117188,634.02001953125,258695400,634.02001953125
"2008-11-26",634.02001953125,638.789978027344,617.489990234375,628.859985351562,192007800,628.859985351562
"2008-11-27",629.22998046875,645.619995117188,629.22998046875,645.510009765625,136886400,645.510009765625
"2008-11-28",645.510009765625,647.880004882812,628.789978027344,641.739990234375,160786800,641.739990234375
"2008-12-01",641.739990234375,642.630004882812,605.409973144531,607.090026855469,117367200,607.090026855469
"2008-12-02",607.090026855469,636.640014648438,591.700012207031,636.640014648438,169186700,636.640014648438
"2008-12-03",636.640014648438,645.369995117188,622.890014648438,643.659973144531,157215200,643.659973144531
"2008-12-04",643.659973144531,664.359985351562,634.039978027344,640.390014648438,178768500,640.390014648438
"2008-12-05",640.390014648438,640.390014648438,603.650024414062,608.640014648438,149741300,608.640014648438
"2008-12-08",608.640014648438,668.969970703125,608.640014648438,666.650024414062,180582100,666.650024414062
"2008-12-09",666.650024414062,692.210021972656,653.760009765625,685.419982910156,230001000,685.419982910156
"2008-12-10",685.419982910156,688.609985351562,672.130004882812,688.330017089844,173708000,688.330017089844
"2008-12-11",688.330017089844,688.330017089844,669.72998046875,676.780029296875,156099700,676.780029296875
"2008-12-12",676.780029296875,676.780029296875,646.27001953125,659.799987792969,0,659.799987792969
"2008-12-15",659.799987792969,672.119995117188,650.5,651.179992675781,119412500,651.179992675781
"2008-12-16",651.179992675781,667,650.25,667,134465800,667
"2008-12-17",667,679.25,655.02001953125,664.340026855469,151976000,664.340026855469
"2008-12-18",664.340026855469,676.97998046875,664.340026855469,672.260009765625,142829400,672.260009765625
"2008-12-19",672.260009765625,672.260009765625,663.030029296875,663.97998046875,138924400,663.97998046875
"2008-12-22",663.97998046875,664.440002441406,650.799987792969,655.630004882812,108986000,655.630004882812
"2008-12-23",655.630004882812,661.409973144531,650.119995117188,659.179992675781,87050200,659.179992675781
"2008-12-29",659.179992675781,665.460021972656,654.47998046875,657.27001953125,59024200,657.27001953125
"2008-12-30",657.27001953125,666.760009765625,657.27001953125,662.330017089844,101104900,662.330017089844
"2009-01-02",662.330017089844,695.719970703125,662.330017089844,693.780029296875,82136800,693.780029296875
"2009-01-05",693.780029296875,704.22998046875,690.619995117188,693.760009765625,52067800,693.760009765625
"2009-01-07",693.760009765625,704.489990234375,693.760009765625,701.409973144531,157104500,701.409973144531
"2009-01-08",701.409973144531,701.409973144531,684.580017089844,695.950012207031,140722700,695.950012207031
"2009-01-09",695.950012207031,695.950012207031,683.409973144531,685.830017089844,126054100,685.830017089844
"2009-01-12",685.830017089844,685.830017089844,666.469970703125,667.969970703125,112056300,667.969970703125
"2009-01-13",667.969970703125,667.969970703125,649.049987792969,656.619995117188,160421100,656.619995117188
"2009-01-14",656.619995117188,662.140014648438,619.700012207031,622.590026855469,204711800,622.590026855469
"2009-01-15",622.590026855469,633.880004882812,612.150024414062,620.320007324219,191447300,620.320007324219
"2009-01-16",620.320007324219,636.75,620.320007324219,628.690002441406,137790300,628.690002441406
"2009-01-19",628.690002441406,638.570007324219,614.330017089844,621.799987792969,151377700,621.799987792969
"2009-01-20",621.799987792969,627.380004882812,595.190002441406,597.760009765625,198244500,597.760009765625
"2009-01-21",597.760009765625,620.140014648438,591.619995117188,615.109985351562,288030500,615.109985351562
"2009-01-22",615.109985351562,627.880004882812,606.390014648438,608.72998046875,189449900,608.72998046875
"2009-01-23",608.72998046875,610.369995117188,591.650024414062,604.119995117188,173789000,604.119995117188
"2009-01-26",604.119995117188,625.02001953125,600.380004882812,623.25,169907200,623.25
"2009-01-27",623.25,624.559997558594,610.809997558594,624.049987792969,179327900,624.049987792969
"2009-01-28",624.049987792969,643.22998046875,624.049987792969,639.289978027344,193605700,639.289978027344
"2009-01-29",639.289978027344,639.289978027344,614.539978027344,616.099975585938,165527300,616.099975585938
"2009-01-30",616.099975585938,627.369995117188,613.390014648438,617.380004882812,179432600,617.380004882812
"2009-02-02",617.5,617.5,595.619995117188,602.080017089844,152123400,602.080017089844
"2009-02-03",602.080017089844,623.640014648438,597.700012207031,622.739990234375,193608800,622.739990234375
"2009-02-04",622.489990234375,649.280029296875,620.669982910156,644.710021972656,243033200,644.710021972656
"2009-02-05",642.710021972656,644,627.679992675781,643.200012207031,207509900,643.200012207031
"2009-02-06",642.700012207031,673.650024414062,642.450012207031,670.539978027344,239748400,670.539978027344
"2009-02-09",670.280029296875,690.510009765625,663.789978027344,688.419982910156,229058400,688.419982910156
"2009-02-10",686.539978027344,687.130004882812,672.780029296875,676.47998046875,200041400,676.47998046875
"2009-02-11",675.349975585938,684.22998046875,665.340026855469,676.349975585938,167024800,676.349975585938
"2009-02-12",675.599975585938,676.059997558594,657.989990234375,672.859985351562,198884800,672.859985351562
"2009-02-13",673.489990234375,685.47998046875,673.359985351562,677.700012207031,189016700,677.700012207031
"2009-02-16",676.820007324219,686.659973144531,671.869995117188,681.609985351562,124512900,681.609985351562
"2009-02-17",680.359985351562,680.72998046875,645.359985351562,647.840026855469,196849600,647.840026855469
"2009-02-18",648.590026855469,655.739990234375,636.070007324219,653.239990234375,215757300,653.239990234375
"2009-02-19",653.5,663.789978027344,646.109985351562,662.450012207031,182275500,662.450012207031
"2009-02-20",661.070007324219,661.190002441406,635.929992675781,636.140014648438,194199100,636.140014648438
"2009-02-23",636.140014648438,636.140014648438,619.130004882812,619.130004882812,0,619.130004882812
"2009-02-24",616.619995117188,629.109985351562,608.570007324219,617.950012207031,204319100,617.950012207031
"2009-02-25",619.580017089844,633.700012207031,615.880004882812,617.400024414062,160496500,617.400024414062
"2009-02-26",618.780029296875,646.400024414062,618.530029296875,643.940002441406,177949100,643.940002441406
"2009-02-27",642.929992675781,643.059997558594,629.700012207031,640.390014648438,185341500,640.390014648438
"2009-03-02",638.380004882812,638.630004882812,615.369995117188,619.27001953125,149349100,619.27001953125
"2009-03-03",618.77001953125,623.510009765625,602.659973144531,604.309997558594,166105500,604.309997558594
"2009-03-04",604.809997558594,630.22998046875,604.679992675781,630.22998046875,194674900,630.22998046875
"2009-03-05",629.72998046875,629.97998046875,605.400024414062,608.97998046875,180615500,608.97998046875
"2009-03-06",608.97998046875,617.340026855469,602.679992675781,607.450012207031,184275600,607.450012207031
"2009-03-09",606.570007324219,615.77001953125,593.280029296875,615.549987792969,180158100,615.549987792969
"2009-03-10",613.940002441406,651.390014648438,609.169982910156,650.609985351562,208825700,650.609985351562
"2009-03-11",649.859985351562,671.130004882812,642.640014648438,666.580017089844,262868000,666.580017089844
"2009-03-12",665.840026855469,669.809997558594,649.309997558594,667.650024414062,201970300,667.650024414062
"2009-03-13",669.02001953125,685.330017089844,652.580017089844,659.309997558594,216587200,659.309997558594
"2009-03-16",660.52001953125,675.890014648438,660.159973144531,675.890014648438,167523000,675.890014648438
"2009-03-17",675.280029296875,675.469970703125,661.760009765625,664.049987792969,180084900,664.049987792969
"2009-03-18",664.900024414062,675.570007324219,655.659973144531,662.760009765625,187970500,662.760009765625
"2009-03-19",663.609985351562,689.960021972656,658.989990234375,679.580017089844,283965300,679.580017089844
"2009-03-20",660.450012207031,675.070007324219,657.179992675781,661.590026855469,315036800,661.590026855469
"2009-03-23",661.469970703125,670.5,652.429992675781,667.97998046875,225064400,667.97998046875
"2009-03-24",667.130004882812,678.400024414062,652.190002441406,654.119995117188,234166600,654.119995117188
"2009-03-25",654,672.039978027344,646.159973144531,665.760009765625,202062500,665.760009765625
"2009-03-26",665.760009765625,667.030029296875,655.830017089844,667.030029296875,175647700,667.030029296875
"2009-03-27",666.299987792969,668.929992675781,653.179992675781,655.590026855469,171143000,655.590026855469
"2009-03-30",653.880004882812,654,629.690002441406,633.090026855469,149087900,633.090026855469
"2009-03-31",633.820007324219,653.450012207031,633.820007324219,653.049987792969,196950400,653.049987792969
"2009-04-01",652.190002441406,679.72998046875,641.02001953125,679.510009765625,243618800,679.510009765625
"2009-04-02",679.880004882812,716.580017089844,678.580017089844,713.799987792969,261864800,713.799987792969
"2009-04-03",712.950012207031,726.97998046875,700.820007324219,711.159973144531,261925500,711.159973144531
"2009-04-06",710.669982910156,727.869995117188,704.119995117188,709.570007324219,197108500,709.570007324219
"2009-04-07",710.539978027344,714.030029296875,695.700012207031,702.179992675781,163272100,702.179992675781
"2009-04-08",701.450012207031,709.159973144531,689.780029296875,707.320007324219,175729700,707.320007324219
"2009-04-09",707.799987792969,718.130004882812,707.679992675781,717.659973144531,67144800,717.659973144531
"2009-04-14",717.289978027344,751.739990234375,717.169982910156,744.159973144531,222948300,744.159973144531
"2009-04-15",742.580017089844,743.190002441406,725.97998046875,729.630004882812,162175400,729.630004882812
"2009-04-16",730.239990234375,748.609985351562,726.820007324219,745.549987792969,184891000,745.549987792969
"2009-04-17",747.130004882812,771.440002441406,747.010009765625,767.75,234579200,767.75
"2009-04-20",767.380004882812,770.989990234375,727.710021972656,731.099975585938,242645300,731.099975585938
"2009-04-21",730.849975585938,744.130004882812,715.27001953125,741.440002441406,251972400,741.440002441406
"2009-04-22",742.169982910156,770.450012207031,739.559997558594,768.109985351562,285312400,768.109985351562
"2009-04-23",766.890014648438,774.950012207031,751.549987792969,772.789978027344,253056500,772.789978027344
"2009-04-24",771.210021972656,781.840026855469,756.650024414062,779.159973144531,213541800,779.159973144531
"2009-04-27",778.789978027344,784.419982910156,762.880004882812,782.650024414062,178629900,782.650024414062
"2009-04-28",781.919982910156,781.919982910156,745.349975585938,751.280029296875,236014300,751.280029296875
"2009-04-29",751.650024414062,770.5,751.650024414062,768.799987792969,203565500,768.799987792969
"2009-04-30",764.539978027344,779.400024414062,763.890014648438,763.890014648438,182644600,763.890014648438
"2009-05-04",761.090026855469,781.090026855469,760.840026855469,779.5,185719500,779.5
"2009-05-05",779.739990234375,785.109985351562,771,783.030029296875,213890500,783.030029296875
"2009-05-06",783.030029296875,801.330017089844,779.390014648438,799.419982910156,202938500,799.419982910156
"2009-05-07",801,816.349975585938,788.950012207031,792.469970703125,250096300,792.469970703125
"2009-05-08",792.099975585938,813.530029296875,792.099975585938,802.030029296875,214808800,802.030029296875
"2009-05-11",802.150024414062,804.179992675781,774.679992675781,783.390014648438,175718300,783.390014648438
"2009-05-12",783.510009765625,794.52001953125,769.340026855469,769.340026855469,177012300,769.340026855469
"2009-05-13",769.340026855469,775.780029296875,744.080017089844,748.099975585938,211196800,748.099975585938
"2009-05-14",748.340026855469,758.460021972656,734.119995117188,757.659973144531,181042000,757.659973144531
"2009-05-15",758.150024414062,766.419982910156,749.880004882812,764.77001953125,149044700,764.77001953125
"2009-05-18",764.039978027344,780.719970703125,751.049987792969,779.890014648438,150257200,779.890014648438
"2009-05-19",780.619995117188,798.919982910156,780.25,789.190002441406,184151500,789.190002441406
"2009-05-20",788.700012207031,789.039978027344,778.880004882812,783.719970703125,83407800,783.719970703125
"2009-05-22",781.650024414062,781.890014648438,758.820007324219,769.400024414062,116414500,769.400024414062
"2009-05-25",769.159973144531,774.330017089844,758.190002441406,770.239990234375,59764000,770.239990234375
"2009-05-26",770.599975585938,775.739990234375,752.809997558594,773.700012207031,165371100,773.700012207031
"2009-05-27",774.190002441406,782.099975585938,769.169982910156,773.679992675781,163640900,773.679992675781
"2009-05-28",772.469970703125,773.450012207031,762.609985351562,771.820007324219,143926400,771.820007324219
"2009-05-29",772.919982910156,783.710021972656,771.539978027344,776.5,172150700,776.5
"2009-06-01",777.349975585938,802.919982910156,777.340026855469,801.570007324219,132535200,801.570007324219
"2009-06-02",801.080017089844,801.080017089844,788.059997558594,795.25,150402500,795.25
"2009-06-03",795.25,797.27001953125,765.119995117188,770.609985351562,201747000,770.609985351562
"2009-06-04",770.609985351562,777.780029296875,761.030029296875,768.570007324219,184993700,768.570007324219
"2009-06-05",769.669982910156,782.590026855469,769.539978027344,770.47998046875,136455700,770.47998046875
"2009-06-08",771.090026855469,771.77001953125,755.530029296875,770.320007324219,145792800,770.320007324219
"2009-06-09",770.440002441406,774.179992675781,760.429992675781,769.669982910156,165157300,769.669982910156
"2009-06-10",769.549987792969,793.219970703125,769.549987792969,787.109985351562,202009000,787.109985351562
"2009-06-11",786.869995117188,808.429992675781,786.059997558594,805.849975585938,188408800,805.849975585938
"2009-06-12",805.359985351562,810.030029296875,797.580017089844,799.650024414062,143675400,799.650024414062
"2009-06-15",799.650024414062,799.890014648438,782.919982910156,784.489990234375,130440000,784.489990234375
"2009-06-16",784.489990234375,795.960021972656,779.02001953125,789.219970703125,145309500,789.219970703125
"2009-06-17",788.72998046875,788.72998046875,768.200012207031,773.989990234375,247749300,773.989990234375
"2009-06-18",773.989990234375,780.400024414062,767.830017089844,778.090026855469,149326400,778.090026855469
"2009-06-22",778.090026855469,780.409973144531,752.299987792969,754.52001953125,153269700,754.52001953125
"2009-06-23",754.030029296875,761.820007324219,749.070007324219,753.940002441406,151380700,753.940002441406
"2009-06-24",754.669982910156,783.47998046875,754.539978027344,783.47998046875,133510500,783.47998046875
"2009-06-25",783.109985351562,784.640014648438,769.52001953125,779.119995117188,110367100,779.119995117188
"2009-06-26",779.599975585938,792.070007324219,779.359985351562,786.820007324219,106038400,786.820007324219
"2009-06-29",785.849975585938,806.440002441406,784.960021972656,804.330017089844,94426200,804.330017089844
"2009-06-30",804.809997558594,805.640014648438,793.049987792969,795.799987792969,133835700,795.799987792969
"2009-07-01",795.919982910156,814.72998046875,795.799987792969,813.700012207031,120998200,813.700012207031
"2009-07-02",812.859985351562,812.97998046875,791.030029296875,792.450012207031,116113800,792.450012207031
"2009-07-03",792.090026855469,796.880004882812,788.179992675781,790.450012207031,61231200,790.450012207031
"2009-07-06",790.210021972656,790.450012207031,774.820007324219,783.340026855469,76725000,783.340026855469
"2009-07-07",783.940002441406,793.400024414062,782.150024414062,784.559997558594,81208200,784.559997558594
"2009-07-08",783.840026855469,786.070007324219,777,777.47998046875,98719000,777.47998046875
"2009-07-09",778.559997558594,787.840026855469,774.739990234375,777.97998046875,81334200,777.97998046875
"2009-07-10",779.179992675781,779.280029296875,770.239990234375,774.119995117188,78975200,774.119995117188
"2009-07-13",774,789.760009765625,766.710021972656,785.989990234375,88278000,785.989990234375
"2009-07-14",786.590026855469,795.859985351562,786.590026855469,794.299987792969,102335600,794.299987792969
"2009-07-15",795.02001953125,820.929992675781,794.349975585938,820.929992675781,127663200,820.929992675781
"2009-07-16",821.049987792969,827.77001953125,819.880004882812,823.330017089844,124507600,823.330017089844
"2009-07-17",824.179992675781,844.130004882812,824.059997558594,842.150024414062,135141000,842.150024414062
"2009-07-20",842.150024414062,852.309997558594,838.260009765625,843.47998046875,130160800,843.47998046875
"2009-07-21",843.719970703125,854.260009765625,842.859985351562,852.260009765625,143557200,852.260009765625
"2009-07-22",851.299987792969,853.380004882812,841.710021972656,852.900024414062,115546300,852.900024414062
"2009-07-23",852.539978027344,874.47998046875,848.570007324219,871.890014648438,135397300,871.890014648438
"2009-07-24",867.559997558594,874.419982910156,859.880004882812,870.97998046875,179230900,870.97998046875
"2009-07-27",871.820007324219,877.400024414062,849.929992675781,854.619995117188,114844100,854.619995117188
"2009-07-28",854.619995117188,862.880004882812,849.179992675781,852.510009765625,95436400,852.510009765625
"2009-07-29",852.75,859.510009765625,851.400024414062,858.049987792969,92728000,858.049987792969
"2009-07-30",858.539978027344,880.289978027344,857.460021972656,879.200012207031,107276200,879.200012207031
"2009-07-31",878.840026855469,884.119995117188,871.080017089844,882.049987792969,103482500,882.049987792969
"2009-08-03",881.450012207031,896.809997558594,877.5,895.140014648438,103122400,895.140014648438
"2009-08-04",894.419982910156,894.539978027344,876.859985351562,879.450012207031,93374800,879.450012207031
"2009-08-05",879.570007324219,888.570007324219,871.880004882812,874.460021972656,110357400,874.460021972656
"2009-08-06",875.299987792969,884.510009765625,869.27001953125,873.880004882812,110535100,873.880004882812
"2009-08-07",873.52001953125,893.960021972656,864.080017089844,892.190002441406,122359200,892.190002441406
"2009-08-10",892.190002441406,892.190002441406,880.5,883.140014648438,87208800,883.140014648438
"2009-08-11",883.260009765625,890.799987792969,861.739990234375,864.030029296875,152174300,864.030029296875
"2009-08-12",863.789978027344,877.409973144531,859.27001953125,876.710021972656,111096500,876.710021972656
"2009-08-13",876.950012207031,898.159973144531,876.950012207031,888.869995117188,127838000,888.869995117188
"2009-08-14",888.75,894.039978027344,871.349975585938,876.739990234375,98584900,876.739990234375
"2009-08-17",876.739990234375,876.739990234375,853.260009765625,858.150024414062,123778100,858.150024414062
"2009-08-18",858.630004882812,876.580017089844,858.630004882812,873.099975585938,129146600,873.099975585938
"2009-08-19",872.5,872.739990234375,857.369995117188,869.22998046875,122788200,869.22998046875
"2009-08-20",869.719970703125,889.070007324219,869.719970703125,886.460021972656,143715700,886.460021972656
"2009-08-21",886.460021972656,917.179992675781,884.080017089844,913.840026855469,173241900,913.840026855469
"2009-08-24",914.570007324219,925.030029296875,912.400024414062,921.630004882812,133870400,921.630004882812
"2009-08-25",920.909973144531,921.030029296875,908.969970703125,916.059997558594,136771700,916.059997558594
"2009-08-26",915.820007324219,921.409973144531,901.599975585938,902.789978027344,128817900,902.789978027344
"2009-08-27",903.150024414062,909.179992675781,894.900024414062,901.950012207031,122655700,901.950012207031
"2009-08-28",902.309997558594,923.280029296875,902.309997558594,919.909973144531,154029000,919.909973144531
"2009-08-31",919.669982910156,919.669982910156,901.719970703125,904.840026855469,91447000,904.840026855469
"2009-09-01",905.090026855469,911.179992675781,884.760009765625,888.5,144660200,888.5
"2009-09-02",888.739990234375,889.299987792969,867.880004882812,873.349975585938,183597000,873.349975585938
"2009-09-03",873.830017089844,888.190002441406,871.840026855469,879.280029296875,141468000,879.280029296875
"2009-09-04",879.159973144531,893.47998046875,879.159973144531,891.390014648438,130779500,891.390014648438
"2009-09-07",892.349975585938,903.75,892.349975585938,903.619995117188,83024400,903.619995117188
"2009-09-08",904.349975585938,908.859985351562,900.669982910156,905.679992675781,133266800,905.679992675781
"2009-09-09",905.080017089844,921.75,901,921.47998046875,146836000,921.47998046875
"2009-09-10",922.080017089844,926.679992675781,909.539978027344,916.530029296875,143517400,916.530029296875
"2009-09-11",917.369995117188,921.150024414062,913.400024414062,918.190002441406,104163400,918.190002441406
"2009-09-14",917.219970703125,917.219970703125,901.159973144531,914.309997558594,101440800,914.309997558594
"2009-09-15",915.030029296875,919.989990234375,909.27001953125,913.070007324219,121683000,913.070007324219
"2009-09-16",913.549987792969,925.27001953125,913.549987792969,918.440002441406,124532100,918.440002441406
"2009-09-17",919.400024414062,929.590026855469,918.950012207031,923.820007324219,134470300,923.820007324219
"2009-09-18",923.469970703125,923.469970703125,909.22998046875,920.22998046875,116464000,920.22998046875
"2009-09-21",919.989990234375,920.260009765625,910.5,913.049987792969,97833800,913.049987792969
"2009-09-22",912.929992675781,923.72998046875,912.929992675781,922.239990234375,112636100,922.239990234375
"2009-09-23",922,928.940002441406,920.150024414062,922.989990234375,132365100,922.989990234375
"2009-09-24",922.510009765625,922.75,900.070007324219,901.869995117188,136665600,901.869995117188
"2009-09-25",901.27001953125,907.640014648438,895.760009765625,899.869995117188,104050200,899.869995117188
"2009-09-28",899.510009765625,917.22998046875,889.369995117188,913.549987792969,122492700,913.549987792969
"2009-09-29",914.030029296875,917.640014648438,902.219970703125,902.820007324219,113394400,902.820007324219
"2009-09-30",903.299987792969,912.330017089844,892.539978027344,896.760009765625,149331400,896.760009765625
"2009-10-01",896.400024414062,902.510009765625,877.010009765625,878.330017089844,139467700,878.330017089844
"2009-10-02",877.489990234375,877.609985351562,859.880004882812,867.840026855469,153808800,867.840026855469
"2009-10-05",867.599975585938,881.830017089844,865.690002441406,876.429992675781,102581000,876.429992675781
"2009-10-06",876.780029296875,894.679992675781,876.659973144531,891.880004882812,141614700,891.880004882812
"2009-10-07",891.400024414062,895.570007324219,882.780029296875,885.429992675781,121965100,885.429992675781
"2009-10-08",886.150024414062,897.159973144531,886.030029296875,895.349975585938,123796400,895.349975585938
"2009-10-09",895.390014648438,903.969970703125,892.929992675781,899.700012207031,112848700,899.700012207031
"2009-10-12",899.719970703125,915.039978027344,899.640014648438,910.789978027344,105733700,910.789978027344
"2009-10-13",910.789978027344,912.929992675781,900.590026855469,903.030029296875,108220700,903.030029296875
"2009-10-14",903.200012207031,929.539978027344,903.200012207031,928.590026855469,179971300,928.590026855469
"2009-10-15",928.659973144531,935.97998046875,926.130004882812,927.049987792969,136989700,927.049987792969
"2009-10-16",927.140014648438,938.630004882812,927.119995117188,927.760009765625,134703200,927.760009765625
"2009-10-19",927.400024414062,945.510009765625,927.400024414062,941.669982910156,113281900,941.669982910156
"2009-10-20",942.140014648438,950.890014648438,938.179992675781,942.669982910156,158175100,942.669982910156
"2009-10-21",942.429992675781,946.090026855469,926.309997558594,940.219970703125,153317900,940.219970703125
"2009-10-22",932.900024414062,933.619995117188,920.330017089844,927.469970703125,196789800,927.469970703125
"2009-10-23",930.590026855469,942.869995117188,930.22998046875,932.289978027344,167579200,932.289978027344
"2009-10-26",932.469970703125,940.119995117188,915.789978027344,918.239990234375,144780400,918.239990234375
"2009-10-27",918.359985351562,934.400024414062,918.219970703125,929.539978027344,146673500,929.539978027344
"2009-10-28",930.5,936.409973144531,916.150024414062,924.27001953125,222411400,924.27001953125
"2009-10-29",923.72998046875,939.869995117188,915.650024414062,939.820007324219,176558300,939.820007324219
"2009-10-30",941.02001953125,949.489990234375,938.989990234375,944.669982910156,117734400,944.669982910156
"2009-11-02",942.340026855469,942.340026855469,923.580017089844,932.059997558594,145879400,932.059997558594
"2009-11-03",931.169982910156,931.169982910156,916.789978027344,919.27001953125,144979200,919.27001953125
"2009-11-04",919.330017089844,938.390014648438,919.330017089844,937.419982910156,124332400,937.419982910156
"2009-11-05",935.859985351562,950.260009765625,926.820007324219,944.219970703125,149542500,944.219970703125
"2009-11-06",944.820007324219,950.179992675781,934.239990234375,941.47998046875,118316200,941.47998046875
"2009-11-09",941.539978027344,961.109985351562,941.539978027344,960.460021972656,92949400,960.460021972656
"2009-11-10",960.219970703125,961.719970703125,953.570007324219,957.97998046875,108710100,957.97998046875
"2009-11-11",958.460021972656,968.140014648438,958.460021972656,964.549987792969,100259600,964.549987792969
"2009-11-12",964.25,976.859985351562,963.320007324219,970.359985351562,127985100,970.359985351562
"2009-11-13",969.940002441406,971.530029296875,962.359985351562,967.440002441406,88824000,967.440002441406
"2009-11-16",967.619995117188,975.52001953125,967.340026855469,975.010009765625,107111500,975.010009765625
"2009-11-17",974.650024414062,974.650024414062,963.760009765625,964.52001953125,91765000,964.52001953125
"2009-11-18",964.700012207031,972.349975585938,964.700012207031,965.880004882812,96437600,965.880004882812
"2009-11-19",965.580017089844,965.919982910156,949.210021972656,951.440002441406,92953600,951.440002441406
"2009-11-20",951.619995117188,959.25,947.390014648438,951.570007324219,90996800,951.570007324219
"2009-11-23",951.690002441406,976.599975585938,951.690002441406,975.469970703125,121891600,975.469970703125
"2009-11-24",974.630004882812,976.159973144531,965.539978027344,965.539978027344,115166800,965.539978027344
"2009-11-25",966.559997558594,974.47998046875,963.179992675781,971.419982910156,108360500,971.419982910156
"2009-11-26",970.640014648438,970.640014648438,939.010009765625,939.679992675781,103590700,939.679992675781
"2009-11-27",938.780029296875,953.570007324219,926.630004882812,952.530029296875,115751600,952.530029296875
"2009-11-30",952.169982910156,957.97998046875,936.190002441406,936.190002441406,126585200,936.190002441406
"2009-12-01",937.390014648438,954.969970703125,937.390014648438,953.880004882812,119701800,953.880004882812
"2009-12-02",954,957.890014648438,945.690002441406,957.099975585938,118687100,957.099975585938
"2009-12-03",957.580017089844,965.820007324219,954.640014648438,954.640014648438,126021400,954.640014648438
"2009-12-04",954.580017089844,973.580017089844,949.140014648438,966.969970703125,143020200,966.969970703125
"2009-12-07",966.669982910156,971.849975585938,959.840026855469,966.140014648438,118581700,966.140014648438
"2009-12-08",966.260009765625,973.27001953125,948.549987792969,953.47998046875,142977100,953.47998046875
"2009-12-09",953.900024414062,956.049987792969,941.219970703125,944.950012207031,114416800,944.950012207031
"2009-12-10",945.25,952.530029296875,943.739990234375,947.330017089844,96965800,947.330017089844
"2009-12-11",947.809997558594,956.849975585938,947.809997558594,949.840026855469,106738400,949.840026855469
"2009-12-14",950.489990234375,960.580017089844,950.489990234375,956.25,83630600,956.25
"2009-12-15",956.309997558594,957.820007324219,942.619995117188,949.070007324219,90214400,949.070007324219
"2009-12-16",949.369995117188,960.179992675781,949.369995117188,959.599975585938,92303200,959.599975585938
"2009-12-17",959.179992675781,959.179992675781,946.47998046875,946.580017089844,105445900,946.580017089844
"2009-12-18",947,950.190002441406,935.809997558594,936.030029296875,113261100,936.030029296875
"2009-12-21",935.909973144531,949.760009765625,935.909973144531,948.380004882812,87641000,948.380004882812
"2009-12-22",948.559997558594,963.219970703125,948.559997558594,961.880004882812,94534800,961.880004882812
"2009-12-23",962.059997558594,967.010009765625,960.280029296875,961.539978027344,55780000,961.539978027344
"2009-12-28",961.369995117188,969.419982910156,961.369995117188,965.049987792969,0,965.049987792969
"2009-12-29",964.989990234375,969.169982910156,963.890014648438,965.799987792969,56554200,965.799987792969
"2009-12-30",965.739990234375,968.239990234375,951.539978027344,951.719970703125,79472000,951.719970703125
"2010-01-04",951.719970703125,964.72998046875,951.719970703125,963.559997558594,82515400,963.559997558594
"2010-01-05",964.030029296875,968.679992675781,961.460021972656,967.27001953125,62738400,967.27001953125
"2010-01-07",967.390014648438,970.260009765625,962.27001953125,965.820007324219,132590900,965.820007324219
"2010-01-08",965.700012207031,974.900024414062,965.700012207031,973.440002441406,108703800,973.440002441406
"2010-01-11",973.150024414062,985.690002441406,973.150024414062,978.179992675781,108829800,978.179992675781
"2010-01-12",978.239990234375,981.080017089844,967.489990234375,969.549987792969,118598200,969.549987792969
"2010-01-13",969.489990234375,974.960021972656,964.349975585938,974.960021972656,126482500,974.960021972656
"2010-01-14",975.609985351562,984.650024414062,975.609985351562,981.5,150040800,981.5
"2010-01-15",982.099975585938,986,968.5,970.650024414062,113551400,970.650024414062
"2010-01-18",970.409973144531,975.830017089844,968.760009765625,974.049987792969,96356200,974.049987792969
"2010-01-19",973.580017089844,977.830017089844,960.650024414062,976,134704200,976
"2010-01-20",976.059997558594,976.789978027344,957.159973144531,957.530029296875,120996800,957.530029296875
"2010-01-21",958.190002441406,968.059997558594,951.489990234375,954.02001953125,146085500,954.02001953125
"2010-01-22",954.309997558594,957.570007324219,943.609985351562,951.059997558594,143515300,951.059997558594
"2010-01-25",948.809997558594,956.179992675781,940.210021972656,947.559997558594,137390200,947.559997558594
"2010-01-26",945.840026855469,945.840026855469,935.659973144531,942.940002441406,131484200,942.940002441406
"2010-01-27",943.179992675781,954.02001953125,934.659973144531,946.700012207031,138949500,946.700012207031
"2010-01-28",947.179992675781,965.090026855469,935.460021972656,937.219970703125,215494700,937.219970703125
"2010-01-29",937.929992675781,957.099975585938,937.929992675781,953.710021972656,156244100,953.710021972656
"2010-02-01",952.820007324219,967.77001953125,947.450012207031,967.77001953125,124755100,967.77001953125
"2010-02-02",967.530029296875,972.75,963.72998046875,971.799987792969,136882300,971.799987792969
"2010-02-03",971.570007324219,974.950012207031,966.080017089844,970,158234100,970
"2010-02-04",969.590026855469,975.25,948.210021972656,948.619995117188,151365700,948.619995117188
"2010-02-05",948.859985351562,951.47998046875,934.380004882812,935.890014648438,218309500,935.890014648438
"2010-02-08",939.919982910156,940.429992675781,920.289978027344,938.419982910156,143810500,938.419982910156
"2010-02-09",939.960021972656,951.890014648438,934.840026855469,944.799987792969,141905600,944.799987792969
"2010-02-10",948.599975585938,950.590026855469,931.390014648438,937.049987792969,163384700,937.049987792969
"2010-02-11",944.02001953125,949.900024414062,935.27001953125,943.659973144531,138279900,943.659973144531
"2010-02-12",951.200012207031,951.960021972656,924.929992675781,931.349975585938,150890500,931.349975585938
"2010-02-15",932.859985351562,935.400024414062,919.390014648438,923.369995117188,94132800,923.369995117188
"2010-02-16",929.900024414062,934.309997558594,922.75,934.309997558594,116194600,934.309997558594
"2010-02-17",939.640014648438,945.27001953125,938.559997558594,943.690002441406,110253300,943.690002441406
"2010-02-18",944.190002441406,947.25,940.869995117188,946.969970703125,121914400,946.969970703125
"2010-02-19",940.780029296875,957.450012207031,938.659973144531,957.27001953125,108511600,957.27001953125
"2010-02-22",958.969970703125,959.109985351562,951.47998046875,954.099975585938,88961800,954.099975585938
"2010-02-23",957.47998046875,958.599975585938,941.260009765625,942.049987792969,104061600,942.049987792969
"2010-02-24",943.150024414062,946.030029296875,936.25,944.309997558594,106761800,944.309997558594
"2010-02-25",941.590026855469,950.719970703125,935.880004882812,940.510009765625,113517800,940.510009765625
"2010-02-26",946.190002441406,948.919982910156,939.289978027344,947.390014648438,105641000,947.390014648438
"2010-03-01",954.200012207031,967.469970703125,953.539978027344,966.380004882812,102792800,966.380004882812
"2010-03-02",965.929992675781,972.989990234375,961.570007324219,971.669982910156,95749000,971.669982910156
"2010-03-03",971.02001953125,981.570007324219,970.150024414062,981.190002441406,105220300,981.190002441406
"2010-03-04",977.869995117188,986.419982910156,974.989990234375,984.330017089844,108069000,984.330017089844
"2010-03-05",985.549987792969,999.650024414062,983.409973144531,998.070007324219,110847600,998.070007324219
"2010-03-08",1001.03997802734,1005.73999023438,998.52001953125,1003.39001464844,88458800,1003.39001464844
"2010-03-09",1002.91998291016,1005.96997070312,994.929992675781,1000.5,103973800,1000.5
"2010-03-10",999.97998046875,1013.28002929688,996.429992675781,1013.03997802734,107634900,1013.03997802734
"2010-03-11",1007.60998535156,1013.20001220703,1005.47998046875,1008.92999267578,95053800,1008.92999267578
"2010-03-12",1011.84002685547,1022.47998046875,1009.09997558594,1018.15002441406,125933300,1018.15002441406
"2010-03-15",1017.34002685547,1019.34997558594,1012.64001464844,1013.51000976562,87452200,1013.51000976562
"2010-03-16",1015.33001708984,1021.75,1011.83001708984,1020.04998779297,96323600,1020.04998779297
"2010-03-17",1024.02001953125,1028.53002929688,1023.03002929688,1025.57995605469,112728900,1025.57995605469
"2010-03-18",1021.76000976562,1023.97998046875,1016.48999023438,1018.19000244141,100430200,1018.19000244141
"2010-03-19",1021.13000488281,1027.72998046875,1017.14001464844,1020.26000976562,157625300,1020.26000976562
"2010-03-22",1017.61999511719,1027.36999511719,1011.83001708984,1021.41998291016,127792500,1021.41998291016
"2010-03-23",1023.08001708984,1030.17004394531,1021.90002441406,1030.13000488281,97378200,1030.13000488281
"2010-03-24",1032.91003417969,1033.13000488281,1017.52001953125,1027.07995605469,103062800,1027.07995605469
"2010-03-25",1026.08996582031,1036.30004882812,1024.92004394531,1033.33996582031,102987000,1033.33996582031
"2010-03-26",1029.33996582031,1029.72998046875,1022.38000488281,1027.42004394531,101598200,1027.42004394531
"2010-03-29",1030.52001953125,1034.15002441406,1024.30004882812,1026.69995117188,87957600,1026.69995117188
"2010-03-30",1031,1031.52001953125,1022.04998779297,1022.78997802734,88118800,1022.78997802734
"2010-03-31",1022.59002685547,1024.68005371094,1016.26000976562,1021.08001708984,139055000,1021.08001708984
"2010-04-01",1026.67004394531,1037.0400390625,1025.68994140625,1036.93005371094,69417600,1036.93005371094
"2010-04-06",1038.97998046875,1046.25,1036.94995117188,1046,130584400,1046
"2010-04-07",1045.86999511719,1046.57995605469,1040.93005371094,1042.78002929688,102663900,1042.78002929688
"2010-04-08",1040.19995117188,1040.19995117188,1028.46997070312,1036.72998046875,117644500,1036.72998046875
"2010-04-09",1042.84997558594,1044.68005371094,1040.82995605469,1044.57995605469,103158500,1044.57995605469
"2010-04-12",1048.85998535156,1049.5400390625,1044.9599609375,1048.27001953125,87313200,1048.27001953125
"2010-04-13",1042.90002441406,1048.09997558594,1037.56005859375,1046.5,120120500,1046.5
"2010-04-14",1047.42004394531,1052.28002929688,1043.32995605469,1051.76000976562,120181100,1051.76000976562
"2010-04-15",1052.53002929688,1053.60998535156,1044,1053.25,119740600,1053.25
"2010-04-16",1057.15002441406,1063.60998535156,1046.36999511719,1050.23999023438,170538800,1050.23999023438
"2010-04-19",1044.43994140625,1049.13000488281,1036.43994140625,1043.0400390625,0,1043.0400390625
"2010-04-20",1050.14001464844,1057.71997070312,1047.46997070312,1055.33996582031,115554600,1055.33996582031
"2010-04-21",1056.71997070312,1058.18005371094,1042.22998046875,1042.47998046875,145102700,1042.47998046875
"2010-04-22",1040.68005371094,1049.64001464844,1028.81005859375,1038.33996582031,178620700,1038.33996582031
"2010-04-23",1042.58996582031,1068.2900390625,1039.25,1066.81994628906,257531000,1066.81994628906
"2010-04-26",1074.7900390625,1077.46997070312,1067.81994628906,1067.90002441406,153476300,1067.90002441406
"2010-04-27",1070.18005371094,1070.73999023438,1042.81994628906,1042.81994628906,180533000,1042.81994628906
"2010-04-28",1039.59997558594,1059.90002441406,1032.7900390625,1042.86999511719,229354900,1042.86999511719
"2010-04-29",1047.03002929688,1061.77001953125,1042.06005859375,1061.77001953125,170908000,1061.77001953125
"2010-04-30",1059.01000976562,1061.83996582031,1049.81994628906,1053.88000488281,85378800,1053.88000488281
"2010-05-03",1049.5400390625,1059.57995605469,1044.60998535156,1059.43994140625,86258800,1059.43994140625
"2010-05-04",1062.66003417969,1062.88000488281,1027.5,1027.5,170743000,1027.5
"2010-05-05",1025.78002929688,1030.77001953125,1000.40997314453,1000.70001220703,200695800,1000.70001220703
"2010-05-06",991.609985351562,1010.45001220703,973.200012207031,977.25,237769800,977.25
"2010-05-07",952.409973144531,973.609985351562,929.02001953125,944.570007324219,328720600,944.570007324219
"2010-05-10",977.97998046875,1005.34002685547,974.440002441406,1005.34002685547,229484000,1005.34002685547
"2010-05-11",998.950012207031,999.22998046875,983.580017089844,993.039978027344,155246000,993.039978027344
"2010-05-12",991.820007324219,1011.10998535156,984.289978027344,1010.25,89761800,1010.25
"2010-05-14",1012.61999511719,1013.57000732422,983.739990234375,984.909973144531,151613600,984.909973144531
"2010-05-17",976.900024414062,1000.90002441406,974.169982910156,991.580017089844,143434700,991.580017089844
"2010-05-18",1001.65997314453,1003.88000488281,994.5,1000.40997314453,111014300,1000.40997314453
"2010-05-19",991,991.289978027344,967.159973144531,969.059997558594,163286400,969.059997558594
"2010-05-20",976.119995117188,981.599975585938,933.159973144531,947.929992675781,180079200,947.929992675781
"2010-05-21",948.219970703125,958.47998046875,934.02001953125,953.77001953125,186746600,953.77001953125
"2010-05-24",962.97998046875,963.880004882812,939.690002441406,953.539978027344,113715500,953.539978027344
"2010-05-25",930.650024414062,938.900024414062,923.130004882812,931.47998046875,188793000,931.47998046875
"2010-05-26",948.299987792969,961.349975585938,942.820007324219,957.049987792969,194486000,957.049987792969
"2010-05-27",962.809997558594,979.059997558594,959.179992675781,978.549987792969,122475800,978.549987792969
"2010-05-28",988.919982910156,988.919982910156,975.390014648438,979.119995117188,107075000,979.119995117188
"2010-05-31",979.460021972656,985.320007324219,977.820007324219,980.630004882812,46194800,980.630004882812
"2010-06-01",977.849975585938,985.630004882812,961.159973144531,981.25,97137000,981.25
"2010-06-02",976.349975585938,991.219970703125,970.059997558594,989.77001953125,103282600,989.77001953125
"2010-06-03",1001.19000244141,1013.02001953125,1000.92999267578,1005.92999267578,109741200,1005.92999267578
"2010-06-04",1009.65997314453,1014.94000244141,985.880004882812,988.460021972656,129427200,988.460021972656
"2010-06-07",975.219970703125,990.289978027344,970.440002441406,977.630004882812,105021900,977.630004882812
"2010-06-08",980.239990234375,984.260009765625,963.549987792969,972,110650000,972
"2010-06-09",977.659973144531,996.989990234375,972.219970703125,996.840026855469,107474200,996.840026855469
"2010-06-10",993.440002441406,1018.58001708984,989.059997558594,1017.73999023438,126505700,1017.73999023438
"2010-06-11",1022.39001464844,1022.39001464844,1006.26000976562,1016.28997802734,116659400,1016.28997802734
"2010-06-14",1022.92999267578,1033.01000976562,1022.92999267578,1032.59997558594,85744200,1032.59997558594
"2010-06-15",1027.44995117188,1045.81005859375,1026.14001464844,1045.2900390625,104394300,1045.2900390625
"2010-06-16",1050.22998046875,1051.32995605469,1032.61999511719,1045.72998046875,113164600,1045.72998046875
"2010-06-17",1040.90002441406,1053.09997558594,1038.60998535156,1046.51000976562,108257000,1046.51000976562
"2010-06-18",1049.40002441406,1056.65002441406,1047.46997070312,1054.57995605469,119566000,1054.57995605469
"2010-06-21",1066,1069.71997070312,1055.58996582031,1060.51000976562,105529200,1060.51000976562
"2010-06-22",1052.83996582031,1065.93005371094,1049.40002441406,1059.38000488281,100163300,1059.38000488281
"2010-06-23",1049.94995117188,1064.51000976562,1044.68005371094,1047.67004394531,90809000,1047.67004394531
"2010-06-24",1051.64001464844,1053.48999023438,1019.86999511719,1021.42999267578,105200200,1021.42999267578
"2010-06-28",1025.67004394531,1028.41003417969,1012.28002929688,1025.89001464844,109299100,1025.89001464844
"2010-06-29",1016.40002441406,1016.73999023438,989.799987792969,993.919982910156,114474700,993.919982910156
"2010-06-30",1000.36999511719,1009.33001708984,991.109985351562,1005.92999267578,158180800,1005.92999267578
"2010-07-01",992.780029296875,1005.47998046875,975.489990234375,981.539978027344,130667000,981.539978027344
"2010-07-02",991.650024414062,995.590026855469,980.97998046875,983.299987792969,98740600,983.299987792969
"2010-07-05",988.690002441406,991.400024414062,979.109985351562,980.940002441406,60922600,980.940002441406
"2010-07-06",987.400024414062,1011.91998291016,984.900024414062,1009.40997314453,94632200,1009.40997314453
"2010-07-07",1004.61999511719,1022.65002441406,992.239990234375,1020.42999267578,86655000,1020.42999267578
"2010-07-08",1028.82995605469,1029.28002929688,1007.07000732422,1013.15997314453,103181600,1013.15997314453
"2010-07-09",1020.71997070312,1029.34997558594,1016.26000976562,1028.11999511719,79411800,1028.11999511719
"2010-07-12",1031.86999511719,1034.31005859375,1020.28002929688,1030.18005371094,60956800,1030.18005371094
"2010-07-13",1030.5,1061.09997558594,1028.97998046875,1061.09997558594,118749800,1061.09997558594
"2010-07-14",1066.09997558594,1067.5,1055.16003417969,1063.73999023438,82696400,1063.73999023438
"2010-07-15",1060.80004882812,1067.55004882812,1048.86999511719,1055.52001953125,111834100,1055.52001953125
"2010-07-16",1059.61999511719,1062.31005859375,1032.96997070312,1034.68994140625,119907400,1034.68994140625
"2010-07-19",1032.5400390625,1044.92004394531,1024.66003417969,1032.72998046875,95277400,1032.72998046875
"2010-07-20",1037.88000488281,1040.22998046875,1016.53997802734,1027.35998535156,115570700,1027.35998535156
"2010-07-21",1035.64001464844,1053.44995117188,1034.51000976562,1040.83996582031,115682300,1040.83996582031
"2010-07-22",1041.80004882812,1067.07995605469,1035.94995117188,1065.36999511719,125076900,1065.36999511719
"2010-07-23",1060.48999023438,1067.2900390625,1050.10998535156,1057.77001953125,119662800,1057.77001953125
"2010-07-26",1065.05004882812,1066.84997558594,1050.84997558594,1059.43994140625,78725600,1059.43994140625
"2010-07-27",1063.56005859375,1068.69995117188,1056.59997558594,1059.2900390625,117998500,1059.2900390625
"2010-07-28",1063.60998535156,1066.98999023438,1048.84997558594,1050.83996582031,109154500,1050.83996582031
"2010-07-29",1054.18005371094,1060.17004394531,1047.38000488281,1049.02001953125,98764400,1049.02001953125
"2010-07-30",1045.21997070312,1055.28002929688,1037.71997070312,1047.26000976562,95102000,1047.26000976562
"2010-08-02",1052.10998535156,1076.02001953125,1051.58996582031,1074.60998535156,98945800,1074.60998535156
"2010-08-03",1073.93005371094,1074.68994140625,1067.72998046875,1073.17004394531,70956000,1073.17004394531
"2010-08-04",1072.18994140625,1075.44995117188,1063.60998535156,1071.28002929688,79507800,1071.28002929688
"2010-08-05",1071.43994140625,1083.90002441406,1069.14001464844,1074.40002441406,77479800,1074.40002441406
"2010-08-06",1076.61999511719,1082.51000976562,1062.21997070312,1065.21997070312,92072200,1065.21997070312
"2010-08-09",1072.18005371094,1077.78002929688,1066.86999511719,1073.53002929688,58662600,1073.53002929688
"2010-08-10",1069.64001464844,1071.66003417969,1059.78002929688,1063.31994628906,68554400,1063.31994628906
"2010-08-11",1060.33996582031,1060.33996582031,1034.64001464844,1036.28002929688,96338600,1036.28002929688
"2010-08-12",1032.55004882812,1042.83996582031,1022.47998046875,1031.22998046875,110474900,1031.22998046875
"2010-08-13",1040.36999511719,1040.68005371094,1021.94000244141,1036.44995117188,92391400,1036.44995117188
"2010-08-16",1042.05004882812,1046.68994140625,1033.25,1046.08996582031,87420000,1046.08996582031
"2010-08-17",1046.92004394531,1057.4599609375,1045.69995117188,1057.14001464844,78621400,1057.14001464844
"2010-08-18",1054.06005859375,1060.28002929688,1050.83996582031,1057.19995117188,77037200,1057.19995117188
"2010-08-19",1059.06005859375,1061.63000488281,1039.90002441406,1040.42004394531,97271800,1040.42004394531
"2010-08-20",1038.91003417969,1044.26000976562,1018.34997558594,1020.63000488281,98539400,1020.63000488281
"2010-08-23",1022.66998291016,1029.93005371094,1014.26000976562,1021.78002929688,103984200,1021.78002929688
"2010-08-24",1015.65002441406,1016.05999755859,994.630004882812,1005.34002685547,112278700,1005.34002685547
"2010-08-25",1003.20001220703,1011.84002685547,982.52001953125,995.679992675781,116257800,995.679992675781
"2010-08-26",1005.65997314453,1009.55999755859,1000.26000976562,1006.15997314453,91388400,1006.15997314453
"2010-08-27",1003.34002685547,1018.96997070312,998.75,1018.89001464844,94342800,1018.89001464844
"2010-08-30",1022.48999023438,1025.83996582031,1000.86999511719,1008.52001953125,84574400,1008.52001953125
"2010-08-31",997.419982910156,1011.70001220703,993.460021972656,1011.70001220703,109441800,1011.70001220703
"2010-09-01",1017.28997802734,1050.65002441406,1009.73999023438,1049.26000976562,133531200,1049.26000976562
"2010-09-02",1048.33996582031,1048.33996582031,1039.81994628906,1043.08996582031,89494000,1043.08996582031
"2010-09-03",1045.15002441406,1057.7099609375,1041.68994140625,1047.98999023438,98903400,1047.98999023438
"2010-09-06",1052.97998046875,1054.06005859375,1048.17004394531,1052.53002929688,60317300,1052.53002929688
"2010-09-07",1050.06994628906,1050.78002929688,1042.43005371094,1048.65002441406,104730200,1048.65002441406
"2010-09-08",1043.67004394531,1060.15002441406,1040.06994628906,1059.59997558594,97637400,1059.59997558594
"2010-09-09",1058.10998535156,1068.34997558594,1054.55004882812,1067.05004882812,99459600,1067.05004882812
"2010-09-10",1064.19995117188,1072.33996582031,1062.38000488281,1068.89001464844,89884800,1068.89001464844
"2010-09-13",1074.31994628906,1081.86999511719,1071.18005371094,1080.71997070312,84241700,1080.71997070312
"2010-09-14",1081.48999023438,1084.60998535156,1074.47998046875,1082.48999023438,90812100,1082.48999023438
"2010-09-15",1082.94995117188,1086.98999023438,1074.31994628906,1080.21997070312,103124000,1080.21997070312
"2010-09-16",1081.18005371094,1084.17004394531,1074.56994628906,1078.18994140625,107163300,1078.18994140625
"2010-09-17",1084.31005859375,1089.68005371094,1076.86999511719,1081.97998046875,170569100,1081.97998046875
"2010-09-20",1080.77001953125,1092.48999023438,1080.05004882812,1092.48999023438,111518300,1092.48999023438
"2010-09-21",1091.78002929688,1099.86999511719,1091.09997558594,1093.41003417969,110493900,1093.41003417969
"2010-09-22",1097.10998535156,1097.10998535156,1078.68994140625,1085.10998535156,95152400,1085.10998535156
"2010-09-23",1088.57995605469,1090.66003417969,1066.85998535156,1074.06994628906,103470100,1074.06994628906
"2010-09-24",1072.43994140625,1095.72998046875,1071.17004394531,1095.58996582031,98519400,1095.58996582031
"2010-09-27",1097.41003417969,1099.31994628906,1085.91003417969,1086.23999023438,75959800,1086.23999023438
"2010-09-28",1084.58996582031,1094.67004394531,1077.93005371094,1090.77001953125,125713000,1090.77001953125
"2010-09-29",1085.35998535156,1092.73999023438,1079.22998046875,1085.08996582031,119250700,1085.08996582031
"2010-09-30",1081.18994140625,1100.72998046875,1079.88000488281,1087.7099609375,130487600,1087.7099609375
"2010-10-01",1087.44995117188,1092.14001464844,1077.82995605469,1082.36999511719,102760500,1082.36999511719
"2010-10-04",1082.84997558594,1083.93005371094,1068,1068.73999023438,85646800,1068.73999023438
"2010-10-05",1068.60998535156,1093.86999511719,1061.97998046875,1089.31005859375,105440900,1089.31005859375
"2010-10-06",1092.85998535156,1096.88000488281,1087.08996582031,1089.07995605469,120318600,1089.07995605469
"2010-10-07",1087.07995605469,1091.94995117188,1081.35998535156,1085.78002929688,160092900,1085.78002929688
"2010-10-08",1087.38000488281,1087.40002441406,1078.34997558594,1085.51000976562,96670200,1085.51000976562
"2010-10-11",1085.93994140625,1094.11999511719,1085.93994140625,1092.33996582031,82572200,1092.33996582031
"2010-10-12",1087.39001464844,1091.06994628906,1077.14001464844,1089.89001464844,85261600,1089.89001464844
"2010-10-13",1092.71997070312,1108.52001953125,1091.33996582031,1104.07995605469,102618500,1104.07995605469
"2010-10-14",1106.27001953125,1109.31005859375,1096.19995117188,1098.43005371094,98305200,1098.43005371094
"2010-10-15",1099.94995117188,1101.51000976562,1089.81005859375,1094.52001953125,91559000,1094.52001953125
"2010-10-18",1091.61999511719,1100.27001953125,1087.15002441406,1097.30004882812,78257600,1097.30004882812
"2010-10-19",1102.10998535156,1110.17004394531,1095.11999511719,1095.4599609375,138017500,1095.4599609375
"2010-10-20",1093.90002441406,1098.90002441406,1089.81994628906,1098.88000488281,104802700,1098.88000488281
"2010-10-21",1099.65002441406,1118.34997558594,1096.93994140625,1116.63000488281,155275300,1116.63000488281
"2010-10-22",1119.18994140625,1119.18994140625,1109.94995117188,1109.9599609375,132728300,1109.9599609375
"2010-10-25",1117.26000976562,1117.65002441406,1107.60998535156,1110.38000488281,86499000,1110.38000488281
"2010-10-26",1108.15002441406,1110.43994140625,1100.60998535156,1106.47998046875,92855200,1106.47998046875
"2010-10-27",1107.7900390625,1112.41003417969,1102.08996582031,1103.85998535156,107528800,1103.85998535156
"2010-10-28",1103.2099609375,1106.10998535156,1088.82995605469,1091.65002441406,119434100,1091.65002441406
"2010-10-29",1087.69995117188,1090.36999511719,1079.59997558594,1089.31994628906,110010900,1089.31994628906
"2010-11-01",1094.61999511719,1095.55004882812,1083.58996582031,1091.68994140625,87811000,1091.68994140625
"2010-11-02",1089.32995605469,1097.96997070312,1088.43994140625,1096.58996582031,85039600,1096.58996582031
"2010-11-03",1102.69995117188,1102.69995117188,1087.92004394531,1089.46997070312,79750200,1089.46997070312
"2010-11-04",1099.41003417969,1114.96997070312,1098.63000488281,1109.36999511719,121475000,1109.36999511719
"2010-11-05",1110.72998046875,1111.64001464844,1094.01000976562,1098.68994140625,51274800,1098.68994140625
"2010-11-08",1105.35998535156,1107.80004882812,1099.34997558594,1105.31005859375,84947600,1105.31005859375
"2010-11-09",1104.66003417969,1116.09997558594,1102.69995117188,1113.42004394531,85577200,1113.42004394531
"2010-11-10",1111.19995117188,1112.42004394531,1101.72998046875,1106.33996582031,78179800,1106.33996582031
"2010-11-11",1109.73999023438,1109.73999023438,1097.66003417969,1103.11999511719,73083000,1103.11999511719
"2010-11-12",1092.46997070312,1100.08996582031,1086.03002929688,1094.55004882812,96245800,1094.55004882812
"2010-11-15",1089.47998046875,1104.72998046875,1088.86999511719,1104.0400390625,77843600,1104.0400390625
"2010-11-16",1097.89001464844,1097.97998046875,1079.67004394531,1083.92004394531,99656400,1083.92004394531
"2010-11-17",1081.90002441406,1089.33996582031,1078.27001953125,1086.53002929688,93958200,1086.53002929688
"2010-11-18",1093.7099609375,1106.81005859375,1090.56994628906,1106.31994628906,88626600,1106.31994628906
"2010-11-19",1108.58996582031,1110.55004882812,1101.35998535156,1110.55004882812,84277200,1110.55004882812
"2010-11-22",1117.69995117188,1119.06994628906,1103.10998535156,1106.55004882812,103827900,1106.55004882812
"2010-11-23",1100.23999023438,1103.53002929688,1087.42004394531,1088.81005859375,101858000,1088.81005859375
"2010-11-24",1089.56005859375,1102.15002441406,1083.16003417969,1100,100047600,1100
"2010-11-25",1103.05004882812,1112.17004394531,1100.43994140625,1111.16003417969,82900200,1111.16003417969
"2010-11-26",1106.0400390625,1114.41003417969,1100.76000976562,1110.10998535156,85429600,1110.10998535156
"2010-11-29",1114.98999023438,1121.38000488281,1100.75,1104.34997558594,103356400,1104.34997558594
"2010-11-30",1104.36999511719,1110.11999511719,1096.72998046875,1107.05004882812,140035000,1107.05004882812
"2010-12-01",1112.67004394531,1134.34997558594,1111.77001953125,1134.27001953125,133673400,1134.27001953125
"2010-12-02",1137.73999023438,1145.51000976562,1129.71997070312,1145.51000976562,110877400,1145.51000976562
"2010-12-03",1144.09997558594,1149.80004882812,1135.13000488281,1149.56005859375,100321600,1149.56005859375
"2010-12-06",1147.16003417969,1149.93005371094,1141.06994628906,1144.43994140625,71167800,1144.43994140625
"2010-12-07",1145.42004394531,1157.21997070312,1144.61999511719,1148.97998046875,111409400,1148.97998046875
"2010-12-08",1144.56994628906,1150.21997070312,1142.83996582031,1145.63000488281,117709400,1145.63000488281
"2010-12-09",1150.42004394531,1151.30004882812,1131.11999511719,1133.52001953125,114870800,1133.52001953125
"2010-12-10",1134.93994140625,1139.16003417969,1133.68005371094,1139.16003417969,84293600,1139.16003417969
"2010-12-13",1141.25,1150.39001464844,1141.23999023438,1146.15002441406,82213000,1146.15002441406
"2010-12-14",1146.10998535156,1155.83996582031,1143.81005859375,1155.83996582031,91485000,1155.83996582031
"2010-12-15",1152.42004394531,1159.09997558594,1148.38000488281,1156.40002441406,96155200,1156.40002441406
"2010-12-16",1154.93994140625,1157.91003417969,1149.90002441406,1153.84997558594,106614000,1153.84997558594
"2010-12-17",1153.15002441406,1156.71997070312,1148.36999511719,1153.13000488281,109395800,1153.13000488281
"2010-12-20",1153.08996582031,1160.39001464844,1149.13000488281,1154.18994140625,97344200,1154.18994140625
"2010-12-21",1159.16003417969,1166.48999023438,1158.22998046875,1166,78290000,1166
"2010-12-22",1165.2099609375,1169.4599609375,1161.32995605469,1163.27001953125,64683600,1163.27001953125
"2010-12-23",1161.36999511719,1162.22998046875,1156.27001953125,1160.55004882812,43257600,1160.55004882812
"2010-12-27",1159.59997558594,1161.59997558594,1154.81005859375,1160.28002929688,28451800,1160.28002929688
"2010-12-28",1159.85998535156,1163.42004394531,1158.05004882812,1159.80004882812,59416000,1159.80004882812
"2010-12-29",1160.94995117188,1165.90002441406,1160.68005371094,1165.10998535156,44364600,1165.10998535156
"2010-12-30",1164.56994628906,1165.58996582031,1155.56994628906,1155.56994628906,51305000,1155.56994628906
"2011-01-03",1161.57995605469,1177,1161.11999511719,1176.84997558594,53734600,1176.84997558594
"2011-01-04",1180.5,1181.56005859375,1165.78002929688,1165.88000488281,91664000,1165.88000488281
"2011-01-05",1166.39001464844,1167.08996582031,1149.2099609375,1151.80004882812,71284400,1151.80004882812
"2011-01-07",1159.57995605469,1164.9599609375,1152.03002929688,1159.44995117188,106798400,1159.44995117188
"2011-01-10",1158.73999023438,1160.42004394531,1149.38000488281,1152.60998535156,81689600,1152.60998535156
"2011-01-11",1158.41003417969,1175.03002929688,1154.88000488281,1174.35998535156,173570400,1174.35998535156
"2011-01-12",1175.76000976562,1178.06005859375,1172.77001953125,1174.09997558594,83984800,1174.09997558594
"2011-01-13",1178.9599609375,1179.83996582031,1171.07995605469,1174.43005371094,105304000,1174.43005371094
"2011-01-14",1173.5,1174.46997070312,1163.05004882812,1173.28002929688,79458800,1173.28002929688
"2011-01-17",1173.56005859375,1176.18005371094,1163.55004882812,1169.53002929688,57168600,1169.53002929688
"2011-01-18",1172.82995605469,1180.58996582031,1172.47998046875,1179.2900390625,91346400,1179.2900390625
"2011-01-19",1180.0400390625,1182.56005859375,1153.59997558594,1155.64001464844,141621600,1155.64001464844
"2011-01-20",1154.63000488281,1157.31994628906,1136.42004394531,1136.42004394531,141246800,1136.42004394531
"2011-01-21",1142.42004394531,1156.68994140625,1138.42004394531,1150.83996582031,113608800,1150.83996582031
"2011-01-24",1157.36999511719,1158.58996582031,1138.41003417969,1148.73999023438,103037600,1148.73999023438
"2011-01-25",1154.2900390625,1156.48999023438,1148.66003417969,1152.68994140625,124887800,1152.68994140625
"2011-01-26",1160.07995605469,1176.2900390625,1156.31005859375,1173.84997558594,106684600,1173.84997558594
"2011-01-27",1165.92004394531,1173.28002929688,1165.2099609375,1165.7099609375,142883800,1165.7099609375
"2011-01-28",1165.67004394531,1168.13000488281,1151.80004882812,1151.80004882812,93582600,1151.80004882812
"2011-01-31",1148.55004882812,1150.2900390625,1139.65002441406,1147.21997070312,85723800,1147.21997070312
"2011-02-01",1150.5400390625,1156.19995117188,1141.77001953125,1146.7900390625,117801200,1146.7900390625
"2011-02-02",1150.65002441406,1153.66003417969,1120.68005371094,1130.42004394531,203981600,1130.42004394531
"2011-02-03",1136.43005371094,1144.25,1126.58996582031,1138.71997070312,145684400,1138.71997070312
"2011-02-04",1135.34997558594,1146.26000976562,1133.38000488281,1139.31005859375,278921200,1139.31005859375
"2011-02-07",1143.01000976562,1148.66003417969,1136.69995117188,1140.5,98245800,1140.5
"2011-02-08",1144.69995117188,1144.69995117188,1127.63000488281,1132.82995605469,159125800,1132.82995605469
"2011-02-09",1134.92004394531,1137.51000976562,1130.63000488281,1134.82995605469,104672200,1134.82995605469
"2011-02-10",1134.5,1135.03002929688,1122.31994628906,1127,98557400,1127
"2011-02-11",1127.47998046875,1140.41003417969,1117.90002441406,1139.96997070312,115907600,1139.96997070312
"2011-02-14",1143.89001464844,1146.07995605469,1134.05004882812,1134.05004882812,118557600,1134.05004882812
"2011-02-15",1134.83996582031,1137.57995605469,1119.53002929688,1125.84997558594,104339200,1125.84997558594
"2011-02-16",1128.32995605469,1133.31994628906,1125.59997558594,1128,87360200,1128
"2011-02-17",1131.26000976562,1131.26000976562,1103.97998046875,1110.68994140625,138804200,1110.68994140625
"2011-02-18",1112.66003417969,1119.0400390625,1105.75,1117.22998046875,101023000,1117.22998046875
"2011-02-21",1116.59997558594,1124.72998046875,1108.94995117188,1113.97998046875,85728900,1113.97998046875
"2011-02-22",1108.19995117188,1115.96997070312,1100.76000976562,1112.34997558594,93732800,1112.34997558594
"2011-02-23",1108.16003417969,1109,1090.16003417969,1098.06994628906,116886200,1098.06994628906
"2011-02-24",1088.86999511719,1108.91003417969,1085.06005859375,1102.30004882812,109369600,1102.30004882812
"2011-02-25",1108.30004882812,1118.96997070312,1101.47998046875,1116.7900390625,83274600,1116.7900390625
"2011-02-28",1117.97998046875,1131.84997558594,1111.9599609375,1128.66003417969,122363600,1128.66003417969
"2011-03-01",1131.05004882812,1134.51000976562,1119.16003417969,1119.16003417969,100544800,1119.16003417969
"2011-03-02",1112.31994628906,1112.66003417969,1103.02001953125,1103.60998535156,108233600,1103.60998535156
"2011-03-03",1110.30004882812,1115.51000976562,1105.67004394531,1110.80004882812,110902000,1110.80004882812
"2011-03-04",1115.46997070312,1125.06994628906,1111.18994140625,1112.38000488281,120605800,1112.38000488281
"2011-03-07",1111.46997070312,1127.5400390625,1105.5,1117.97998046875,103712600,1117.97998046875
"2011-03-08",1121.32995605469,1128.46997070312,1119.07995605469,1122.89001464844,90389700,1122.89001464844
"2011-03-09",1125.90002441406,1136.23999023438,1123.61999511719,1126.57995605469,97079000,1126.57995605469
"2011-03-10",1120.58996582031,1130.16003417969,1116.0400390625,1118.98999023438,109838400,1118.98999023438
"2011-03-11",1111.27001953125,1113.36999511719,1101.43994140625,1102.21997070312,105504600,1102.21997070312
"2011-03-14",1092.46997070312,1101.86999511719,1089.27001953125,1091.56005859375,95996800,1091.56005859375
"2011-03-15",1073.39001464844,1073.56994628906,1045.57995605469,1064.59997558594,218124000,1064.59997558594
"2011-03-16",1073.76000976562,1079.7099609375,1055.44995117188,1055.44995117188,174957200,1055.44995117188
"2011-03-17",1065.55004882812,1078.18005371094,1061.02001953125,1075.32995605469,113989800,1075.32995605469
"2011-03-18",1082.51000976562,1093.85998535156,1081.19995117188,1091.36999511719,166312000,1091.36999511719
"2011-03-21",1104.06994628906,1107.44995117188,1100.06005859375,1106.92004394531,117993600,1106.92004394531
"2011-03-22",1109.23999023438,1110.89001464844,1098.18005371094,1105.93994140625,98846400,1105.93994140625
"2011-03-23",1104.19995117188,1114.71997070312,1101.46997070312,1113.27001953125,97937800,1113.27001953125
"2011-03-24",1109.42004394531,1127.07995605469,1108.5400390625,1127.07995605469,92292800,1127.07995605469
"2011-03-25",1126.25,1129.83996582031,1120.51000976562,1127.09997558594,89233400,1127.09997558594
"2011-03-28",1125.47998046875,1132.42004394531,1122.25,1132.27001953125,78607800,1132.27001953125
"2011-03-29",1130.65002441406,1131.21997070312,1123.5400390625,1130.7099609375,76163600,1130.7099609375
"2011-03-30",1136.57995605469,1140.85998535156,1136.07995605469,1138.06005859375,93667600,1138.06005859375
"2011-03-31",1133.23999023438,1138.75,1131.90002441406,1134.86999511719,99203400,1134.86999511719
"2011-04-01",1136.86999511719,1146.69995117188,1133.63000488281,1145.59997558594,93357800,1145.59997558594
"2011-04-04",1145.73999023438,1152.72998046875,1141.92004394531,1151.27001953125,70652600,1151.27001953125
"2011-04-05",1149.06994628906,1151.63000488281,1144.56005859375,1149.13000488281,96199400,1149.13000488281
"2011-04-06",1149.69995117188,1157.60998535156,1145.41003417969,1156.52001953125,98944800,1156.52001953125
"2011-04-07",1150.44995117188,1154.65002441406,1144.27001953125,1145.56005859375,105728000,1145.56005859375
"2011-04-08",1149.42004394531,1152.98999023438,1145.19995117188,1151.36999511719,78753600,1151.36999511719
"2011-04-11",1146.97998046875,1152.5400390625,1145.97998046875,1148.68994140625,75849400,1148.68994140625
"2011-04-12",1141.52001953125,1143.93994140625,1128.90002441406,1131.71997070312,130210600,1131.71997070312
"2011-04-13",1134.9599609375,1141.42004394531,1134.46997070312,1137.86999511719,97649600,1137.86999511719
"2011-04-14",1134.06005859375,1135.39001464844,1122.90002441406,1129.88000488281,88684600,1129.88000488281
"2011-04-15",1129.48999023438,1131.11999511719,1121.43994140625,1123.81005859375,80932200,1123.81005859375
"2011-04-18",1123.88000488281,1125.38000488281,1105.01000976562,1106.7900390625,126729800,1106.7900390625
"2011-04-19",1113.9599609375,1124.75,1109.5,1116.83996582031,116087000,1116.83996582031
"2011-04-20",1125.36999511719,1141.58996582031,1125.25,1140.57995605469,111745400,1140.57995605469
"2011-04-21",1144.10998535156,1144.61999511719,1137.59997558594,1141.13000488281,55764600,1141.13000488281
"2011-04-26",1143.9599609375,1153.91003417969,1139.0400390625,1153.4599609375,98157000,1153.4599609375
"2011-04-27",1162.40002441406,1162.40002441406,1149.25,1154.46997070312,163057400,1154.46997070312
"2011-04-28",1159.35998535156,1161.4599609375,1148.43005371094,1161.4599609375,135693800,1161.4599609375
"2011-04-29",1156.67004394531,1163.06005859375,1154.66003417969,1162.83996582031,101024400,1162.83996582031
"2011-05-02",1167.09997558594,1167.09997558594,1158.83996582031,1163.4599609375,81358600,1163.4599609375
"2011-05-03",1161.19995117188,1162,1146.71997070312,1153.86999511719,126839800,1153.86999511719
"2011-05-04",1154.02001953125,1160.91003417969,1146.43994140625,1148.64001464844,159842400,1148.64001464844
"2011-05-05",1150.75,1153.06005859375,1139.89001464844,1148.82995605469,114228200,1148.82995605469
"2011-05-06",1150.23999023438,1159.32995605469,1140.38000488281,1157.82995605469,118876800,1157.82995605469
"2011-05-09",1155.55004882812,1160.9599609375,1150.18994140625,1157.13000488281,101756400,1157.13000488281
"2011-05-10",1158.96997070312,1167.71997070312,1158.4599609375,1167.53002929688,90495400,1167.53002929688
"2011-05-11",1168.66003417969,1175.07995605469,1167.15002441406,1173.7900390625,91770200,1173.7900390625
"2011-05-12",1166.94995117188,1169.08996582031,1161.22998046875,1166.53002929688,104381800,1166.53002929688
"2011-05-13",1171.69995117188,1171.83996582031,1164.42004394531,1166.5400390625,83303600,1166.5400390625
"2011-05-16",1161.35998535156,1173.47998046875,1158.82995605469,1173.47998046875,91844400,1173.47998046875
"2011-05-17",1168.83996582031,1171.4599609375,1157.68005371094,1157.68005371094,118466400,1157.68005371094
"2011-05-18",1163.06005859375,1165.43005371094,1157,1158.06005859375,86978000,1158.06005859375
"2011-05-19",1163.02001953125,1168.94995117188,1160.0400390625,1166.15002441406,87182600,1166.15002441406
"2011-05-20",1166.68994140625,1173.11999511719,1163.76000976562,1167.06994628906,105814600,1167.06994628906
"2011-05-23",1154.38000488281,1154.68005371094,1137.68994140625,1137.68994140625,106065800,1137.68994140625
"2011-05-24",1139.89001464844,1146.16003417969,1134.96997070312,1134.96997070312,107974400,1134.96997070312
"2011-05-25",1127.55004882812,1152.47998046875,1126.05004882812,1151.92004394531,131986000,1151.92004394531
"2011-05-26",1153.22998046875,1157.52001953125,1139.92004394531,1140.40002441406,98924600,1140.40002441406
"2011-05-27",1148.38000488281,1152.52001953125,1141.94995117188,1149.11999511719,93734800,1149.11999511719
"2011-05-30",1148.61999511719,1155.31005859375,1143.7900390625,1146.41003417969,35847000,1146.41003417969
"2011-05-31",1153.18005371094,1158.40002441406,1148.9599609375,1151.35998535156,134916000,1151.35998535156
"2011-06-01",1154.08996582031,1161.48999023438,1151.47998046875,1159.46997070312,64037800,1159.46997070312
"2011-06-03",1145.02001953125,1146.98999023438,1129.33996582031,1133.67004394531,122395800,1133.67004394531
"2011-06-07",1128.83996582031,1137.73999023438,1126.65002441406,1128.85998535156,89440400,1128.85998535156
"2011-06-08",1124.2900390625,1127.5,1102.9599609375,1102.9599609375,134561900,1102.9599609375
"2011-06-09",1103.44995117188,1117.18994140625,1098.18994140625,1112.23999023438,122924600,1112.23999023438
"2011-06-10",1111.94995117188,1113.57995605469,1091.51000976562,1095.68994140625,106806400,1095.68994140625
"2011-06-13",1097.08996582031,1098.38000488281,1086.96997070312,1089.92004394531,84442200,1089.92004394531
"2011-06-14",1098.58996582031,1111.53002929688,1097.88000488281,1106.48999023438,106995400,1106.48999023438
"2011-06-15",1103.66003417969,1104.81005859375,1087.18005371094,1089.38000488281,102677600,1089.38000488281
"2011-06-16",1079.66003417969,1081.73999023438,1064.67004394531,1078.5,162614200,1078.5
"2011-06-17",1074.90002441406,1093.77001953125,1067.83996582031,1083.43994140625,125700000,1083.43994140625
"2011-06-20",1071.21997070312,1075.72998046875,1064.22998046875,1067.30004882812,97226800,1067.30004882812
"2011-06-21",1074.44995117188,1092.31994628906,1070.92004394531,1092.06994628906,98004000,1092.06994628906
"2011-06-22",1094.73999023438,1095.27001953125,1072.78002929688,1073.15002441406,119425600,1073.15002441406
"2011-06-23",1067.7099609375,1069.81994628906,1053.05004882812,1055.23999023438,114985200,1055.23999023438
"2011-06-27",1049.86999511719,1069.32995605469,1048.46997070312,1068.89001464844,113722600,1068.89001464844
"2011-06-28",1072.17004394531,1082.91003417969,1068.31005859375,1072.35998535156,110455800,1072.35998535156
"2011-06-29",1079.34997558594,1103.68005371094,1077.89001464844,1100.03002929688,124993000,1100.03002929688
"2011-06-30",1105.27001953125,1118.65002441406,1102.0400390625,1115.22998046875,109514600,1115.22998046875
"2011-07-01",1117.34997558594,1119.90002441406,1104.13000488281,1118.05004882812,94882600,1118.05004882812
"2011-07-04",1119.41003417969,1127.53002929688,1117.5,1125.91003417969,59723000,1125.91003417969
"2011-07-05",1125.06005859375,1128.48999023438,1120.7099609375,1127.26000976562,67602400,1127.26000976562
"2011-07-06",1125.26000976562,1127.77001953125,1115.16003417969,1118.85998535156,81352800,1118.85998535156
"2011-07-07",1123.03002929688,1137.01000976562,1120.2099609375,1135.15002441406,81711600,1135.15002441406
"2011-07-08",1137.71997070312,1142.10998535156,1119.35998535156,1120.57995605469,91672000,1120.57995605469
"2011-07-11",1114.59997558594,1116.83996582031,1101.21997070312,1103.39001464844,82893200,1103.39001464844
"2011-07-12",1091,1099.42004394531,1075.47998046875,1099.18994140625,136491600,1099.18994140625
"2011-07-13",1096.25,1109.10998535156,1094.92004394531,1108.13000488281,85887200,1108.13000488281
"2011-07-14",1099.06005859375,1103.2900390625,1085.88000488281,1091.61999511719,104586600,1091.61999511719
"2011-07-15",1081.89001464844,1086.84997558594,1077.10998535156,1079.64001464844,101461200,1079.64001464844
"2011-07-18",1076.4599609375,1081.82995605469,1052.73999023438,1056.11999511719,116675400,1056.11999511719
"2011-07-19",1057.14001464844,1078.18005371094,1052.06994628906,1076.7099609375,129580400,1076.7099609375
"2011-07-20",1087.44995117188,1094.41003417969,1084.51000976562,1093.58996582031,126713200,1093.58996582031
"2011-07-21",1090.86999511719,1094.81994628906,1067.5400390625,1088.16003417969,177222200,1088.16003417969
"2011-07-22",1099.30004882812,1100.51000976562,1082.63000488281,1091,115652200,1091
"2011-07-25",1082.93005371094,1092.13000488281,1080.19995117188,1086.38000488281,72439800,1086.38000488281
"2011-07-26",1086.78002929688,1089.7900390625,1070.57995605469,1078.13000488281,77151800,1078.13000488281
"2011-07-27",1071.73999023438,1083.07995605469,1066.7099609375,1070.5,78779000,1070.5
"2011-07-28",1061.16003417969,1073.34997558594,1059.43005371094,1068.7900390625,82792000,1068.7900390625
"2011-07-29",1060.17004394531,1071.25,1053.31005859375,1065.96997070312,89036400,1065.96997070312
"2011-08-01",1081.16003417969,1087.18005371094,1035.92004394531,1039.05004882812,115796800,1039.05004882812
"2011-08-02",1033.65002441406,1035.56005859375,1011.28997802734,1012.70001220703,142185600,1012.70001220703
"2011-08-03",997.72998046875,1008.22998046875,979.390014648438,981.510009765625,167037800,981.510009765625
"2011-08-04",995.210021972656,996.429992675781,939.630004882812,939.630004882812,212922000,939.630004882812
"2011-08-05",909.390014648438,966.330017089844,901.010009765625,947.780029296875,274525000,947.780029296875
"2011-08-08",927.22998046875,954.119995117188,901.950012207031,902.070007324219,242898400,902.070007324219
"2011-08-09",897.909973144531,930.030029296875,860.409973144531,930.030029296875,289833600,930.030029296875
"2011-08-10",952.369995117188,952.369995117188,893.299987792969,904.580017089844,241223000,904.580017089844
"2011-08-11",921.97998046875,937.719970703125,892.900024414062,937.700012207031,212029800,937.700012207031
"2011-08-12",941.419982910156,960.330017089844,919.140014648438,957.590026855469,159973000,957.590026855469
"2011-08-15",966.539978027344,969.369995117188,949.119995117188,967.580017089844,104888200,967.580017089844
"2011-08-16",963.809997558594,963.809997558594,936.049987792969,957.369995117188,138539600,957.369995117188
"2011-08-17",950.599975585938,965.159973144531,939.849975585938,957.530029296875,116862800,957.530029296875
"2011-08-18",944.909973144531,947.330017089844,890.929992675781,893.080017089844,236787800,893.080017089844
"2011-08-19",889.789978027344,893.909973144531,851.140014648438,877.429992675781,222812200,877.429992675781
"2011-08-22",867.739990234375,904.809997558594,867.739990234375,887.849975585938,136509400,887.849975585938
"2011-08-23",899.580017089844,911.950012207031,891.570007324219,905.669982910156,147706400,905.669982910156
"2011-08-24",914.179992675781,934.369995117188,899.340026855469,916.260009765625,156047600,916.260009765625
"2011-08-25",926.960021972656,930.849975585938,902.159973144531,903.210021972656,158691400,903.210021972656
"2011-08-26",899.799987792969,907.469970703125,884,904.320007324219,123848000,904.320007324219
"2011-08-29",919.590026855469,928.47998046875,907.909973144531,927.369995117188,72872600,927.369995117188
"2011-08-30",938.280029296875,938.280029296875,921.200012207031,930.130004882812,108439400,930.130004882812
"2011-08-31",933.080017089844,963.090026855469,930.739990234375,954.630004882812,151851600,954.630004882812
"2011-09-01",956.840026855469,966.080017089844,942.849975585938,961.549987792969,133928800,961.549987792969
"2011-09-02",950.460021972656,951.380004882812,927.099975585938,932.099975585938,141125400,932.099975585938
"2011-09-05",912.289978027344,915.380004882812,886.539978027344,887.409973144531,0,887.409973144531
"2011-09-06",886.320007324219,899.580017089844,875.119995117188,887.27001953125,157720400,887.27001953125
"2011-09-07",905.409973144531,918.02001953125,899.75,918.02001953125,123426600,918.02001953125
"2011-09-08",917.059997558594,925.27001953125,904.659973144531,918.820007324219,113934400,918.820007324219
"2011-09-09",913.590026855469,917.289978027344,883.090026855469,884.599975585938,110797000,884.599975585938
"2011-09-12",862.539978027344,875.840026855469,859.690002441406,862.580017089844,137449200,862.580017089844
"2011-09-13",876.630004882812,884.330017089844,853.47998046875,878.400024414062,162097400,878.400024414062
"2011-09-14",867.739990234375,895.280029296875,867.739990234375,890.679992675781,154021400,890.679992675781
"2011-09-15",903.150024414062,926.320007324219,899.010009765625,924.619995117188,155750000,924.619995117188
"2011-09-16",933.760009765625,939.140014648438,924.109985351562,927.150024414062,143992400,927.150024414062
"2011-09-19",912.690002441406,914.409973144531,895.010009765625,895.419982910156,100962800,895.419982910156
"2011-09-20",888.630004882812,918.760009765625,888.409973144531,918.760009765625,128817400,918.760009765625
"2011-09-21",917.549987792969,919,905.719970703125,906.400024414062,93368600,906.400024414062
"2011-09-22",884.590026855469,887.880004882812,862.169982910156,862.169982910156,139168000,862.169982910156
"2011-09-23",871.260009765625,873.659973144531,833.030029296875,862.349975585938,144757200,862.349975585938
"2011-09-26",848.25,884.52001953125,846.179992675781,872.97998046875,138375800,872.97998046875
"2011-09-27",894.909973144531,927.27001953125,891.97998046875,927.27001953125,152739200,927.27001953125
"2011-09-28",919.460021972656,927.710021972656,901.640014648438,904.349975585938,130685400,904.349975585938
"2011-09-29",903.070007324219,931.719970703125,902.119995117188,930.359985351562,123847600,930.359985351562
"2011-09-30",926.619995117188,928.950012207031,903.289978027344,910.169982910156,139742800,910.169982910156
"2011-10-03",892.429992675781,909.239990234375,885.450012207031,902.719970703125,122439400,902.719970703125
"2011-10-04",889.02001953125,890.280029296875,855.739990234375,867.02001953125,181769200,867.02001953125
"2011-10-05",884.77001953125,899.760009765625,869.97998046875,899.760009765625,137361800,899.760009765625
"2011-10-06",905.960021972656,920.5,897.400024414062,920.5,150038600,920.5
"2011-10-07",922.969970703125,933.580017089844,912.719970703125,918.280029296875,122756200,918.280029296875
"2011-10-10",925.010009765625,948.289978027344,921.049987792969,948.289978027344,113228600,948.289978027344
"2011-10-11",947.380004882812,952.210021972656,937.349975585938,946.780029296875,89281400,946.780029296875
"2011-10-12",943.799987792969,960.700012207031,933.510009765625,957.739990234375,163309600,957.739990234375
"2011-10-13",954.840026855469,965.450012207031,933.349975585938,936.219970703125,118841800,936.219970703125
"2011-10-14",940.080017089844,959.669982910156,936.799987792969,956.390014648438,110079200,956.390014648438
"2011-10-17",963.119995117188,969.599975585938,933.330017089844,939.400024414062,119796000,939.400024414062
"2011-10-18",932.02001953125,949.450012207031,926.590026855469,945.530029296875,105108400,945.530029296875
"2011-10-19",950.080017089844,952.710021972656,939.239990234375,942.219970703125,133936800,942.219970703125
"2011-10-20",932.650024414062,951.299987792969,927.380004882812,934.049987792969,148265600,934.049987792969
"2011-10-21",938.659973144531,965.739990234375,934.909973144531,965.200012207031,134385800,965.200012207031
"2011-10-24",969.599975585938,978.609985351562,964.409973144531,978.080017089844,112663200,978.080017089844
"2011-10-25",976.349975585938,985.869995117188,965.239990234375,975.669982910156,136171200,975.669982910156
"2011-10-26",973.119995117188,996.669982910156,972.659973144531,983.080017089844,113265800,983.080017089844
"2011-10-27",1008.45001220703,1029.66003417969,1003.36999511719,1029.33996582031,175596600,1029.33996582031
"2011-10-28",1033.60998535156,1037.43005371094,1019.90997314453,1025.71997070312,129010200,1025.71997070312
"2011-10-31",1015.45001220703,1021.08001708984,990.440002441406,990.440002441406,119361200,990.440002441406
"2011-11-01",963.640014648438,969.349975585938,940.950012207031,945.859985351562,168946200,945.859985351562
"2011-11-02",955.150024414062,965.719970703125,942.25,964.900024414062,139846600,964.900024414062
"2011-11-03",947.669982910156,989.619995117188,947.390014648438,979.780029296875,128127600,979.780029296875
"2011-11-04",986.869995117188,993.469970703125,979.25,987.159973144531,58988000,987.159973144531
"2011-11-07",970.070007324219,984.739990234375,960.97998046875,968.390014648438,110540000,968.390014648438
"2011-11-08",968.650024414062,982.940002441406,967.77001953125,970.450012207031,92338200,970.450012207031
"2011-11-09",977.309997558594,979.960021972656,936.859985351562,946.719970703125,132742600,946.719970703125
"2011-11-10",927.830017089844,957.030029296875,925.210021972656,945.900024414062,111906600,945.900024414062
"2011-11-11",950.309997558594,978.799987792969,942.630004882812,976.510009765625,91872000,976.510009765625
"2011-11-14",983.150024414062,985.47998046875,959.469970703125,962.909973144531,90155600,962.909973144531
"2011-11-15",955.559997558594,965.489990234375,946.840026855469,959.340026855469,102588400,959.340026855469
"2011-11-16",957.299987792969,970.239990234375,951.820007324219,961.169982910156,110600000,961.169982910156
"2011-11-17",953.619995117188,959.859985351562,938.789978027344,947.460021972656,103616000,947.460021972656
"2011-11-18",940.090026855469,949.309997558594,935.960021972656,941.25,105847600,941.25
"2011-11-21",934.75,934.940002441406,905.989990234375,907.400024414062,105970000,907.400024414062
"2011-11-22",912.969970703125,917.460021972656,899.090026855469,905.760009765625,100924200,905.760009765625
"2011-11-23",896.320007324219,913.960021972656,886.989990234375,888.809997558594,112400400,888.809997558594
"2011-11-24",894.099975585938,905.049987792969,875.809997558594,886.510009765625,0,886.510009765625
"2011-11-25",886.72998046875,895.590026855469,872.929992675781,889.219970703125,102779000,889.219970703125
"2011-11-28",899.52001953125,927.469970703125,899.359985351562,927.159973144531,106380800,927.159973144531
"2011-11-29",926.400024414062,933,916.010009765625,931.440002441406,108094400,931.440002441406
"2011-11-30",921.039978027344,981.739990234375,917.390014648438,979.359985351562,247418000,979.359985351562
"2011-12-01",978.469970703125,981.359985351562,964.190002441406,967.309997558594,118823400,967.309997558594
"2011-12-02",974.219970703125,980.559997558594,971.320007324219,974.47998046875,103082400,974.47998046875
"2011-12-05",983.200012207031,992.030029296875,976.039978027344,988.710021972656,89803600,988.710021972656
"2011-12-06",980.22998046875,987.190002441406,971.799987792969,977.460021972656,95316200,977.460021972656
"2011-12-07",986.799987792969,989.590026855469,964.820007324219,978.820007324219,118275600,978.820007324219
"2011-12-08",984.080017089844,986.119995117188,956.380004882812,956.570007324219,134438400,956.570007324219
"2011-12-09",948.799987792969,972.719970703125,946.679992675781,963.25,123755600,963.25
"2011-12-12",960.650024414062,961.349975585938,941.659973144531,941.849975585938,93503800,941.849975585938
"2011-12-13",943.890014648438,968.760009765625,937.619995117188,956.119995117188,122650400,956.119995117188
"2011-12-14",951.590026855469,959.820007324219,936.659973144531,939.299987792969,123638400,939.299987792969
"2011-12-15",940.640014648438,951.5,932.109985351562,946.679992675781,113433000,946.679992675781
"2011-12-16",948.169982910156,950,935.260009765625,937.690002441406,114091000,937.690002441406
"2011-12-19",931.179992675781,949.440002441406,930.059997558594,934.27001953125,84887400,934.27001953125
"2011-12-20",932.5,960.549987792969,927.469970703125,959.669982910156,107912200,959.669982910156
"2011-12-21",966.690002441406,973.849975585938,953.5,959.599975585938,105587600,959.599975585938
"2011-12-22",960.690002441406,970.900024414062,960.239990234375,970.900024414062,87117600,970.900024414062
"2011-12-23",976.869995117188,982.080017089844,972.489990234375,982.080017089844,51197600,982.080017089844
"2011-12-27",983.309997558594,985.890014648438,975.580017089844,976.900024414062,34198600,976.900024414062
"2011-12-28",974.599975585938,981.369995117188,966.940002441406,969.359985351562,65031200,969.359985351562
"2011-12-29",970.179992675781,977.52001953125,967.309997558594,977.52001953125,52069400,977.52001953125
"2011-12-30",981.549987792969,988.159973144531,975.849975585938,987.849975585938,69011000,987.849975585938
"2012-01-02",NA,NA,NA,NA,NA,NA
"2012-01-03",1004.36999511719,1018.79998779297,1000.70001220703,1018.79998779297,99026000,1018.79998779297
"2012-01-04",1012.70001220703,1015.84997558594,1002.29998779297,1006.30999755859,112812600,1006.30999755859
"2012-01-05",1005.32000732422,1005.32000732422,998.280029296875,1002.17999267578,66478400,1002.17999267578
"2012-01-09",998.840026855469,1001.29998779297,994.179992675781,996.890014648438,105855800,996.890014648438
"2012-01-10",1002.75,1013.88000488281,1002.15997314453,1012.67999267578,107081600,1012.67999267578
"2012-01-11",1011.28997802734,1015.41998291016,1005.66998291016,1009.60998535156,96589400,1009.60998535156
"2012-01-12",1011.90997314453,1025.22998046875,1010.65997314453,1015.5,122561200,1015.5
"2012-01-13",1021.48999023438,1023.5,1000.55999755859,1009,115723800,1009
"2012-01-16",1000.48999023438,1014.27001953125,1000.05999755859,1013.51000976562,72861000,1013.51000976562
"2012-01-17",1022.96002197266,1026.27001953125,1016.15997314453,1025.06005859375,114628700,1025.06005859375
"2012-01-18",1025.0400390625,1029.65002441406,1013.88000488281,1028.61999511719,108223800,1028.61999511719
"2012-01-19",1031.57995605469,1041.5400390625,1029.25,1037.81994628906,126665800,1037.81994628906
"2012-01-20",1040.08996582031,1040.15002441406,1030.43994140625,1033.30004882812,100242600,1033.30004882812
"2012-01-23",1033.08996582031,1042.60998535156,1029.47998046875,1042.36999511719,95206400,1042.36999511719
"2012-01-24",1038.31994628906,1040.21997070312,1023.96997070312,1034.0400390625,122358600,1034.0400390625
"2012-01-25",1026.36999511719,1031.27001953125,1018.78002929688,1026,155937200,1026
"2012-01-26",1028.71997070312,1050.88000488281,1028.10998535156,1046.01000976562,164587200,1046.01000976562
"2012-01-27",1042.84997558594,1051.41003417969,1038.0400390625,1041.40002441406,99254600,1041.40002441406
"2012-01-30",1034.13000488281,1036.56005859375,1021.77001953125,1028.35998535156,87161400,1028.35998535156
"2012-01-31",1034.36999511719,1044.5400390625,1033.46997070312,1036.33996582031,135970600,1036.33996582031
"2012-02-01",1034.7099609375,1067.31005859375,1034.7099609375,1065.2900390625,150534600,1065.2900390625
"2012-02-02",1067.9599609375,1070.85998535156,1058.59997558594,1066.11999511719,115205400,1066.11999511719
"2012-02-03",1065.80004882812,1083.15002441406,1062.88000488281,1078.66003417969,121744600,1078.66003417969
"2012-02-06",1077.38000488281,1077.38000488281,1064.85998535156,1074.10998535156,91039600,1074.10998535156
"2012-02-07",1076.35998535156,1077.33996582031,1062.72998046875,1074.36999511719,119810000,1074.36999511719
"2012-02-08",1078.7900390625,1084.58996582031,1071.9599609375,1074.60998535156,113398800,1074.60998535156
"2012-02-09",1076.19995117188,1082.96997070312,1071.73999023438,1077.11999511719,111324200,1077.11999511719
"2012-02-10",1072.28002929688,1075.58996582031,1058.5,1065.36999511719,110840000,1065.36999511719
"2012-02-13",1073.43994140625,1080.77001953125,1070.39001464844,1074.31005859375,74550000,1074.31005859375
"2012-02-14",1072.5,1080.28002929688,1067.14001464844,1069.64001464844,94853200,1069.64001464844
"2012-02-15",1074.39001464844,1085.55004882812,1074.31994628906,1082.69995117188,94241400,1082.69995117188
"2012-02-16",1075.55004882812,1088.77001953125,1071.18994140625,1088.18005371094,94589600,1088.18005371094
"2012-02-17",1095.11999511719,1101.56005859375,1092.18994140625,1099.55004882812,107729400,1099.55004882812
"2012-02-20",1104.46997070312,1112.80004882812,1100.31005859375,1111.9599609375,85073200,1111.9599609375
"2012-02-21",1113.10998535156,1113.44995117188,1104.56005859375,1106.42004394531,92545600,1106.42004394531
"2012-02-22",1106.28002929688,1108.18994140625,1087.51000976562,1096.06005859375,125762600,1096.06005859375
"2012-02-23",1093.80004882812,1100.18994140625,1085.32995605469,1096.17004394531,127734800,1096.17004394531
"2012-02-24",1099.5400390625,1102.14001464844,1091.43005371094,1100.01000976562,103984400,1100.01000976562
"2012-02-27",1095.47998046875,1097.48999023438,1082.25,1093.56994628906,93770600,1093.56994628906
"2012-02-28",1096.09997558594,1102.4599609375,1092.92004394531,1102.17004394531,95401200,1102.17004394531
"2012-02-29",1103.5400390625,1109.78002929688,1099.22998046875,1101.76000976562,108959400,1101.76000976562
"2012-03-01",1098.05004882812,1108.88000488281,1092.71997070312,1104.57995605469,92524600,1104.57995605469
"2012-03-02",1106,1106.75,1096.91003417969,1105.10998535156,78908600,1105.10998535156
"2012-03-05",1101.31994628906,1101.56994628906,1091.58996582031,1097.42004394531,74740400,1097.42004394531
"2012-03-06",1091.46997070312,1091.68005371094,1055.47998046875,1057.56994628906,134813400,1057.56994628906
"2012-03-07",1055.55004882812,1068.96997070312,1054.93005371094,1062.64001464844,109443600,1062.64001464844
"2012-03-08",1071.96997070312,1091.31005859375,1071.61999511719,1091.31005859375,132573200,1091.31005859375
"2012-03-09",1092.11999511719,1095.18994140625,1083.90002441406,1089.80004882812,107027000,1089.80004882812
"2012-03-12",1087.17004394531,1094.43994140625,1084.38000488281,1092.31005859375,72839600,1092.31005859375
"2012-03-13",1098.63000488281,1106.23999023438,1098.63000488281,1106.11999511719,89772200,1106.11999511719
"2012-03-14",1111.93005371094,1117.81005859375,1109.56994628906,1115.66003417969,98472000,1115.66003417969
"2012-03-15",1118.42004394531,1121.09997558594,1112.31994628906,1121.09997558594,100561800,1121.09997558594
"2012-03-16",1120.2099609375,1127.5400390625,1117.09997558594,1123.34997558594,118682200,1123.34997558594
"2012-03-19",1121.25,1122.43994140625,1114.93005371094,1121.39001464844,91052000,1121.39001464844
"2012-03-20",1115.23999023438,1116.06994628906,1100.72998046875,1104.61999511719,106840000,1104.61999511719
"2012-03-21",1106.68994140625,1110.75,1085.43994140625,1088.76000976562,143821400,1088.76000976562
"2012-03-22",1089.78002929688,1096.2900390625,1070.64001464844,1077.33996582031,116039400,1077.33996582031
"2012-03-23",1077.43005371094,1084.56994628906,1068.27001953125,1084.2900390625,95560200,1084.2900390625
"2012-03-26",1087.17004394531,1102.88000488281,1079.93994140625,1102.88000488281,95884400,1102.88000488281
"2012-03-27",1106.09997558594,1110.01000976562,1093.33996582031,1095.42004394531,95875200,1095.42004394531
"2012-03-28",1089.33996582031,1096.83996582031,1081.27001953125,1083.92004394531,97608000,1083.92004394531
"2012-03-29",1071.21997070312,1081.21997070312,1054.4599609375,1058.31994628906,123247000,1058.31994628906
"2012-03-30",1065.73999023438,1074.88000488281,1062.67004394531,1074.47998046875,110143000,1074.47998046875
"2012-04-02",1075.2900390625,1086.46997070312,1064.0400390625,1086.46997070312,121469200,1086.46997070312
"2012-04-03",1086.01000976562,1088.83996582031,1079.56005859375,1080.56005859375,99695000,1080.56005859375
"2012-04-04",1068.81005859375,1070.78002929688,1036.81994628906,1041.60998535156,137917000,1041.60998535156
"2012-04-05",1045.81994628906,1051.5400390625,1030.93994140625,1036.40002441406,55589600,1036.40002441406
"2012-04-10",1027.67004394531,1031.94995117188,1013.61999511719,1013.61999511719,106793600,1013.61999511719
"2012-04-11",1014.34997558594,1032.38000488281,1014.28997802734,1026.80004882812,135966800,1026.80004882812
"2012-04-12",1033.06005859375,1050.91003417969,1024.89001464844,1049.85998535156,123244600,1049.85998535156
"2012-04-13",1047.93005371094,1048,1025.41003417969,1027.71997070312,101184200,1027.71997070312
"2012-04-16",1024.09997558594,1044.21997070312,1021.76000976562,1036.41003417969,91813800,1036.41003417969
"2012-04-17",1033.30004882812,1060.25,1032.67004394531,1055.23999023438,112632600,1055.23999023438
"2012-04-18",1053.63000488281,1053.78002929688,1033.61999511719,1036.15002441406,113241600,1036.15002441406
"2012-04-19",1042.17004394531,1052.42004394531,1039.64001464844,1041.64001464844,138475200,1041.64001464844
"2012-04-20",1040.81005859375,1055.96997070312,1037.26000976562,1055.72998046875,109774400,1055.72998046875
"2012-04-23",1046.71997070312,1048.08996582031,1004.57000732422,1007.32000732422,157419400,1007.32000732422
"2012-04-24",1021.27001953125,1030.85998535156,1015.16998291016,1026.61999511719,159186800,1026.61999511719
"2012-04-25",1035.73999023438,1044.86999511719,1034.56994628906,1041.67004394531,164453800,1041.67004394531
"2012-04-26",1044.17004394531,1050.27001953125,1029.40002441406,1035.01000976562,133264400,1035.01000976562
"2012-04-27",1038.81994628906,1057.98999023438,1033.52001953125,1056.67004394531,135600000,1056.67004394531
"2012-04-30",1056.58996582031,1060.78002929688,1053.22998046875,1059.61999511719,71589800,1059.61999511719
"2012-05-02",1069.67004394531,1071.42004394531,1044.86999511719,1051.47998046875,117751200,1051.47998046875
"2012-05-03",1052.19995117188,1063.27001953125,1049.06994628906,1059.90002441406,102848800,1059.90002441406
"2012-05-04",1047.57995605469,1050.66003417969,1026.03002929688,1031.94995117188,110586600,1031.94995117188
"2012-05-07",1012.78002929688,1032.32995605469,1011.95001220703,1030.7099609375,67354600,1030.7099609375
"2012-05-08",1026.31994628906,1030.44995117188,1015.46997070312,1018.53997802734,106681200,1018.53997802734
"2012-05-09",1023.85998535156,1029.47998046875,1006.28002929688,1018.53002929688,105748400,1018.53002929688
"2012-05-10",1025.84997558594,1030.71997070312,1015.76000976562,1026.5,97736600,1026.5
"2012-05-11",1023.65997314453,1033.13000488281,1018.15997314453,1032.41003417969,80379000,1032.41003417969
"2012-05-14",1024.10998535156,1026.06994628906,994.75,1004.86999511719,103693200,1004.86999511719
"2012-05-15",1008.59002685547,1015.51000976562,996.359985351562,999.219970703125,99250400,999.219970703125
"2012-05-16",990.190002441406,995.22998046875,983.25,986.940002441406,63459600,986.940002441406
"2012-05-18",967.02001953125,971.140014648438,955.140014648438,955.97998046875,131224200,955.97998046875
"2012-05-21",955.429992675781,977.5,955.010009765625,975.969970703125,90525400,975.969970703125
"2012-05-22",985.25,1004.16998291016,984.219970703125,1000.53002929688,110339000,1000.53002929688
"2012-05-23",989.599975585938,992.710021972656,973.75,974.559997558594,104368000,974.559997558594
"2012-05-24",984.539978027344,988.130004882812,971.419982910156,986.619995117188,75029400,986.619995117188
"2012-05-25",987.559997558594,995.52001953125,976.260009765625,985.030029296875,79178600,985.030029296875
"2012-05-28",992.580017089844,1000.67999267578,976.880004882812,985.119995117188,59836600,985.119995117188
"2012-05-29",990.789978027344,1006.90997314453,988.75,1001.83001708984,93429800,1001.83001708984
"2012-05-30",994.450012207031,1000.02001953125,982.630004882812,986.609985351562,99380000,986.609985351562
"2012-05-31",989.150024414062,991.489990234375,969.159973144531,975.97998046875,134104400,975.97998046875
"2012-06-01",980.049987792969,980.530029296875,946.369995117188,956.700012207031,145939800,956.700012207031
"2012-06-04",946.489990234375,956.760009765625,941.109985351562,946.119995117188,67891800,946.119995117188
"2012-06-05",952.539978027344,957.619995117188,948.690002441406,951.909973144531,63457200,951.909973144531
"2012-06-07",970.489990234375,990.570007324219,970.489990234375,981.950012207031,134597800,981.950012207031
"2012-06-08",974.700012207031,978.969970703125,962.900024414062,975.760009765625,134359400,975.760009765625
"2012-06-11",996.580017089844,1002.07000732422,981.900024414062,982.289978027344,100899600,982.289978027344
"2012-06-12",978.859985351562,988.070007324219,976.130004882812,987.159973144531,91432600,987.159973144531
"2012-06-13",990.869995117188,997.059997558594,971.429992675781,976.010009765625,134930600,976.010009765625
"2012-06-14",975.369995117188,976.030029296875,958.27001953125,971.659973144531,116814400,971.659973144531
"2012-06-15",978.609985351562,980.369995117188,973.77001953125,977.530029296875,111709600,977.530029296875
"2012-06-18",990.849975585938,992.440002441406,971.760009765625,981.049987792969,90064600,981.049987792969
"2012-06-19",980.890014648438,1000.90002441406,980.890014648438,1000.19000244141,87552200,1000.19000244141
"2012-06-20",1005.95001220703,1016.11999511719,996.679992675781,1014.98999023438,95625600,1014.98999023438
"2012-06-21",1009.60998535156,1015.64001464844,1005.17999267578,1009.84002685547,87272000,1009.84002685547
"2012-06-25",999.419982910156,999.5,984.320007324219,985.340026855469,93574600,985.340026855469
"2012-06-26",987.909973144531,989.900024414062,976.390014648438,981.640014648438,76671000,981.640014648438
"2012-06-27",987.679992675781,993.150024414062,981.190002441406,991.969970703125,68268400,991.969970703125
"2012-06-28",996.010009765625,996.010009765625,971.900024414062,979.530029296875,83765400,979.530029296875
"2012-06-29",1002.89001464844,1019.05999755859,998.25,1019.05999755859,121211800,1019.05999755859
"2012-07-02",1020.59002685547,1030.61999511719,1019.08001708984,1024.85998535156,89325200,1024.85998535156
"2012-07-03",1027.83996582031,1040.16003417969,1026.61999511719,1040.16003417969,93541200,1040.16003417969
"2012-07-04",1037.66003417969,1042.31994628906,1030.35998535156,1038.42004394531,47596400,1038.42004394531
"2012-07-05",1037.91003417969,1048.38000488281,1028.02001953125,1035.86999511719,88984600,1035.86999511719
"2012-07-06",1030.90002441406,1035.52001953125,1023.86999511719,1023.86999511719,67056400,1023.86999511719
"2012-07-09",1022.26000976562,1025.93994140625,1018.53997802734,1020.44000244141,66004800,1020.44000244141
"2012-07-10",1023.64001464844,1032.76000976562,1016.73999023438,1028.08996582031,68930200,1028.08996582031
"2012-07-11",1021.94000244141,1029.86999511719,1019.01000976562,1026.11999511719,75889400,1026.11999511719
"2012-07-12",1021.65002441406,1021.78002929688,1009.32000732422,1013.71997070312,72961800,1013.71997070312
"2012-07-13",1016.78002929688,1033.81994628906,1016.78002929688,1030.93994140625,64700400,1030.93994140625
"2012-07-16",1031.9599609375,1037.80004882812,1029.40002441406,1037.80004882812,83310800,1037.80004882812
"2012-07-17",1036.36999511719,1041.19995117188,1022.21002197266,1024.43994140625,113908400,1024.43994140625
"2012-07-18",1023.88000488281,1034.08996582031,1017,1032.81994628906,130701400,1032.81994628906
"2012-07-19",1039.4599609375,1051.4599609375,1036.52001953125,1050.7099609375,114129400,1050.7099609375
"2012-07-20",1048.81994628906,1052.76000976562,1037.90002441406,1041.56005859375,112506000,1041.56005859375
"2012-07-23",1029.38000488281,1033.53002929688,1011.66998291016,1021.80999755859,88943600,1021.80999755859
"2012-07-24",1020.53002929688,1026.35998535156,1015.46997070312,1021.77001953125,72005400,1021.77001953125
"2012-07-25",1015.13000488281,1034.41003417969,1014.83001708984,1029.30004882812,78488000,1029.30004882812
"2012-07-26",1029.05004882812,1053.52001953125,1021.09002685547,1048.36999511719,106452600,1048.36999511719
"2012-07-27",1053.08996582031,1061.96997070312,1042.2099609375,1059.75,90443800,1059.75
"2012-07-30",1064.65002441406,1067.89001464844,1056.86999511719,1066.13000488281,61670000,1066.13000488281
"2012-07-31",1066.19995117188,1071.41003417969,1061.60998535156,1068.16003417969,79093200,1068.16003417969
"2012-08-01",1067.68994140625,1068.98999023438,1060.98999023438,1065.91003417969,102561200,1065.91003417969
"2012-08-02",1064.67004394531,1079.84997558594,1053.48999023438,1058.09997558594,102937200,1058.09997558594
"2012-08-03",1060.81994628906,1081.26000976562,1059.71997070312,1081.06994628906,76426800,1081.06994628906
"2012-08-06",1079.71997070312,1082.84997558594,1074.23999023438,1076.43994140625,77098000,1076.43994140625
"2012-08-07",1076.82995605469,1077.9599609375,1063.2900390625,1075.69995117188,82913200,1075.69995117188
"2012-08-08",1071.90002441406,1079.94995117188,1069.65002441406,1079.94995117188,75468200,1079.94995117188
"2012-08-09",1084.07995605469,1085.28002929688,1075.98999023438,1083.67004394531,77344200,1083.67004394531
"2012-08-10",1079.06005859375,1082.5,1070.2900390625,1079.52001953125,75930200,1079.52001953125
"2012-08-13",1076.44995117188,1079.55004882812,1071.53002929688,1077.27001953125,65683600,1077.27001953125
"2012-08-14",1080.10998535156,1083.39001464844,1074.01000976562,1079.4599609375,69834800,1079.4599609375
"2012-08-15",1076.55004882812,1077.48999023438,1072.85998535156,1075.17004394531,68488000,1075.17004394531
"2012-08-16",1075.08996582031,1078.33996582031,1071.7099609375,1078.0400390625,62993600,1078.0400390625
"2012-08-17",1081.11999511719,1092.59997558594,1080.92004394531,1091.44995117188,87132400,1091.44995117188
"2012-08-20",1090.27001953125,1093.73999023438,1081.01000976562,1084.06005859375,56743200,1084.06005859375
"2012-08-21",1084.34997558594,1086.2900390625,1079.84997558594,1085.06994628906,68534400,1085.06994628906
"2012-08-22",1077.08996582031,1077.08996582031,1057.84997558594,1061.80004882812,80475400,1061.80004882812
"2012-08-23",1068.98999023438,1072.84997558594,1051.01000976562,1055.17004394531,69565800,1055.17004394531
"2012-08-24",1053.18005371094,1059.11999511719,1049.05004882812,1058.57995605469,84975000,1058.57995605469
"2012-08-27",1057.21997070312,1065.55004882812,1055.92004394531,1065.55004882812,54999000,1065.55004882812
"2012-08-28",1059.57995605469,1059.68005371094,1040.82995605469,1040.82995605469,88360200,1040.82995605469
"2012-08-29",1044.06994628906,1050.57995605469,1040.39001464844,1045.72998046875,73803600,1045.72998046875
"2012-08-30",1042.15002441406,1044.22998046875,1033.02001953125,1038.38000488281,77061000,1038.38000488281
"2012-08-31",1037.39001464844,1048.27001953125,1034.23999023438,1043.93005371094,82886600,1043.93005371094
"2012-09-03",1040.42004394531,1052.75,1039.98999023438,1049.52001953125,53609000,1049.52001953125
"2012-09-04",1050.25,1050.25,1032.53002929688,1035.73999023438,74593600,1035.73999023438
"2012-09-05",1033.85998535156,1040.73999023438,1028.93005371094,1038.13000488281,113408000,1038.13000488281
"2012-09-06",1040.25,1063.73999023438,1038.41003417969,1058.44995117188,123030900,1058.44995117188
"2012-09-07",1064.53002929688,1074.82995605469,1064.53002929688,1070.86999511719,127275000,1070.86999511719
"2012-09-10",1067.58996582031,1073.31005859375,1066.89001464844,1067.56994628906,66098800,1067.56994628906
"2012-09-11",1064.15002441406,1076.64001464844,1060.43994140625,1076.56994628906,80807600,1076.56994628906
"2012-09-12",1078.57995605469,1087.94995117188,1073.4599609375,1085.76000976562,120684600,1085.76000976562
"2012-09-13",1082.46997070312,1086.7099609375,1080.81005859375,1086.30004882812,86979400,1086.30004882812
"2012-09-14",1103.44995117188,1119.18994140625,1102.0400390625,1114.97998046875,153696400,1114.97998046875
"2012-09-17",1108.48999023438,1112.65002441406,1106.18994140625,1108.53002929688,92722000,1108.53002929688
"2012-09-18",1103.91003417969,1105.76000976562,1096.63000488281,1100.97998046875,98308800,1100.97998046875
"2012-09-19",1102.97998046875,1108.53002929688,1101.67004394531,1106.43005371094,76902400,1106.43005371094
"2012-09-20",1099.64001464844,1102.68005371094,1095.42004394531,1100.22998046875,85451400,1100.22998046875
"2012-09-21",1104.68005371094,1106.41003417969,1097.52001953125,1099.89001464844,102038800,1099.89001464844
"2012-09-24",1095.03002929688,1100.11999511719,1092.06994628906,1099.72998046875,84809200,1099.72998046875
"2012-09-25",1096.73999023438,1106.06994628906,1092.63000488281,1105.72998046875,115582200,1105.72998046875
"2012-09-26",1096.78002929688,1097.08996582031,1085.48999023438,1088.16003417969,93398200,1088.16003417969
"2012-09-27",1084.27001953125,1091.34997558594,1080.77001953125,1083.61999511719,97671800,1083.61999511719
"2012-09-28",1087.05004882812,1088.5400390625,1072.23999023438,1072.44995117188,99073800,1072.44995117188
"2012-10-01",1069.72998046875,1086.64001464844,1069.34997558594,1085.14001464844,73753400,1085.14001464844
"2012-10-02",1080.31994628906,1090.01000976562,1078.09997558594,1084.96997070312,85470600,1084.96997070312
"2012-10-03",1079.43994140625,1084.19995117188,1076.84997558594,1080.23999023438,75908800,1080.23999023438
"2012-10-04",1084.23999023438,1085.10998535156,1076.0400390625,1083.08996582031,78797600,1083.08996582031
"2012-10-05",1085.58996582031,1098.71997070312,1085.55004882812,1093.5400390625,82402800,1093.5400390625
"2012-10-08",1087.34997558594,1087.96997070312,1078.36999511719,1079.91003417969,56630600,1079.91003417969
"2012-10-09",1081.76000976562,1084.17004394531,1073.2900390625,1073.66003417969,70340400,1073.66003417969
"2012-10-10",1069.94995117188,1072.33996582031,1059.4599609375,1061.55004882812,88848800,1061.55004882812
"2012-10-11",1057.63000488281,1069.02001953125,1055.84997558594,1065.33996582031,81804200,1065.33996582031
"2012-10-12",1063.38000488281,1064.7900390625,1056.68994140625,1058.69995117188,73866600,1058.69995117188
"2012-10-15",1058.07995605469,1068.06994628906,1058,1063.7099609375,71935200,1063.7099609375
"2012-10-16",1068.03002929688,1072.85998535156,1062.71997070312,1072.85998535156,90998800,1072.85998535156
"2012-10-17",1073.93994140625,1076.16003417969,1068.84997558594,1075.5,109369800,1075.5
"2012-10-18",1076.75,1083.56994628906,1072.48999023438,1082.71997070312,141471600,1082.71997070312
"2012-10-19",1079.34997558594,1081.39001464844,1064.61999511719,1064.64001464844,98440600,1064.64001464844
"2012-10-22",1063.93994140625,1075.94995117188,1061.89001464844,1067.28002929688,90480000,1067.28002929688
"2012-10-23",1068.52001953125,1068.52001953125,1044.19995117188,1048.59997558594,116456800,1048.59997558594
"2012-10-24",1043.60998535156,1054.71997070312,1034.55004882812,1050.46997070312,142184400,1050.46997070312
"2012-10-25",1049.93005371094,1062.33996582031,1046.11999511719,1057.73999023438,100762400,1057.73999023438
"2012-10-26",1050.10998535156,1061.01000976562,1048.17004394531,1059.19995117188,93468200,1059.19995117188
"2012-10-29",1054.7900390625,1059.51000976562,1051.52001953125,1055.56994628906,57140200,1055.56994628906
"2012-10-30",1054.94995117188,1061.61999511719,1054.72998046875,1059.19995117188,52162400,1059.19995117188
"2012-10-31",1061.2099609375,1065.69995117188,1051.9599609375,1052.10998535156,80066200,1052.10998535156
"2012-11-01",1050.03002929688,1064.07995605469,1047.28002929688,1062.51000976562,88179800,1062.51000976562
"2012-11-02",1063.46997070312,1069.91003417969,1062.59997558594,1069.91003417969,39772800,1069.91003417969
"2012-11-05",1066.31994628906,1068.27001953125,1062.18005371094,1063.34997558594,71285400,1063.34997558594
"2012-11-06",1064.41003417969,1073.88000488281,1063.16003417969,1072.47998046875,78754600,1072.47998046875
"2012-11-07",1078.51000976562,1079.03002929688,1056.40002441406,1056.40002441406,104541200,1056.40002441406
"2012-11-08",1062.69995117188,1064.36999511719,1052.5,1055.52001953125,84209600,1055.52001953125
"2012-11-09",1054.52001953125,1059.44995117188,1043.64001464844,1052.15002441406,72502200,1052.15002441406
"2012-11-12",1051.41003417969,1057.48999023438,1049.59997558594,1052.30004882812,54778400,1052.30004882812
"2012-11-13",1048.10998535156,1053.94995117188,1040.13000488281,1052.97998046875,76178000,1052.97998046875
"2012-11-14",1051.4599609375,1056.86999511719,1048.83996582031,1052.21997070312,86119800,1052.21997070312
"2012-11-15",1043.60998535156,1045.60998535156,1037.56005859375,1038.32995605469,77072400,1038.32995605469
"2012-11-16",1038.53002929688,1043.01000976562,1026.46997070312,1027.0400390625,82322800,1027.0400390625
"2012-11-19",1035.14001464844,1051.35998535156,1034.69995117188,1051.35998535156,81548600,1051.35998535156
"2012-11-20",1049.46997070312,1055.21997070312,1047.44995117188,1053.91003417969,154911900,1053.91003417969
"2012-11-21",1050.55004882812,1056.90002441406,1048.16003417969,1053.64001464844,73288800,1053.64001464844
"2012-11-22",1056.58996582031,1062.18994140625,1054.01000976562,1060.97998046875,74734400,1060.97998046875
"2012-11-23",1061.93005371094,1071.77001953125,1058.31005859375,1071.77001953125,74724800,1071.77001953125
"2012-11-26",1069.2900390625,1074.2099609375,1065.10998535156,1068.97998046875,75724200,1068.97998046875
"2012-11-27",1073.05004882812,1075.56005859375,1068.23999023438,1071.72998046875,74222000,1071.72998046875
"2012-11-28",1067.28002929688,1069.96997070312,1061.18994140625,1069.39001464844,70854200,1069.39001464844
"2012-11-29",1074.85998535156,1085.03002929688,1074.21997070312,1085.03002929688,84898600,1085.03002929688
"2012-11-30",1084.39001464844,1090.93994140625,1083.25,1085.84997558594,96186800,1085.84997558594
"2012-12-03",1089.16003417969,1096.93994140625,1086.83996582031,1088.88000488281,66045000,1088.88000488281
"2012-12-04",1087.43994140625,1090.06005859375,1085.16003417969,1088.59997558594,58040000,1088.59997558594
"2012-12-05",1092.46997070312,1096.26000976562,1090.41003417969,1091.32995605469,77696800,1091.32995605469
"2012-12-06",1095.7900390625,1102.7099609375,1094.92004394531,1098.03002929688,93998600,1098.03002929688
"2012-12-07",1099.07995605469,1100.83996582031,1094.66003417969,1098.61999511719,74771000,1098.61999511719
"2012-12-10",1094.55004882812,1107.03002929688,1093.55004882812,1105.94995117188,88198800,1105.94995117188
"2012-12-11",1104.72998046875,1109.56005859375,1101.98999023438,1108.9599609375,85372200,1108.9599609375
"2012-12-12",1109.97998046875,1109.97998046875,1102.21997070312,1103.34997558594,76564800,1103.34997558594
"2012-12-13",1102.7900390625,1103.88000488281,1092.11999511719,1092.11999511719,127037800,1092.11999511719
"2012-12-14",1094.2099609375,1099.06994628906,1093.55004882812,1098.07995605469,78843400,1098.07995605469
"2012-12-17",1098.32995605469,1102.41003417969,1094.80004882812,1101.7099609375,78044600,1101.7099609375
"2012-12-18",1105.63000488281,1108.75,1103.09997558594,1107.47998046875,114168400,1107.47998046875
"2012-12-19",1109.73999023438,1110.03002929688,1103.94995117188,1108.93994140625,100253600,1108.93994140625
"2012-12-20",1102.0400390625,1109.19995117188,1101.91003417969,1108.06994628906,80034000,1108.06994628906
"2012-12-21",1101.59997558594,1109.14001464844,1097.97998046875,1107.93005371094,95839200,1107.93005371094
"2012-12-27",1104.18005371094,1114.05004882812,1104.06994628906,1110.91003417969,62233200,1110.91003417969
"2012-12-28",1111.17004394531,1114,1104.68994140625,1104.72998046875,72443600,1104.72998046875
"2013-01-02",1122.4599609375,1129.9599609375,1116.61999511719,1129.9599609375,80529000,1129.9599609375
"2013-01-03",1127.60998535156,1130.89001464844,1126.09997558594,1130.40002441406,63056000,1130.40002441406
"2013-01-04",1128.86999511719,1136.77001953125,1126.38000488281,1136.77001953125,63223400,1136.77001953125
"2013-01-07",1136.91003417969,1137.36999511719,1130.13000488281,1130.13000488281,85150400,1130.13000488281
"2013-01-08",1128.63000488281,1133.28002929688,1124.31994628906,1125.39001464844,86838600,1125.39001464844
"2013-01-09",1126.43005371094,1128.66003417969,1118.97998046875,1127.67004394531,88190600,1127.67004394531
"2013-01-10",1129.55004882812,1131.27001953125,1125.40002441406,1126.86999511719,143521400,1126.86999511719
"2013-01-11",1130,1132.28002929688,1126.66003417969,1132.28002929688,96680200,1132.28002929688
"2013-01-14",1133.17004394531,1138.06994628906,1130.78002929688,1132.83996582031,82373600,1132.83996582031
"2013-01-15",1132.5,1133.96997070312,1125.39001464844,1127.51000976562,115548400,1127.51000976562
"2013-01-16",1127.18994140625,1130.65002441406,1123.73999023438,1130.61999511719,77205000,1130.61999511719
"2013-01-17",1129.73999023438,1137.72998046875,1129.43994140625,1136.19995117188,95528800,1136.19995117188
"2013-01-18",1141.17004394531,1141.17004394531,1133.4599609375,1135.02001953125,80721200,1135.02001953125
"2013-01-21",1136.36999511719,1143.63000488281,1135.01000976562,1143.08996582031,75624600,1143.08996582031
"2013-01-22",1142.31005859375,1142.9599609375,1135.32995605469,1139.15002441406,97183600,1139.15002441406
"2013-01-23",1137.31005859375,1141.98999023438,1136.75,1140.81994628906,94827600,1140.81994628906
"2013-01-24",1140.08996582031,1146.93005371094,1137.83996582031,1146.93005371094,131329400,1146.93005371094
"2013-01-25",1146.81005859375,1158.5,1144.7099609375,1158.5,97562200,1158.5
"2013-01-28",1162.18005371094,1162.48999023438,1157.66003417969,1160.25,91469000,1160.25
"2013-01-29",1159.75,1161.96997070312,1155.73999023438,1161.96997070312,81973600,1161.96997070312
"2013-01-30",1165.17004394531,1173.38000488281,1162.96997070312,1173.38000488281,147655600,1173.38000488281
"2013-01-31",1177.03002929688,1182.11999511719,1168.25,1169.17004394531,175589600,1169.17004394531
"2013-02-01",1167.71997070312,1178.86999511719,1167.53002929688,1176.10998535156,133204200,1176.10998535156
"2013-02-04",1177.03002929688,1177.41003417969,1160.47998046875,1161.18994140625,119587400,1161.18994140625
"2013-02-05",1156.81994628906,1175.5400390625,1156.81994628906,1175.5400390625,127662600,1175.5400390625
"2013-02-06",1174.71997070312,1181.03002929688,1168.67004394531,1174.7900390625,143984400,1174.7900390625
"2013-02-07",1174.14001464844,1177.06005859375,1163.65002441406,1165.7099609375,103719000,1165.7099609375
"2013-02-08",1168.43005371094,1175.64001464844,1165.52001953125,1175.05004882812,103434400,1175.05004882812
"2013-02-11",1174.71997070312,1176.28002929688,1166.26000976562,1171.01000976562,85402000,1171.01000976562
"2013-02-12",1171.75,1176.68005371094,1166.36999511719,1175.97998046875,77369800,1175.97998046875
"2013-02-13",1179.09997558594,1186.02001953125,1176.64001464844,1185.4599609375,84017000,1185.4599609375
"2013-02-14",1183.5400390625,1184.55004882812,1176.97998046875,1182.91003417969,103650200,1182.91003417969
"2013-02-15",1181.63000488281,1187.52001953125,1180.56005859375,1183.43005371094,88350600,1183.43005371094
"2013-02-18",1183.26000976562,1186.44995117188,1181.08996582031,1185.97998046875,60025800,1185.97998046875
"2013-02-19",1184.16003417969,1193.80004882812,1183.7900390625,1193.77001953125,85032300,1193.77001953125
"2013-02-20",1193.5400390625,1201.28002929688,1191.68005371094,1200.5400390625,96719800,1200.5400390625
"2013-02-21",1194.81994628906,1195.14001464844,1184.56005859375,1188.94995117188,96924000,1188.94995117188
"2013-02-22",1191.26000976562,1207.35998535156,1191.26000976562,1205.09997558594,94506200,1205.09997558594
"2013-02-25",1208.10998535156,1212.31994628906,1197.90002441406,1199.43994140625,92856600,1199.43994140625
"2013-02-26",1180.81994628906,1191.67004394531,1180.76000976562,1180.90002441406,100779400,1180.90002441406
"2013-02-27",1185.71997070312,1194.13000488281,1178.53002929688,1194.06994628906,83942000,1194.06994628906
"2013-02-28",1196.7099609375,1200,1192.52001953125,1199.40002441406,92843400,1199.40002441406
"2013-03-01",1199.93994140625,1203.76000976562,1189.77001953125,1199.2099609375,84787200,1199.2099609375
"2013-03-04",1194.85998535156,1203.64001464844,1190.36999511719,1203.46997070312,78125200,1203.46997070312
"2013-03-05",1208.75,1219.21997070312,1208.55004882812,1217.41003417969,107005200,1217.41003417969
"2013-03-06",1217.68005371094,1221,1208.09997558594,1208.39001464844,87335600,1208.39001464844
"2013-03-07",1211.9599609375,1213.32995605469,1206.06994628906,1208.08996582031,96616800,1208.08996582031
"2013-03-08",1213.58996582031,1219.82995605469,1211.40002441406,1215.14001464844,86170000,1215.14001464844
"2013-03-11",1215.01000976562,1218.28002929688,1212.09997558594,1218.07995605469,58591600,1218.07995605469
"2013-03-12",1215.69995117188,1219.5,1208.30004882812,1208.52001953125,100430800,1208.52001953125
"2013-03-13",1209.66003417969,1211.46997070312,1202.98999023438,1210.89001464844,75354600,1210.89001464844
"2013-03-14",1216.2099609375,1222.80004882812,1214.88000488281,1221.84997558594,88122200,1221.84997558594
"2013-03-15",1217.88000488281,1218.98999023438,1213.81994628906,1217.34997558594,118163600,1217.34997558594
"2013-03-18",1195.93005371094,1211.84997558594,1194.82995605469,1209.67004394531,101810400,1209.67004394531
"2013-03-19",1206.26000976562,1210.18994140625,1195.39001464844,1195.97998046875,136248200,1195.97998046875
"2013-03-20",1201.44995117188,1205.82995605469,1198.05004882812,1203.09997558594,107155400,1203.09997558594
"2013-03-21",1197.35998535156,1198.47998046875,1183.63000488281,1187.71997070312,104335000,1187.71997070312
"2013-03-22",1182.31005859375,1196.97998046875,1179.75,1196.43005371094,97368400,1196.43005371094
"2013-03-25",1204.06994628906,1206.78002929688,1191.5,1195.57995605469,96290400,1195.57995605469
"2013-03-26",1196.83996582031,1199.91003417969,1192.34997558594,1194.98999023438,83457400,1194.98999023438
"2013-03-27",1197.32995605469,1200.19995117188,1185.06005859375,1194.48999023438,84292600,1194.48999023438
"2013-03-28",1195.36999511719,1203.43994140625,1192.75,1201.18994140625,50687600,1201.18994140625
"2013-04-02",1202.26000976562,1211.25,1200.90002441406,1210.07995605469,94595400,1210.07995605469
"2013-04-03",1206.89001464844,1210.35998535156,1201.01000976562,1203.38000488281,100316000,1203.38000488281
"2013-04-04",1200.91003417969,1201.4599609375,1179.81994628906,1183.01000976562,108345400,1183.01000976562
"2013-04-05",1181.51000976562,1184.80004882812,1162.06994628906,1168.7900390625,106118000,1168.7900390625
"2013-04-08",1173.7099609375,1177.82995605469,1162.08996582031,1164.84997558594,73575600,1164.84997558594
"2013-04-09",1169.39001464844,1178.40002441406,1169.38000488281,1175.61999511719,85303800,1175.61999511719
"2013-04-10",1175.75,1194.67004394531,1175.72998046875,1193.66003417969,105627600,1193.66003417969
"2013-04-11",1191.26000976562,1197.36999511719,1190.43994140625,1195.53002929688,82237800,1195.53002929688
"2013-04-12",1190.58996582031,1192.40002441406,1183.33996582031,1185.32995605469,88499000,1185.32995605469
"2013-04-15",1184.56994628906,1186.93994140625,1168.56994628906,1177.60998535156,93560800,1177.60998535156
"2013-04-16",1171.41003417969,1177.19995117188,1164.40002441406,1167.47998046875,92687000,1167.47998046875
"2013-04-17",1171.06005859375,1171.06005859375,1146.52001953125,1147.47998046875,132327200,1147.47998046875
"2013-04-18",1151.02001953125,1155.46997070312,1140.68994140625,1146.65002441406,136220400,1146.65002441406
"2013-04-19",1151.43005371094,1153.98999023438,1143.4599609375,1147.31005859375,102900200,1147.31005859375
"2013-04-22",1153.82995605469,1158.2900390625,1142.81005859375,1143.30004882812,107002400,1143.30004882812
"2013-04-23",1144.90002441406,1172.7900390625,1143.82995605469,1172.7900390625,149674000,1172.7900390625
"2013-04-24",1166.02001953125,1176.91003417969,1161.05004882812,1176.91003417969,136944800,1176.91003417969
"2013-04-25",1175.40002441406,1198.32995605469,1174.66003417969,1194.85998535156,142432000,1194.85998535156
"2013-04-26",1187.71997070312,1196.55004882812,1186.75,1194.66003417969,123452600,1194.66003417969
"2013-04-29",1194.58996582031,1200.19995117188,1188.38000488281,1198.10998535156,169257900,1198.10998535156
"2013-04-30",1198.43005371094,1204.0400390625,1198.32995605469,1198.98999023438,56437200,1198.98999023438
"2013-05-02",1191.30004882812,1197.09997558594,1186.7900390625,1194.42004394531,100945800,1194.42004394531
"2013-05-03",1197.75,1208.60998535156,1190.93994140625,1203.33996582031,92003800,1203.33996582031
"2013-05-06",1202.21997070312,1207.19995117188,1200,1205.17004394531,59773000,1205.17004394531
"2013-05-07",1207.31005859375,1215.14001464844,1207.18994140625,1208.09997558594,103822600,1208.09997558594
"2013-05-08",1209.84997558594,1221.82995605469,1209.27001953125,1221.82995605469,46235400,1221.82995605469
"2013-05-13",1227.63000488281,1230.47998046875,1220.81005859375,1223.89001464844,81763400,1223.89001464844
"2013-05-14",1224.93994140625,1225.97998046875,1218.34997558594,1224.84997558594,91710800,1224.84997558594
"2013-05-15",1224.0400390625,1230.40002441406,1222.91003417969,1230.11999511719,78049600,1230.11999511719
"2013-05-16",1230.60998535156,1239.91003417969,1228.81994628906,1235,106604200,1235
"2013-05-17",1234.66003417969,1244.67004394531,1232.53002929688,1244.25,94030000,1244.25
"2013-05-20",1245.94995117188,1250.09997558594,1240.0400390625,1243.36999511719,73172400,1243.36999511719
"2013-05-21",1241.9599609375,1248.16003417969,1236.31005859375,1248.14001464844,84161800,1248.14001464844
"2013-05-22",1248.9599609375,1257.56005859375,1246.28002929688,1254.56994628906,88254800,1254.56994628906
"2013-05-23",1232.30004882812,1234.17004394531,1216.05004882812,1224.44995117188,117676600,1224.44995117188
"2013-05-24",1229.81005859375,1231.2900390625,1214.81994628906,1217.06005859375,76634800,1217.06005859375
"2013-05-27",1221.93005371094,1231.68005371094,1220.68005371094,1231.68005371094,38522400,1231.68005371094
"2013-05-28",1236.40002441406,1245.80004882812,1236.40002441406,1244.0400390625,75184000,1244.0400390625
"2013-05-29",1237.85998535156,1238.23999023438,1220.48999023438,1222.36999511719,148889600,1222.36999511719
"2013-05-30",1217.69995117188,1229.0400390625,1216.66003417969,1225.18005371094,86647800,1225.18005371094
"2013-05-31",1225.55004882812,1225.55004882812,1209.56005859375,1214.77001953125,116015400,1214.77001953125
"2013-06-03",1207.63000488281,1222.66003417969,1202.39001464844,1209.7099609375,78980400,1209.7099609375
"2013-06-04",1214.98999023438,1220,1205.46997070312,1207.56005859375,67836000,1207.56005859375
"2013-06-05",1201.2900390625,1205.17004394531,1182.77001953125,1185.0400390625,80804400,1185.0400390625
"2013-06-07",1182.93005371094,1197.97998046875,1175.53002929688,1192.97998046875,105491800,1192.97998046875
"2013-06-10",1191.68994140625,1197.17004394531,1188.91003417969,1192.85998535156,72350800,1192.85998535156
"2013-06-11",1189.63000488281,1190.96997070312,1178.5400390625,1184.61999511719,106984200,1184.61999511719
"2013-06-12",1182.39001464844,1192.91003417969,1176.53002929688,1177.26000976562,77924800,1177.26000976562
"2013-06-13",1163.30004882812,1174.03002929688,1155.93994140625,1173.56994628906,103459200,1173.56994628906
"2013-06-14",1181.92004394531,1185.2099609375,1174.42004394531,1177.58996582031,95488200,1177.58996582031
"2013-06-17",1180.35998535156,1196.44995117188,1180.22998046875,1191.39001464844,80308400,1191.39001464844
"2013-06-18",1188.25,1198.11999511719,1183.40002441406,1193.94995117188,69280000,1193.94995117188
"2013-06-19",1191.18994140625,1192.2099609375,1174.16003417969,1174.83996582031,204088000,1174.83996582031
"2013-06-20",1162.56005859375,1163.66003417969,1137.11999511719,1138.59997558594,168383600,1138.59997558594
"2013-06-21",1138.59997558594,1138.59997558594,1138.59997558594,1138.59997558594,0,1138.59997558594
"2013-06-24",1122.4599609375,1129.33996582031,1108.9599609375,1112.14001464844,138746000,1112.14001464844
"2013-06-25",1120.55004882812,1133.2099609375,1117.88000488281,1129.25,129660800,1129.25
"2013-06-26",1131.72998046875,1147.81994628906,1128.77001953125,1144.78002929688,95435200,1144.78002929688
"2013-06-27",1147.58996582031,1163.33996582031,1144.06994628906,1161,170707700,1161
"2013-06-28",1163.21997070312,1166.35998535156,1150.26000976562,1151,106167200,1151
"2013-07-01",1158.31005859375,1165.97998046875,1150.39001464844,1165.64001464844,90683400,1165.64001464844
"2013-07-02",1167.33996582031,1167.33996582031,1153.88000488281,1161.38000488281,81864400,1161.38000488281
"2013-07-03",1154.66003417969,1154.72998046875,1141.90002441406,1154.5400390625,74164600,1154.5400390625
"2013-07-04",1159.7099609375,1178.30004882812,1158.82995605469,1175.21997070312,87148600,1175.21997070312
"2013-07-05",1177.56005859375,1186.32995605469,1164.83996582031,1167.52001953125,152347200,1167.52001953125
"2013-07-08",1173.52001953125,1186.9599609375,1173.52001953125,1182.64001464844,65727800,1182.64001464844
"2013-07-09",1186.57995605469,1194.77001953125,1185.18005371094,1194.76000976562,81296800,1194.76000976562
"2013-07-10",1192.69995117188,1197.33996582031,1185.81005859375,1195.31005859375,73667400,1195.31005859375
"2013-07-11",1208.47998046875,1211.36999511719,1204.89001464844,1211.36999511719,81235200,1211.36999511719
"2013-07-12",1212.77001953125,1216.92004394531,1210.56994628906,1210.72998046875,73476600,1210.72998046875
"2013-07-15",1216.93005371094,1222.59997558594,1213.89001464844,1215.22998046875,71950200,1215.22998046875
"2013-07-16",1217.85998535156,1219.68994140625,1210.40002441406,1212.61999511719,92062400,1212.61999511719
"2013-07-17",1215.9599609375,1218.38000488281,1205.7099609375,1211.09997558594,103521800,1211.09997558594
"2013-07-18",1208.35998535156,1219.56994628906,1207.42004394531,1217.56994628906,128883000,1217.56994628906
"2013-07-19",1219.15002441406,1221.2099609375,1208.7099609375,1221.2099609375,100974200,1221.2099609375
"2013-07-22",1221.39001464844,1225.17004394531,1210.23999023438,1213.38000488281,66674200,1213.38000488281
"2013-07-23",1217.39001464844,1222.4599609375,1215.05004882812,1216.68005371094,63383400,1216.68005371094
"2013-07-24",1221.63000488281,1232.60998535156,1220.07995605469,1230.33996582031,73102800,1230.33996582031
"2013-07-25",1227.94995117188,1232.94995117188,1220.72998046875,1232.94995117188,65580000,1232.94995117188
"2013-07-26",1235.85998535156,1237.26000976562,1224.66003417969,1227.85998535156,49049400,1227.85998535156
"2013-07-29",1227.80004882812,1236.2900390625,1224.89001464844,1226.97998046875,44728400,1226.97998046875
"2013-07-30",1230.5,1238.78002929688,1230.5,1236.85998535156,51069100,1236.85998535156
"2013-07-31",1234.25,1242.05004882812,1233.30004882812,1234.06994628906,52510500,1234.06994628906
"2013-08-01",1240.66003417969,1248.38000488281,1240.09997558594,1248.38000488281,55594100,1248.38000488281
"2013-08-02",1250.78002929688,1252.81994628906,1246.06005859375,1250.5400390625,44641900,1250.5400390625
"2013-08-05",1250.63000488281,1253.65002441406,1248.31005859375,1251.77001953125,46480800,1251.77001953125
"2013-08-06",1251.16003417969,1254,1239.94995117188,1242.11999511719,60710400,1242.11999511719
"2013-08-07",1239.33996582031,1244.30004882812,1236.08996582031,1240.41003417969,62672400,1240.41003417969
"2013-08-08",1246.56005859375,1254.35998535156,1245.07995605469,1249.21997070312,61137600,1249.21997070312
"2013-08-09",1253.14001464844,1258.06994628906,1249.93994140625,1253.7900390625,64371500,1253.7900390625
"2013-08-12",1255.59997558594,1257.2099609375,1250.02001953125,1253.68994140625,62952700,1253.68994140625
"2013-08-13",1256.97998046875,1263.56994628906,1254.07995605469,1260.43994140625,79361400,1260.43994140625
"2013-08-14",1261.84997558594,1265.88000488281,1260.19995117188,1262.47998046875,57319400,1262.47998046875
"2013-08-15",1258.57995605469,1258.71997070312,1238.41003417969,1245.34997558594,66809400,1245.34997558594
"2013-08-16",1243.64001464844,1255.2099609375,1240.82995605469,1255.02001953125,59111800,1255.02001953125
"2013-08-19",1255.31994628906,1257.44995117188,1250.17004394531,1250.83996582031,67306300,1250.83996582031
"2013-08-20",1245.16003417969,1248.23999023438,1236.68994140625,1247.15002441406,64213300,1247.15002441406
"2013-08-21",1249.31994628906,1250.03002929688,1226.05004882812,1226.05004882812,76806200,1226.05004882812
"2013-08-22",1226.56005859375,1241.43994140625,1226.56005859375,1237.14001464844,67239200,1237.14001464844
"2013-08-23",1238.90002441406,1243.81994628906,1234.83996582031,1243.81994628906,59738700,1243.81994628906
"2013-08-26",1245.59997558594,1246.94995117188,1234.91003417969,1245.98999023438,54061600,1245.98999023438
"2013-08-27",1240.89001464844,1241.41003417969,1222.43994140625,1224.84997558594,90128700,1224.84997558594
"2013-08-28",1208.01000976562,1226.02001953125,1206.11999511719,1218.15002441406,88445100,1218.15002441406
"2013-08-29",1222.7900390625,1225.53002929688,1218.42004394531,1224.31005859375,67169400,1224.31005859375
"2013-08-30",1226.17004394531,1226.22998046875,1214.02001953125,1214.34997558594,80503700,1214.34997558594
"2013-09-02",1222.10998535156,1232.38000488281,1220.97998046875,1230.88000488281,60100200,1230.88000488281
"2013-09-03",1235.36999511719,1240.98999023438,1226.21997070312,1238.64001464844,165818800,1238.64001464844
"2013-09-04",1240.47998046875,1244.58996582031,1232.7099609375,1242.52001953125,90748100,1242.52001953125
"2013-09-05",1241.86999511719,1250.10998535156,1241.58996582031,1243.90002441406,117630700,1243.90002441406
"2013-09-06",1244.94995117188,1250.13000488281,1238.44995117188,1249.05004882812,109091800,1249.05004882812
"2013-09-09",1249.43994140625,1251.05004882812,1242.48999023438,1249.10998535156,70751900,1249.10998535156
"2013-09-10",1255.68005371094,1268.25,1255.68005371094,1268.21997070312,91962000,1268.21997070312
"2013-09-11",1268.09997558594,1274.16003417969,1265.85998535156,1270.66003417969,85912900,1270.66003417969
"2013-09-12",1269.81994628906,1271.38000488281,1265.18005371094,1268.30004882812,96953200,1268.30004882812
"2013-09-13",1266.0400390625,1266.89001464844,1262.2099609375,1265.96997070312,80713400,1265.96997070312
"2013-09-16",1279.98999023438,1279.98999023438,1273.77001953125,1278.41003417969,90079100,1278.41003417969
"2013-09-17",1276.14001464844,1277.53002929688,1273.61999511719,1274.21997070312,70743100,1274.21997070312
"2013-09-18",1275.19995117188,1277.11999511719,1271.38000488281,1276.73999023438,79463600,1276.73999023438
"2013-09-19",1291.19995117188,1291.88000488281,1282.92004394531,1286.48999023438,97118500,1286.48999023438
"2013-09-20",1284.80004882812,1287.01000976562,1283.18994140625,1285.78002929688,80654300,1285.78002929688
"2013-09-23",1284.66003417969,1286.68994140625,1273.33996582031,1274.77001953125,75502900,1274.77001953125
"2013-09-24",1275.26000976562,1282.72998046875,1274.78002929688,1282.72998046875,97889900,1282.72998046875
"2013-09-25",1275.2099609375,1276.65002441406,1263.03002929688,1265.68994140625,152342700,1265.68994140625
"2013-09-26",1275.60998535156,1277.41003417969,1272.27001953125,1275.22998046875,100124800,1275.22998046875
"2013-09-27",1276.08996582031,1279.67004394531,1266.23999023438,1269.47998046875,78335200,1269.47998046875
"2013-09-30",1258.2099609375,1262.14001464844,1253.2900390625,1259.59997558594,88755400,1259.59997558594
"2013-10-01",1261.10998535156,1269.25,1258.61999511719,1268.34997558594,73357600,1268.34997558594
"2013-10-02",1264.91003417969,1265.28002929688,1255.53002929688,1260.23999023438,75476700,1260.23999023438
"2013-10-03",1261.69995117188,1267.97998046875,1254.56994628906,1256.27001953125,84152100,1256.27001953125
"2013-10-04",1255.11999511719,1258.82995605469,1250.82995605469,1251.39001464844,76836800,1251.39001464844
"2013-10-07",1249.34997558594,1249.34997558594,1239.26000976562,1246.85998535156,69564600,1246.85998535156
"2013-10-08",1246.58996582031,1247.84997558594,1239.92004394531,1241.81994628906,77760300,1241.81994628906
"2013-10-09",1239.17004394531,1245.84997558594,1234.0400390625,1235.35998535156,79239600,1235.35998535156
"2013-10-10",1242.31005859375,1261.61999511719,1242.17004394531,1260.52001953125,79926700,1260.52001953125
"2013-10-11",1265.09997558594,1268.01000976562,1260.23999023438,1266.39001464844,63521900,1266.39001464844
"2013-10-14",1261.18994140625,1262.01000976562,1254.4599609375,1258.71997070312,60132900,1258.71997070312
"2013-10-15",1264.05004882812,1272.39001464844,1262.5,1265.4599609375,93286900,1265.4599609375
"2013-10-16",1262.39001464844,1266.93994140625,1253.77001953125,1266.01000976562,81583600,1266.01000976562
"2013-10-17",1267.39001464844,1269.10998535156,1257.98999023438,1266.91003417969,95713800,1266.91003417969
"2013-10-18",1270.2099609375,1283.90002441406,1268.34997558594,1283.90002441406,82306500,1283.90002441406
"2013-10-21",1284.80004882812,1290.76000976562,1284.23999023438,1288.55004882812,74069400,1288.55004882812
"2013-10-22",1291.91003417969,1300.92004394531,1291.03002929688,1300.22998046875,121677800,1300.22998046875
"2013-10-23",1295.09997558594,1295.09997558594,1288.7900390625,1291.61999511719,97768200,1291.61999511719
"2013-10-24",1291.13000488281,1298.66003417969,1290.02001953125,1298.59997558594,117982600,1298.59997558594
"2013-10-25",1291.60998535156,1291.60998535156,1284.31005859375,1290.63000488281,125041100,1290.63000488281
"2013-10-28",1293.90002441406,1294.96997070312,1285.30004882812,1288.42004394531,92372000,1288.42004394531
"2013-10-29",1285.01000976562,1293.69995117188,1285.01000976562,1290.78002929688,91106400,1290.78002929688
"2013-10-30",1292.92004394531,1295.59997558594,1287.94995117188,1291.14001464844,86961200,1291.14001464844
"2013-10-31",1288.27001953125,1290.68005371094,1281.88000488281,1283.52001953125,86236000,1283.52001953125
"2013-11-01",1285.44995117188,1285.48999023438,1274.94995117188,1278.42004394531,39257100,1278.42004394531
"2013-11-04",1283.07995605469,1286.31994628906,1279.72998046875,1281.41003417969,64587800,1281.41003417969
"2013-11-05",1284.01000976562,1285.2900390625,1271.57995605469,1274.06994628906,76784700,1274.06994628906
"2013-11-06",1276.71997070312,1288.14001464844,1275.11999511719,1283.47998046875,96824500,1283.47998046875
"2013-11-07",1284.68005371094,1296.47998046875,1279.84997558594,1284.68994140625,105801500,1284.68994140625
"2013-11-08",1277.97998046875,1287.15002441406,1274.94995117188,1281.85998535156,77921800,1281.85998535156
"2013-11-11",1283.9599609375,1287.98999023438,1282.67004394531,1287.7099609375,52540600,1287.7099609375
"2013-11-12",1288.01000976562,1288.01000976562,1278.91003417969,1279.85998535156,71947200,1279.85998535156
"2013-11-13",1276.31994628906,1278.36999511719,1269.75,1274.69995117188,79225000,1274.69995117188
"2013-11-14",1284.4599609375,1289.4599609375,1281.83996582031,1289.17004394531,79164300,1289.17004394531
"2013-11-15",1291.86999511719,1296.76000976562,1289.77001953125,1295.93005371094,80363200,1295.93005371094
"2013-11-18",1293.98999023438,1305.43005371094,1293.43005371094,1304.80004882812,81164600,1304.80004882812
"2013-11-19",1299.33996582031,1301.17004394531,1296.41003417969,1299.51000976562,64543900,1299.51000976562
"2013-11-20",1296.68005371094,1298.28002929688,1289.67004394531,1294.69995117188,68146600,1294.69995117188
"2013-11-21",1288.7099609375,1290.57995605469,1281.77001953125,1290.5,60734500,1290.5
"2013-11-22",1292.36999511719,1297.86999511719,1290.44995117188,1297.86999511719,61590700,1297.86999511719
"2013-11-25",1301.34997558594,1306.13000488281,1301.21997070312,1306.13000488281,53476600,1306.13000488281
"2013-11-26",1304.96997070312,1308.13000488281,1304.06994628906,1305.78002929688,82903300,1305.78002929688
"2013-11-27",1305.56994628906,1311.46997070312,1305.21997070312,1310.13000488281,51277700,1310.13000488281
"2013-11-28",1310.7099609375,1316.30004882812,1310.7099609375,1315.2099609375,57845600,1315.2099609375
"2013-11-29",1312.07995605469,1314.84997558594,1307.7099609375,1307.7099609375,85530600,1307.7099609375
"2013-12-02",1307.75,1309.08996582031,1301.10998535156,1304.57995605469,59123300,1304.57995605469
"2013-12-03",1305.06005859375,1305.10998535156,1278.97998046875,1281.31994628906,92406000,1281.31994628906
"2013-12-04",1284.08996582031,1288.30004882812,1269.42004394531,1279.03002929688,83650600,1279.03002929688
"2013-12-05",1277.51000976562,1284.19995117188,1269.51000976562,1269.51000976562,77506800,1269.51000976562
"2013-12-06",1273.82995605469,1278.68994140625,1263.30004882812,1274.63000488281,90141900,1274.63000488281
"2013-12-09",1278.43005371094,1284.78002929688,1273.92004394531,1283.34997558594,85859900,1283.34997558594
"2013-12-10",1280.13000488281,1282.67004394531,1266.9599609375,1270.19995117188,94506100,1270.19995117188
"2013-12-11",1267.57995605469,1276.2900390625,1265.28002929688,1268.05004882812,76028800,1268.05004882812
"2013-12-12",1264.82995605469,1265.15002441406,1253.22998046875,1255,91866600,1255
"2013-12-13",1258.18005371094,1261.81005859375,1252.68994140625,1255.7099609375,78993600,1255.7099609375
"2013-12-16",1257.7900390625,1269.10998535156,1254.13000488281,1269.07995605469,77198200,1269.07995605469
"2013-12-17",1268.33996582031,1275.01000976562,1262.82995605469,1263.26000976562,77988400,1263.26000976562
"2013-12-18",1268.48999023438,1277.4599609375,1268.48999023438,1275.11999511719,95122700,1275.11999511719
"2013-12-19",1286.60998535156,1296.31005859375,1286.05004882812,1293.23999023438,68952300,1293.23999023438
"2013-12-20",1300.11999511719,1311.38000488281,1296.56005859375,1309.92004394531,133236000,1309.92004394531
"2013-12-23",1311.52001953125,1320.56005859375,1311.52001953125,1320.56005859375,70855900,1320.56005859375
"2013-12-27",1326.66003417969,1335.58996582031,1326.66003417969,1334.42004394531,53204600,1334.42004394531
"2013-12-30",1334.80004882812,1338.53002929688,1326.72998046875,1332.94995117188,67463100,1332.94995117188
"2014-01-02",1333.97998046875,1334.7099609375,1320.76000976562,1324.34997558594,76349400,1324.34997558594
"2014-01-03",1324.02001953125,1330.68994140625,1320.52001953125,1325.11999511719,51771200,1325.11999511719
"2014-01-07",1329.34997558594,1330.08996582031,1323.36999511719,1326.23999023438,98508800,1326.23999023438
"2014-01-08",1330.25,1332.21997070312,1323.19995117188,1324.82995605469,94783600,1324.82995605469
"2014-01-09",1327.4599609375,1332.66003417969,1322.30004882812,1323.57995605469,77907800,1323.57995605469
"2014-01-10",1328.43005371094,1334.46997070312,1325.9599609375,1329.83996582031,83334800,1329.83996582031
"2014-01-13",1335.01000976562,1335.52001953125,1328.32995605469,1328.65002441406,71791200,1328.65002441406
"2014-01-14",1321.22998046875,1325.51000976562,1313.92004394531,1323.89001464844,92257900,1323.89001464844
"2014-01-15",1329.91003417969,1343.93005371094,1329.39001464844,1342.98999023438,87586700,1342.98999023438
"2014-01-16",1344.30004882812,1345.21997070312,1340.11999511719,1342.65002441406,86400200,1342.65002441406
"2014-01-17",1342.15002441406,1351.82995605469,1341.11999511719,1350.09997558594,90925800,1350.09997558594
"2014-01-20",1348.06005859375,1352.78002929688,1346.80004882812,1350.97998046875,64242600,1350.97998046875
"2014-01-21",1350.85998535156,1355.36999511719,1348.66003417969,1350.02001953125,106794000,1350.02001953125
"2014-01-22",1351.88000488281,1358.55004882812,1349.76000976562,1355.23999023438,114913000,1355.23999023438
"2014-01-23",1352.64001464844,1354.83996582031,1337.52001953125,1339.80004882812,120260500,1339.80004882812
"2014-01-24",1340.14001464844,1344.68994140625,1318.47998046875,1318.53002929688,104406700,1318.53002929688
"2014-01-27",1317.90002441406,1318.84997558594,1307.82995605469,1317.23999023438,113296700,1317.23999023438
"2014-01-28",1318.72998046875,1321.30004882812,1309.21997070312,1318.41003417969,131070100,1318.41003417969
"2014-01-29",1324.93005371094,1327.25,1295.60998535156,1310.13000488281,166799900,1310.13000488281
"2014-01-30",1302.09997558594,1311.11999511719,1297.52001953125,1302.82995605469,133525400,1302.82995605469
"2014-01-31",1305.78002929688,1306.2900390625,1292.0400390625,1304.44995117188,127955800,1304.44995117188
"2014-02-03",1302.80004882812,1312.31994628906,1285.2099609375,1285.91003417969,107805000,1285.91003417969
"2014-02-04",1279.2900390625,1283.90002441406,1275.77001953125,1280.98999023438,94796800,1280.98999023438
"2014-02-05",1289.18005371094,1295.81005859375,1283.9599609375,1292.4599609375,124077700,1292.4599609375
"2014-02-06",1302.01000976562,1313.82995605469,1298.03002929688,1308.14001464844,157526600,1308.14001464844
"2014-02-07",1314.26000976562,1315.41003417969,1308.32995605469,1313.19995117188,123709400,1313.19995117188
"2014-02-10",1317.31005859375,1319.41003417969,1313.42004394531,1318.65002441406,81941100,1318.65002441406
"2014-02-11",1323.56994628906,1335.11999511719,1322.52001953125,1335.11999511719,85668600,1335.11999511719
"2014-02-12",1339.07995605469,1341.14001464844,1330,1330.02001953125,98009700,1330.02001953125
"2014-02-13",1328.67004394531,1330.41003417969,1318.38000488281,1330.38000488281,78660500,1330.38000488281
"2014-02-14",1331.14001464844,1337.14001464844,1328.71997070312,1335.89001464844,68075400,1335.89001464844
"2014-02-17",1338.81005859375,1345.57995605469,1338.7900390625,1342.19995117188,51947600,1342.19995117188
"2014-02-18",1343.34997558594,1343.35998535156,1325.81994628906,1329.0400390625,87842800,1329.0400390625
"2014-02-19",1327.78002929688,1338,1324.63000488281,1338,77404000,1338
"2014-02-20",1326.34997558594,1341.86999511719,1325.01000976562,1341.84997558594,84262000,1341.84997558594
"2014-02-21",1346.09997558594,1350.17004394531,1343.2900390625,1349.11999511719,91786500,1349.11999511719
"2014-02-24",1356.11999511719,1370.10998535156,1351.32995605469,1370.10998535156,123123500,1370.10998535156
"2014-02-25",1367.47998046875,1372.51000976562,1363.0400390625,1371.93994140625,98765000,1371.93994140625
"2014-02-26",1371.39001464844,1373.68005371094,1368.19995117188,1373.35998535156,67078800,1373.35998535156
"2014-02-27",1370.90002441406,1373.66003417969,1359.11999511719,1368.82995605469,74899700,1368.82995605469
"2014-02-28",1367.85998535156,1371.30004882812,1363.48999023438,1369.13000488281,73837600,1369.13000488281
"2014-03-03",1344.5,1349.53002929688,1334.08996582031,1335.56005859375,125916400,1335.56005859375
"2014-03-04",1343.66003417969,1363.51000976562,1343.66003417969,1363.43994140625,111612600,1363.43994140625
"2014-03-05",1364.09997558594,1368.14001464844,1361.98999023438,1364.92004394531,102688000,1364.92004394531
"2014-03-06",1370.60998535156,1376.44995117188,1370.5,1374.31994628906,93998800,1374.31994628906
"2014-03-07",1372.52001953125,1376.31994628906,1356.59997558594,1358.35998535156,94063500,1358.35998535156
"2014-03-10",1356.25,1367.18994140625,1354.34997558594,1359.93005371094,71951100,1359.93005371094
"2014-03-11",1363.47998046875,1365.53002929688,1353.23999023438,1359.18005371094,90172600,1359.18005371094
"2014-03-12",1354.83996582031,1355.21997070312,1342.68005371094,1346.35998535156,85577600,1346.35998535156
"2014-03-13",1349.43994140625,1351.25,1336.69995117188,1337.22998046875,78756200,1337.22998046875
"2014-03-14",1324.18005371094,1329.94995117188,1317.92004394531,1326.81994628906,98127800,1326.81994628906
"2014-03-17",1328.48999023438,1350.47998046875,1327.23999023438,1349.39001464844,76900700,1349.39001464844
"2014-03-18",1347.07995605469,1362.07995605469,1344.0400390625,1359.06994628906,89819100,1359.06994628906
"2014-03-19",1359.64001464844,1362.93994140625,1356.63000488281,1360.47998046875,91968800,1360.47998046875
"2014-03-20",1349.39001464844,1352.46997070312,1342.7099609375,1352.46997070312,93480200,1352.46997070312
"2014-03-21",1348.60998535156,1354.89001464844,1345.78002929688,1351.43005371094,131459300,1351.43005371094
"2014-03-24",1352.06005859375,1353.66003417969,1335.5,1335.5,104432200,1335.5
"2014-03-25",1337.81994628906,1350.77001953125,1337.81994628906,1350.67004394531,107727100,1350.67004394531
"2014-03-26",1350.55004882812,1359.28002929688,1349.4599609375,1351.47998046875,93185400,1351.47998046875
"2014-03-27",1341.84997558594,1344.2900390625,1337.35998535156,1341.68994140625,104680400,1341.68994140625
"2014-03-28",1345.92004394531,1350.26000976562,1342.77001953125,1346.47998046875,81636600,1346.47998046875
"2014-03-31",1350.86999511719,1365.03002929688,1349.81994628906,1364.96997070312,93461800,1364.96997070312
"2014-04-01",1367.4599609375,1377.38000488281,1367.44995117188,1375.01000976562,88405300,1375.01000976562
"2014-04-02",1377.46997070312,1382.13000488281,1374.18005371094,1377.5,82808800,1377.5
"2014-04-03",1372.85998535156,1375.17004394531,1368.34997558594,1368.88000488281,95459000,1368.88000488281
"2014-04-04",1366.41003417969,1376.47998046875,1366.41003417969,1369.68994140625,80156000,1369.68994140625
"2014-04-07",1360.75,1363.72998046875,1356.65002441406,1357.31005859375,92002000,1357.31005859375
"2014-04-08",1359.31005859375,1363.52001953125,1352.17004394531,1361.53002929688,88967500,1361.53002929688
"2014-04-09",1365.33996582031,1371.65002441406,1364.40002441406,1366.53002929688,85301100,1366.53002929688
"2014-04-10",1372.36999511719,1373.31994628906,1354.98999023438,1354.98999023438,88805200,1354.98999023438
"2014-04-11",1345.03002929688,1348.43005371094,1330.7099609375,1344.11999511719,111520300,1344.11999511719
"2014-04-14",1334.5,1349.96997070312,1332.11999511719,1348.21997070312,84292000,1348.21997070312
"2014-04-15",1349.81994628906,1351.72998046875,1328.81994628906,1329.28002929688,84429100,1329.28002929688
"2014-04-16",1338.52001953125,1342.55004882812,1336.64001464844,1342.55004882812,67416600,1342.55004882812
"2014-04-17",1344.44995117188,1345.75,1338.93005371094,1341.56005859375,37687700,1341.56005859375
"2014-04-22",1355.67004394531,1369.44995117188,1354.5400390625,1369.44995117188,85253300,1369.44995117188
"2014-04-23",1363.64001464844,1364.34997558594,1352.46997070312,1353.06005859375,108958100,1353.06005859375
"2014-04-24",1358.83996582031,1369.38000488281,1351.06005859375,1365.27001953125,118011400,1365.27001953125
"2014-04-25",1362.89001464844,1368.32995605469,1357.72998046875,1360.34997558594,99772200,1360.34997558594
"2014-04-28",1366.35998535156,1368.39001464844,1353.47998046875,1357.56005859375,97015600,1357.56005859375
"2014-04-29",1358.69995117188,1371.7099609375,1358.41003417969,1371.65002441406,132853000,1371.65002441406
"2014-04-30",1363.59997558594,1367.80004882812,1362.90002441406,1364.39001464844,56567000,1364.39001464844
"2014-05-02",1369.31005859375,1369.31005859375,1357.92004394531,1360.18994140625,88475300,1360.18994140625
"2014-05-05",1357.59997558594,1362.60998535156,1346.31005859375,1358.58996582031,67680800,1358.58996582031
"2014-05-06",1361.68005371094,1364.59997558594,1350.73999023438,1352.97998046875,83604900,1352.97998046875
"2014-05-07",1347.5,1352.7900390625,1341.82995605469,1343.13000488281,94218800,1343.13000488281
"2014-05-08",1345.41003417969,1359.13000488281,1345.41003417969,1359.13000488281,82849600,1359.13000488281
"2014-05-09",1357.03002929688,1358.77001953125,1351.22998046875,1354.33996582031,69609100,1354.33996582031
"2014-05-12",1357.47998046875,1364.81005859375,1357.47998046875,1364.78002929688,81925400,1364.78002929688
"2014-05-13",1367.9599609375,1373.61999511719,1367.65002441406,1373.61999511719,86022200,1373.61999511719
"2014-05-14",1372.38000488281,1375.93005371094,1369.44995117188,1375.93005371094,66783600,1375.93005371094
"2014-05-15",1381.05004882812,1386.5,1376.5,1385.83996582031,117601000,1385.83996582031
"2014-05-16",1381.56994628906,1384.18005371094,1377.40002441406,1382.14001464844,82709100,1382.14001464844
"2014-05-19",1378.4599609375,1382.42004394531,1372.33996582031,1379.92004394531,90013100,1379.92004394531
"2014-05-20",1380.81994628906,1384.36999511719,1380.01000976562,1381.27001953125,82670200,1381.27001953125
"2014-05-21",1378.73999023438,1389.05004882812,1374.66003417969,1385.85998535156,83401200,1385.85998535156
"2014-05-22",1387.10998535156,1391,1384.10998535156,1388.52001953125,73926100,1388.52001953125
"2014-05-23",1388.08996582031,1392.30004882812,1382.5400390625,1392.28002929688,65014900,1392.28002929688
"2014-05-26",1396.06994628906,1397.46997070312,1393.56994628906,1394.15002441406,43884000,1394.15002441406
"2014-05-27",1394.01000976562,1399.33996582031,1389.03002929688,1395.39001464844,62377100,1395.39001464844
"2014-05-28",1397.66003417969,1397.71997070312,1389.73999023438,1392.84997558594,36035800,1392.84997558594
"2014-05-30",1393.16003417969,1404.63000488281,1393.16003417969,1402.07995605469,85574400,1402.07995605469
"2014-06-02",1406.26000976562,1406.26000976562,1397.90002441406,1399.40002441406,79070800,1399.40002441406
"2014-06-03",1398.81994628906,1398.85998535156,1392.18994140625,1395.77001953125,59373900,1395.77001953125
"2014-06-04",1393.30004882812,1397.90002441406,1391.83996582031,1397.46997070312,55355800,1397.46997070312
"2014-06-05",1396.23999023438,1401.22998046875,1391.19995117188,1391.19995117188,92129800,1391.19995117188
"2014-06-09",1405,1406.43994140625,1400.9599609375,1406.43994140625,72926000,1406.43994140625
"2014-06-10",1401.69995117188,1406.73999023438,1401.5,1406.21997070312,68668200,1406.21997070312
"2014-06-11",1408.96997070312,1410.08996582031,1398.28002929688,1400.34997558594,68972100,1400.34997558594
"2014-06-12",1401.86999511719,1402.66003417969,1395.48999023438,1397.67004394531,60889700,1397.67004394531
"2014-06-13",1397.32995605469,1397.39001464844,1383.2900390625,1390.15002441406,67444300,1390.15002441406
"2014-06-16",1387.93005371094,1392.16003417969,1380.28002929688,1382.97998046875,73859500,1382.97998046875
"2014-06-17",1384,1390.08996582031,1380.17004394531,1384.27001953125,60548000,1384.27001953125
"2014-06-18",1386.51000976562,1389.60998535156,1378.42004394531,1378.42004394531,76619800,1378.42004394531
"2014-06-19",1387.19995117188,1391.52001953125,1383.22998046875,1386.0400390625,76847900,1386.0400390625
"2014-06-23",1388.64001464844,1399.17004394531,1381.22998046875,1396.07995605469,70950900,1396.07995605469
"2014-06-24",1397.02001953125,1400.56005859375,1393,1400.36999511719,75028200,1400.36999511719
"2014-06-25",1393.73999023438,1393.81994628906,1375.26000976562,1380.5,76030600,1380.5
"2014-06-26",1380.39001464844,1383.16003417969,1369.65002441406,1372.38000488281,58572400,1372.38000488281
"2014-06-27",1374.35998535156,1379.02001953125,1372.69995117188,1379.02001953125,54240400,1379.02001953125
"2014-06-30",1380.2099609375,1384.13000488281,1375.0400390625,1376.81005859375,58723800,1376.81005859375
"2014-07-01",1377.86999511719,1384.35998535156,1372.88000488281,1384.35998535156,63185400,1384.35998535156
"2014-07-02",1385.77001953125,1390.02001953125,1384.7099609375,1388.10998535156,55064300,1388.10998535156
"2014-07-03",1390.4599609375,1409.43994140625,1390.01000976562,1409.43994140625,87331700,1409.43994140625
"2014-07-04",1408.7099609375,1409.17004394531,1399.93994140625,1399.93994140625,49272000,1399.93994140625
"2014-07-07",1399.39001464844,1404.68005371094,1396.34997558594,1397.10998535156,50356900,1397.10998535156
"2014-07-08",1398.56005859375,1399.88000488281,1381.58996582031,1381.58996582031,60257600,1381.58996582031
"2014-07-09",1383.71997070312,1385.43005371094,1376.68005371094,1379.77001953125,49516700,1379.77001953125
"2014-07-10",1379.08996582031,1379.08996582031,1355.55004882812,1357.81994628906,74189300,1357.81994628906
"2014-07-11",1359.44995117188,1366.53002929688,1356.23999023438,1362.34997558594,58771500,1362.34997558594
"2014-07-14",1369,1383.0400390625,1367.9599609375,1382.55004882812,55312600,1382.55004882812
"2014-07-15",1384.18994140625,1386.03002929688,1368.82995605469,1372.25,66758300,1372.25
"2014-07-16",1374.85998535156,1393.11999511719,1374.85998535156,1393.11999511719,74874800,1393.11999511719
"2014-07-17",1389.69995117188,1390.88000488281,1376.35998535156,1376.35998535156,91917600,1376.35998535156
"2014-07-18",1379.17004394531,1388.81994628906,1373.44995117188,1387.36999511719,127989900,1387.36999511719
"2014-07-21",1388.28002929688,1389.92004394531,1378.64001464844,1383.53002929688,70095800,1383.53002929688
"2014-07-22",1389.98999023438,1399.08996582031,1389.97998046875,1399.08996582031,64100800,1399.08996582031
"2014-07-23",1396.35998535156,1401.91003417969,1395.33996582031,1398.13000488281,65132900,1398.13000488281
"2014-07-24",1398.59997558594,1407.55004882812,1397.0400390625,1405.69995117188,66714200,1405.69995117188
"2014-07-25",1403.0400390625,1408.56994628906,1401,1404.11999511719,48937500,1404.11999511719
"2014-07-28",1405.66003417969,1408.19995117188,1395.22998046875,1400.86999511719,43565300,1400.86999511719
"2014-07-29",1403.38000488281,1404.71997070312,1397.18005371094,1397.89001464844,42021700,1397.89001464844
"2014-07-30",1399.31005859375,1402.9599609375,1395.85998535156,1398.22998046875,46048100,1398.22998046875
"2014-07-31",1400.02001953125,1400.35998535156,1377.2900390625,1379.86999511719,67470700,1379.86999511719
"2014-08-01",1378.89001464844,1383.55004882812,1360.53002929688,1361.43994140625,67747100,1361.43994140625
"2014-08-04",1369.17004394531,1371.5400390625,1360.14001464844,1361.03002929688,49870100,1361.03002929688
"2014-08-05",1364.51000976562,1368.2900390625,1360.46997070312,1366.13000488281,54222400,1366.13000488281
"2014-08-06",1358.39001464844,1358.47998046875,1342.18994140625,1344.30004882812,80382100,1344.30004882812
"2014-08-07",1344.68994140625,1349.69995117188,1334.06005859375,1334.40002441406,67128600,1334.40002441406
"2014-08-08",1325,1333.84997558594,1320.98999023438,1331.56005859375,72126500,1331.56005859375
"2014-08-11",1341.44995117188,1358.16003417969,1339.82995605469,1357.35998535156,64975200,1357.35998535156
"2014-08-12",1356.5,1356.5,1346.93005371094,1349.9599609375,62405900,1349.9599609375
"2014-08-13",1356.19995117188,1361.81994628906,1354.81005859375,1361.81994628906,64219000,1361.81994628906
"2014-08-14",1355.48999023438,1357.64001464844,1350.0400390625,1353.93994140625,55145400,1353.93994140625
"2014-08-15",1359.5400390625,1368.51000976562,1352.97998046875,1352.97998046875,66501600,1352.97998046875
"2014-08-18",1365.06994628906,1369.31994628906,1362.31994628906,1369.31994628906,46569300,1369.31994628906
"2014-08-19",1371.69995117188,1376.60998535156,1369.59997558594,1376.60998535156,54331800,1376.60998535156
"2014-08-20",1376.18994140625,1381.02001953125,1367.86999511719,1373.5,58174800,1373.5
"2014-08-21",1375.75,1385.18005371094,1373.38000488281,1385.03002929688,67773100,1385.03002929688
"2014-08-22",1386.14001464844,1388.06994628906,1378.17004394531,1382.71997070312,52513800,1382.71997070312
"2014-08-25",1391.56005859375,1394.68994140625,1385.56005859375,1394.68994140625,46665600,1394.68994140625
"2014-08-26",1393.35998535156,1397.5400390625,1388.72998046875,1397.5400390625,55468900,1397.5400390625
"2014-08-27",1397.65002441406,1398.47998046875,1392.81005859375,1397.41003417969,54564200,1397.41003417969
"2014-08-28",1393.64001464844,1394.82995605469,1380.58996582031,1383.03002929688,76118400,1383.03002929688
"2014-08-29",1386.47998046875,1388.98999023438,1382.09997558594,1388.89001464844,66687000,1388.89001464844
"2014-09-01",1390.63000488281,1393.58996582031,1382.46997070312,1386.96997070312,52905600,1386.96997070312
"2014-09-02",1390.36999511719,1391.93994140625,1384.68994140625,1387.93994140625,57161100,1387.93994140625
"2014-09-03",1393.25,1402.18005371094,1391.88000488281,1398.47998046875,79186700,1398.47998046875
"2014-09-04",1396.4599609375,1402.33996582031,1392.19995117188,1397.98999023438,80404200,1397.98999023438
"2014-09-05",1397.07995605469,1398.05004882812,1384.85998535156,1388.39001464844,75693000,1388.39001464844
"2014-09-08",1389.94995117188,1392.72998046875,1383.34997558594,1392.72998046875,67090400,1392.72998046875
"2014-09-09",1389.38000488281,1391.31005859375,1382.56005859375,1382.78002929688,73203100,1382.78002929688
"2014-09-10",1378.81994628906,1388.31005859375,1376.18005371094,1387.38000488281,74475800,1387.38000488281
"2014-09-11",1392.2900390625,1394.05004882812,1378.43994140625,1382.84997558594,83779300,1382.84997558594
"2014-09-12",1383.2900390625,1389.59997558594,1383.11999511719,1388.58996582031,60328100,1388.58996582031
"2014-09-15",1382.11999511719,1396.86999511719,1380.21997070312,1393.21997070312,62511200,1393.21997070312
"2014-09-16",1392.31994628906,1395.2900390625,1384.55004882812,1395.2900390625,68389600,1395.2900390625
"2014-09-17",1399.44995117188,1409.11999511719,1399.2900390625,1407.0400390625,71976300,1407.0400390625
"2014-09-18",1407.2900390625,1416.80004882812,1406.83996582031,1416.7900390625,82579700,1416.7900390625
"2014-09-19",1424.21997070312,1424.21997070312,1418.22998046875,1421.47998046875,94950700,1421.47998046875
"2014-09-22",1416.25,1423.59997558594,1412.7900390625,1418.2900390625,72992100,1418.2900390625
"2014-09-23",1416.7099609375,1417.47998046875,1405.31994628906,1405.31994628906,102297600,1405.31994628906
"2014-09-24",1405.5,1411.22998046875,1399.40002441406,1411.22998046875,96157000,1411.22998046875
"2014-09-25",1408.19995117188,1413.88000488281,1391.01000976562,1393.08996582031,90015800,1393.08996582031
"2014-09-26",1394.07995605469,1400.31005859375,1387.31005859375,1396.19995117188,74080500,1396.19995117188
"2014-09-29",1397.09997558594,1400.10998535156,1384.08996582031,1392.39001464844,60114700,1392.39001464844
"2014-09-30",1393.75,1403.21997070312,1390.89001464844,1403,92260800,1403
"2014-10-01",1396.47998046875,1399.80004882812,1381.58996582031,1381.58996582031,91865100,1381.58996582031
"2014-10-02",1382.09997558594,1382.21997070312,1353.93005371094,1353.93005371094,93888600,1353.93005371094
"2014-10-03",1362.46997070312,1371.42004394531,1360.96997070312,1369.52001953125,70507600,1369.52001953125
"2014-10-06",1374.86999511719,1380.72998046875,1365.67004394531,1365.7099609375,71789000,1365.7099609375
"2014-10-07",1364.0400390625,1364.0400390625,1337.63000488281,1337.63000488281,99528700,1337.63000488281
"2014-10-08",1333.30004882812,1336.43005371094,1325.98999023438,1331.82995605469,92358200,1331.82995605469
"2014-10-09",1345.43994140625,1348.81005859375,1316.15002441406,1322.31005859375,105996600,1322.31005859375
"2014-10-10",1310.23999023438,1316.93005371094,1297.4599609375,1302.33996582031,112371000,1302.33996582031
"2014-10-13",1292.47998046875,1308.02001953125,1289.32995605469,1294.64001464844,86439300,1294.64001464844
"2014-10-14",1290.10998535156,1308.93005371094,1287.72998046875,1307.85998535156,114656200,1307.85998535156
"2014-10-15",1308.75,1309.03002929688,1269.91003417969,1269.91003417969,146778100,1269.91003417969
"2014-10-16",1276.41003417969,1285.32995605469,1246.56005859375,1271.01000976562,173247500,1271.01000976562
"2014-10-17",1274.16003417969,1310.4599609375,1267.78002929688,1310.4599609375,132124900,1310.4599609375
"2014-10-20",1310.4599609375,1310.82995605469,1293.23999023438,1306.43994140625,105786900,1306.43994140625
"2014-10-21",1306.94995117188,1338.11999511719,1301.51000976562,1338.11999511719,128065900,1338.11999511719
"2014-10-22",1343.78002929688,1348.15002441406,1334.13000488281,1344.33996582031,111846200,1344.33996582031
"2014-10-23",1345.39001464844,1363.69995117188,1336.10998535156,1361.88000488281,117755000,1361.88000488281
"2014-10-24",1367.33996582031,1367.33996582031,1353.81994628906,1358.56994628906,123410700,1358.56994628906
"2014-10-27",1373.92004394531,1374.06994628906,1348.7900390625,1360.32995605469,95895800,1360.32995605469
"2014-10-28",1366.93994140625,1381.2900390625,1364.85998535156,1380.82995605469,110014700,1380.82995605469
"2014-10-29",1385.94995117188,1393.4599609375,1383.47998046875,1389.94995117188,97180100,1389.94995117188
"2014-10-30",1396.39001464844,1398.02001953125,1379.91003417969,1397.18005371094,88454100,1397.18005371094
"2014-10-31",1413.43005371094,1414.07995605469,1404.18994140625,1412.83996582031,54650100,1412.83996582031
"2014-11-03",1413.68994140625,1414.93005371094,1396.22998046875,1399.05004882812,84075400,1399.05004882812
"2014-11-04",1398.58996582031,1407.51000976562,1397.33996582031,1399.86999511719,83275200,1399.86999511719
"2014-11-05",1407.84997558594,1414.08996582031,1406.48999023438,1414.08996582031,86403700,1414.08996582031
"2014-11-06",1409.36999511719,1422.60998535156,1406.31005859375,1415.30004882812,109312600,1415.30004882812
"2014-11-07",1419.35998535156,1422.10998535156,1404.97998046875,1410.88000488281,79948000,1410.88000488281
"2014-11-10",1410.22998046875,1417.94995117188,1406.7099609375,1417.81994628906,59821000,1417.81994628906
"2014-11-11",1420.43994140625,1425.06005859375,1418.78002929688,1424.93005371094,67533800,1424.93005371094
"2014-11-12",1424.92004394531,1426.14001464844,1408.85998535156,1408.85998535156,71172000,1408.85998535156
"2014-11-13",1417.68005371094,1423.13000488281,1412.68005371094,1422.76000976562,77097100,1422.76000976562
"2014-11-14",1424.40002441406,1424.40002441406,1411.57995605469,1415.59997558594,68520500,1415.59997558594
"2014-11-17",1409.46997070312,1421.81994628906,1408.34997558594,1419.92004394531,56352100,1419.92004394531
"2014-11-18",1421.2900390625,1432.38000488281,1419.31005859375,1432.38000488281,76922500,1432.38000488281
"2014-11-19",1432.25,1432.57995605469,1426.0400390625,1428.01000976562,59938500,1428.01000976562
"2014-11-20",1429.36999511719,1430.41003417969,1418.60998535156,1423.7099609375,76496600,1423.7099609375
"2014-11-21",1424.93005371094,1447.53002929688,1424.16003417969,1447.53002929688,104511100,1447.53002929688
"2014-11-24",1445.75,1456.58996582031,1445.15002441406,1456.58996582031,71481000,1456.58996582031
"2014-11-25",1455.57995605469,1467.96997070312,1455.34997558594,1467.35998535156,83968900,1467.35998535156
"2014-11-26",1467.86999511719,1474.89001464844,1455.5,1457.81005859375,64787600,1457.81005859375
"2014-11-27",1460.31994628906,1467.31005859375,1458.61999511719,1465.9599609375,49913300,1465.9599609375
"2014-11-28",1466.06994628906,1466.15002441406,1453.77001953125,1461.33996582031,82823200,1461.33996582031
"2014-12-01",1454.2099609375,1456.90002441406,1447.78002929688,1450.03002929688,79058300,1450.03002929688
"2014-12-02",1455.81994628906,1463.43994140625,1447.96997070312,1450.06994628906,74997600,1450.06994628906
"2014-12-03",1452.15002441406,1466.02001953125,1452.13000488281,1464.83996582031,79110600,1464.83996582031
"2014-12-04",1467.73999023438,1471.92004394531,1447.18005371094,1447.81994628906,83995100,1447.81994628906
"2014-12-05",1457.41003417969,1474.69995117188,1455.93005371094,1474.69995117188,76363800,1474.69995117188
"2014-12-08",1470.31005859375,1472.66003417969,1466.18994140625,1467.88000488281,54877500,1467.88000488281
"2014-12-09",1457.40002441406,1466.46997070312,1447.9599609375,1452.23999023438,82331900,1452.23999023438
"2014-12-10",1454.81005859375,1462.7099609375,1450.48999023438,1452.80004882812,0,1452.80004882812
"2014-12-11",1450.15002441406,1459.44995117188,1445.44995117188,1454.44995117188,0,1454.44995117188
"2014-12-12",1448.89001464844,1450.4599609375,1425.85998535156,1425.85998535156,0,1425.85998535156
"2014-12-15",1428.36999511719,1438.39001464844,1408.75,1408.75,0,1408.75
"2014-12-16",1411.35998535156,1414.59997558594,1386.60998535156,1413.57995605469,0,1413.57995605469
"2014-12-17",1402.14001464844,1409.11999511719,1397.80004882812,1405.34997558594,0,1405.34997558594
"2014-12-18",1424.01000976562,1441.84997558594,1419.98999023438,1441.84997558594,0,1441.84997558594
"2014-12-19",1452.06005859375,1456.51000976562,1435.27001953125,1452.35998535156,0,1452.35998535156
"2014-12-22",1453.66003417969,1465.32995605469,1453.66003417969,1461.75,0,1461.75
"2014-12-23",1462.10998535156,1472,1460.18005371094,1470.48999023438,0,1470.48999023438
"2014-12-29",1473.01000976562,1479.36999511719,1470.66003417969,1478.93005371094,0,1478.93005371094
"2014-12-30",1475.48999023438,1476.32995605469,1463.13000488281,1464.55004882812,0,1464.55004882812
"2015-01-02",1470.55004882812,1472.60998535156,1460.67004394531,1463.78002929688,0,1463.78002929688
"2015-01-05",1460.89001464844,1467.68994140625,1453.53002929688,1454.81005859375,0,1454.81005859375
"2015-01-07",1432.30004882812,1441.31005859375,1421.33996582031,1421.33996582031,0,1421.33996582031
"2015-01-08",1439.19995117188,1458.17004394531,1428.5400390625,1456.71997070312,0,1456.71997070312
"2015-01-09",1453.51000976562,1460.98999023438,1439.15002441406,1444.4599609375,0,1444.4599609375
"2015-01-12",1455.5400390625,1460.10998535156,1444.55004882812,1453.64001464844,0,1453.64001464844
"2015-01-13",1451.11999511719,1468.84997558594,1449.83996582031,1465.66003417969,0,1465.66003417969
"2015-01-14",1454.84997558594,1459.68994140625,1434.7900390625,1434.7900390625,0,1434.7900390625
"2015-01-15",1446.4599609375,1458,1421.83996582031,1457.35998535156,0,1457.35998535156
"2015-01-16",1451.46997070312,1470.46997070312,1447.41003417969,1468.90002441406,0,1468.90002441406
"2015-01-19",1473.84997558594,1479.81005859375,1466.78002929688,1476.31005859375,0,1476.31005859375
"2015-01-20",1480.85998535156,1498.27001953125,1480.61999511719,1491.58996582031,0,1491.58996582031
"2015-01-21",1496.28002929688,1501.21997070312,1483.26000976562,1501.21997070312,0,1501.21997070312
"2015-01-22",1503.9599609375,1526.4599609375,1501.47998046875,1523.80004882812,0,1523.80004882812
"2015-01-23",1533.17004394531,1540.91003417969,1530.35998535156,1536.39001464844,0,1536.39001464844
"2015-01-26",1530.40002441406,1554.69995117188,1527.35998535156,1554.69995117188,0,1554.69995117188
"2015-01-27",1548.96997070312,1554.66003417969,1525.43994140625,1533.36999511719,0,1533.36999511719
"2015-01-28",1548.18994140625,1562.5400390625,1539.15002441406,1562.5400390625,0,1562.5400390625
"2015-01-29",1554.83996582031,1570.83996582031,1550.10998535156,1570.39001464844,0,1570.39001464844
"2015-01-30",1575.97998046875,1582.09997558594,1572.55004882812,1573.61999511719,0,1573.61999511719
"2015-02-02",1576.17004394531,1579.02001953125,1567.63000488281,1575.94995117188,0,1575.94995117188
"2015-02-03",1581.44995117188,1594.63000488281,1581.16003417969,1593.42004394531,0,1593.42004394531
"2015-02-04",1592.03002929688,1596.27001953125,1574,1579.31005859375,0,1579.31005859375
"2015-02-05",1573.2900390625,1588.31994628906,1572.71997070312,1586.13000488281,0,1586.13000488281
"2015-02-06",1586.51000976562,1601.11999511719,1580.98999023438,1599.55004882812,0,1599.55004882812
"2015-02-09",1591.15002441406,1593.18005371094,1582.56005859375,1591.40002441406,0,1591.40002441406
"2015-02-10",1592.19995117188,1605.93994140625,1583.0400390625,1602.73999023438,0,1602.73999023438
"2015-02-11",1600.60998535156,1604.96997070312,1589.35998535156,1593.03002929688,0,1593.03002929688
"2015-02-12",1594.59997558594,1631.27001953125,1594.30004882812,1624.34997558594,0,1624.34997558594
"2015-02-13",1630.7900390625,1643.84997558594,1628.47998046875,1642.0400390625,0,1642.0400390625
"2015-02-16",1640.0400390625,1644.2900390625,1637.17004394531,1644.2900390625,0,1644.2900390625
"2015-02-17",1638.61999511719,1639.07995605469,1625.18994140625,1630.98999023438,0,1630.98999023438
"2015-02-18",1634.67004394531,1652.38000488281,1634.67004394531,1652.15002441406,0,1652.15002441406
"2015-02-19",1648.18005371094,1662.23999023438,1642.59997558594,1662.23999023438,0,1662.23999023438
"2015-02-20",1659.84997558594,1665.06994628906,1652.84997558594,1664.32995605469,0,1664.32995605469
"2015-02-23",1672.82995605469,1679.48999023438,1667.68005371094,1679.47998046875,0,1679.47998046875
"2015-02-24",1680.84997558594,1685.65002441406,1666.93005371094,1683.92004394531,0,1683.92004394531
"2015-02-25",1681.75,1685.67004394531,1675.38000488281,1678.72998046875,0,1678.72998046875
"2015-02-26",1678.19995117188,1686.05004882812,1678.19995117188,1684.82995605469,0,1684.82995605469
"2015-02-27",1685.85998535156,1695.36999511719,1679.2099609375,1691.03002929688,0,1691.03002929688
"2015-03-02",1691.43994140625,1701.06994628906,1675.97998046875,1686.64001464844,0,1686.64001464844
"2015-03-03",1687.68994140625,1694.2900390625,1660.2900390625,1661.86999511719,0,1661.86999511719
"2015-03-04",1662.16003417969,1667.18994140625,1643.61999511719,1664.5,0,1664.5
"2015-03-05",1669.55004882812,1678.5400390625,1669.10998535156,1669.56005859375,87964700,1669.56005859375
"2015-03-06",1670.90002441406,1675.2900390625,1661.65002441406,1662.55004882812,0,1662.55004882812
"2015-03-09",1658.91003417969,1666.05004882812,1642.4599609375,1660.35998535156,0,1660.35998535156
"2015-03-10",1657.28002929688,1661.78002929688,1640.25,1641.7099609375,0,1641.7099609375
"2015-03-11",1636.68005371094,1667.91003417969,1634.80004882812,1663.31005859375,0,1663.31005859375
"2015-03-12",1663.14001464844,1666.78002929688,1653.23999023438,1661.68994140625,0,1661.68994140625
"2015-03-13",1669.03002929688,1669.73999023438,1660.46997070312,1665.13000488281,0,1665.13000488281
"2015-03-16",1671.32995605469,1690.27001953125,1671.06005859375,1689.67004394531,0,1689.67004394531
"2015-03-17",1689.89001464844,1691.64001464844,1666.73999023438,1675.88000488281,0,1675.88000488281
"2015-03-18",1678.14001464844,1710.17004394531,1674.25,1703.9599609375,0,1703.9599609375
"2015-03-19",1706.13000488281,1719.43994140625,1699.31005859375,1707.5,0,1707.5
"2015-03-20",1698.55004882812,1710.92004394531,1696.47998046875,1710.86999511719,0,1710.86999511719
"2015-03-23",1708.09997558594,1708.56994628906,1695.36999511719,1698.38000488281,0,1698.38000488281
"2015-03-24",1701.96997070312,1704.05004882812,1691.9599609375,1701.2900390625,0,1701.2900390625
"2015-03-25",1700.98999023438,1705.56005859375,1688.98999023438,1694.39001464844,0,1694.39001464844
"2015-03-26",1674.97998046875,1675.93994140625,1654.0400390625,1675.60998535156,0,1675.60998535156
"2015-03-27",1673.36999511719,1681.61999511719,1662.31005859375,1662.56005859375,0,1662.56005859375
"2015-03-30",1670.7099609375,1687.17004394531,1669.52001953125,1687.17004394531,0,1687.17004394531
"2015-03-31",1685.96997070312,1689.21997070312,1666.73999023438,1667.72998046875,0,1667.72998046875
"2015-04-01",1661.7900390625,1677.67004394531,1654.98999023438,1669.48999023438,0,1669.48999023438
"2015-04-02",1671.18005371094,1675.56994628906,1668.85998535156,1675.52001953125,0,1675.52001953125
"2015-04-07",1691.31005859375,1700.63000488281,1687.9599609375,1697.43005371094,0,1697.43005371094
"2015-04-08",1696.76000976562,1701.57995605469,1686.26000976562,1686.77001953125,0,1686.77001953125
"2015-04-09",1688.48999023438,1695.93994140625,1687.16003417969,1695.93994140625,0,1695.93994140625
"2015-04-10",1695.80004882812,1699.97998046875,1692.5400390625,1699.9599609375,0,1699.9599609375
"2015-04-13",1700.86999511719,1701.07995605469,1688.60998535156,1700.35998535156,0,1700.35998535156
"2015-04-14",1699.73999023438,1709.01000976562,1694.97998046875,1701.39001464844,0,1701.39001464844
"2015-04-15",1699.80004882812,1714.61999511719,1699.47998046875,1710.60998535156,0,1710.60998535156
"2015-04-16",1710.58996582031,1710.82995605469,1690.93005371094,1690.93005371094,0,1690.93005371094
"2015-04-17",1687.57995605469,1690.07995605469,1655.71997070312,1655.71997070312,0,1655.71997070312
"2015-04-20",1658.88000488281,1678.39001464844,1658.88000488281,1678.28002929688,0,1678.28002929688
"2015-04-21",1683.5,1697.5,1679.35998535156,1694.72998046875,0,1694.72998046875
"2015-04-22",1698.14001464844,1713.47998046875,1685.59997558594,1706.25,0,1706.25
"2015-04-23",1708.47998046875,1716.89001464844,1681.26000976562,1689.77001953125,0,1689.77001953125
"2015-04-24",1694.56994628906,1700.22998046875,1689.89001464844,1698.51000976562,0,1698.51000976562
"2015-04-27",1705.57995605469,1720.02001953125,1697.81005859375,1719.93005371094,0,1719.93005371094
"2015-04-28",1713.7900390625,1715.90002441406,1671.51000976562,1679.52001953125,0,1679.52001953125
"2015-04-29",1686.06005859375,1691.0400390625,1632.68005371094,1636.18005371094,0,1636.18005371094
"2015-04-30",1633.47998046875,1642.96997070312,1615.44995117188,1628.0400390625,0,1628.0400390625
"2015-05-04",1644.30004882812,1644.30004882812,1630.2900390625,1634.09997558594,0,1634.09997558594
"2015-05-05",1631.55004882812,1640.68005371094,1595.38000488281,1595.47998046875,0,1595.47998046875
"2015-05-06",1594.65002441406,1602.47998046875,1573.90002441406,1584.18005371094,0,1584.18005371094
"2015-05-07",1577.32995605469,1594.42004394531,1558.16003417969,1587.65002441406,0,1587.65002441406
"2015-05-08",1603.13000488281,1619.01000976562,1580.13000488281,1616.44995117188,0,1616.44995117188
"2015-05-11",1614.73999023438,1625.17004394531,1607.65002441406,1617.03002929688,0,1617.03002929688
"2015-05-12",1609.18994140625,1609.89001464844,1589.66003417969,1600.09997558594,0,1600.09997558594
"2015-05-13",1604,1622.03002929688,1603.94995117188,1622.01000976562,0,1622.01000976562
"2015-05-15",1629.7099609375,1637.10998535156,1615.02001953125,1616.47998046875,0,1616.47998046875
"2015-05-18",1621.32995605469,1626.7900390625,1611.58996582031,1622.56994628906,0,1622.56994628906
"2015-05-19",1628.19995117188,1637.05004882812,1620.76000976562,1633.26000976562,0,1633.26000976562
"2015-05-20",1633.96997070312,1637.69995117188,1626.58996582031,1637.48999023438,0,1637.48999023438
"2015-05-21",1633.26000976562,1642.18994140625,1627.80004882812,1642.18994140625,0,1642.18994140625
"2015-05-22",1644.08996582031,1653.7099609375,1639.39001464844,1648.4599609375,0,1648.4599609375
"2015-05-25",1650.10998535156,1650.68994140625,1639.09997558594,1650.68994140625,0,1650.68994140625
"2015-05-26",1650.06005859375,1656.97998046875,1636.16003417969,1638.48999023438,0,1638.48999023438
"2015-05-27",1642.48999023438,1664.16003417969,1637.7900390625,1664.07995605469,0,1664.07995605469
"2015-05-28",1661.60998535156,1668.47998046875,1657.98999023438,1667.06005859375,0,1667.06005859375
"2015-05-29",1669.13000488281,1669.13000488281,1644.98999023438,1644.98999023438,0,1644.98999023438
"2015-06-01",1648.46997070312,1656.84997558594,1644.76000976562,1649.58996582031,0,1649.58996582031
"2015-06-02",1657.58996582031,1657.58996582031,1629.93994140625,1638.65002441406,0,1638.65002441406
"2015-06-03",1642.26000976562,1650.28002929688,1632.27001953125,1641.68994140625,0,1641.68994140625
"2015-06-04",1638.73999023438,1639.26000976562,1618.83996582031,1625.02001953125,0,1625.02001953125
"2015-06-05",1616.94995117188,1616.94995117188,1601.16003417969,1606.4599609375,0,1606.4599609375
"2015-06-08",1602.83996582031,1608.23999023438,1589.56994628906,1589.56994628906,0,1589.56994628906
"2015-06-09",1588.31005859375,1594.4599609375,1569.4599609375,1587.83996582031,0,1587.83996582031
"2015-06-10",1584.82995605469,1613.03002929688,1578.84997558594,1610.38000488281,0,1610.38000488281
"2015-06-11",1609.40002441406,1618.66003417969,1596.47998046875,1604.89001464844,0,1604.89001464844
"2015-06-12",1605.5400390625,1611.40002441406,1588.43005371094,1597.32995605469,0,1597.32995605469
"2015-06-15",1584.35998535156,1586.38000488281,1561.52001953125,1566.98999023438,0,1566.98999023438
"2015-06-16",1558.27001953125,1585.80004882812,1548.68005371094,1582.22998046875,0,1582.22998046875
"2015-06-17",1582.90002441406,1584.27001953125,1565.85998535156,1567.4599609375,0,1567.4599609375
"2015-06-18",1564.01000976562,1565.22998046875,1538.46997070312,1562.43005371094,0,1562.43005371094
"2015-06-22",1591.52001953125,1606.61999511719,1581.63000488281,1606.61999511719,0,1606.61999511719
"2015-06-23",1614.4599609375,1628.23999023438,1611.5400390625,1620.94995117188,0,1620.94995117188
"2015-06-24",1623.86999511719,1627.56994628906,1606.75,1611.5,0,1611.5
"2015-06-25",1599.93994140625,1613.17004394531,1594.90002441406,1601.11999511719,0,1601.11999511719
"2015-06-26",1593.59997558594,1614.30004882812,1584.03002929688,1608.26000976562,0,1608.26000976562
"2015-06-29",1550.30004882812,1585.78002929688,1545.57995605469,1559.80004882812,0,1559.80004882812
"2015-06-30",1556.68005371094,1561.33996582031,1537.93005371094,1541.66003417969,0,1541.66003417969
"2015-07-01",1550.64001464844,1582.09997558594,1546.42004394531,1575.5,0,1575.5
"2015-07-02",1573.81994628906,1577.77001953125,1560.63000488281,1562.09997558594,0,1562.09997558594
"2015-07-03",1564.2900390625,1564.2900390625,1544.55004882812,1553.59997558594,0,1553.59997558594
"2015-07-06",1530.98999023438,1539.4599609375,1525.90002441406,1526.93994140625,0,1526.93994140625
"2015-07-07",1535.89001464844,1541.7099609375,1516.08996582031,1516.11999511719,0,1516.11999511719
"2015-07-08",1519.59997558594,1528.60998535156,1507.01000976562,1520.88000488281,0,1520.88000488281
"2015-07-09",1527.43005371094,1552.0400390625,1524.47998046875,1549.58996582031,0,1549.58996582031
"2015-07-10",1579.5400390625,1590.5400390625,1570.63000488281,1590.5400390625,0,1590.5400390625
"2015-07-13",1601.14001464844,1616.56005859375,1601.14001464844,1614.42004394531,0,1614.42004394531
"2015-07-14",1612.17004394531,1616.56005859375,1607.14001464844,1616.25,0,1616.25
"2015-07-15",1611.92004394531,1612.55004882812,1600.40002441406,1601.96997070312,0,1601.96997070312
"2015-07-16",1611.81005859375,1639.18005371094,1611.18994140625,1636.11999511719,0,1636.11999511719
"2015-07-17",1648.47998046875,1648.81005859375,1630.02001953125,1635.46997070312,0,1635.46997070312
"2015-07-20",1641.47998046875,1655.81994628906,1641.47998046875,1653.43994140625,0,1653.43994140625
"2015-07-21",1657.43005371094,1658.93005371094,1634.86999511719,1636.42004394531,0,1636.42004394531
"2015-07-22",1631.25,1633.34997558594,1621.27001953125,1621.27001953125,0,1621.27001953125
"2015-07-23",1635.53002929688,1636.48999023438,1617.40002441406,1619.81005859375,0,1619.81005859375
"2015-07-24",1618.60998535156,1626.71997070312,1611.18994140625,1612.80004882812,0,1612.80004882812
"2015-07-27",1607.16003417969,1608.06005859375,1581.06994628906,1581.32995605469,0,1581.32995605469
"2015-07-28",1587.57995605469,1594.85998535156,1578.39001464844,1588.21997070312,0,1588.21997070312
"2015-07-29",1596.72998046875,1603.31994628906,1583.07995605469,1597.85998535156,0,1597.85998535156
"2015-07-30",1605.83996582031,1609.38000488281,1592.18994140625,1603.5,0,1603.5
"2015-07-31",1606.60998535156,1615.64001464844,1600.44995117188,1615.64001464844,0,1615.64001464844
"2015-08-03",1615.43994140625,1621.72998046875,1610.48999023438,1618.28002929688,0,1618.28002929688
"2015-08-04",1616.56005859375,1616.90002441406,1606.5400390625,1611.88000488281,0,1611.88000488281
"2015-08-05",1615.63000488281,1630.01000976562,1615.63000488281,1627.42004394531,0,1627.42004394531
"2015-08-06",1626.55004882812,1627.47998046875,1619.42004394531,1621.56005859375,0,1621.56005859375
"2015-08-07",1621.34997558594,1622.93994140625,1612.28002929688,1612.28002929688,0,1612.28002929688
"2015-08-10",1621.34997558594,1636.63000488281,1608.27001953125,1636.5400390625,0,1636.5400390625
"2015-08-11",1633.81994628906,1638.11999511719,1611.60998535156,1614.71997070312,0,1614.71997070312
"2015-08-12",1604.03002929688,1604.03002929688,1573.11999511719,1575.0400390625,0,1575.0400390625
"2015-08-13",1597.39001464844,1599.60998535156,1586.2900390625,1594.15002441406,0,1594.15002441406
"2015-08-14",1594.88000488281,1598.2900390625,1583.33996582031,1586.82995605469,0,1586.82995605469
"2015-08-17",1598.68994140625,1603.68005371094,1578.41003417969,1592.81005859375,0,1592.81005859375
"2015-08-18",1587.07995605469,1592.83996582031,1580.39001464844,1583.53002929688,0,1583.53002929688
"2015-08-19",1576.85998535156,1576.85998535156,1553.27001953125,1553.51000976562,0,1553.51000976562
"2015-08-20",1546.81994628906,1553.5400390625,1532.9599609375,1534.39001464844,0,1534.39001464844
"2015-08-21",1516.18994140625,1530.7099609375,1495.35998535156,1495.35998535156,0,1495.35998535156
"2015-08-24",1451.78002929688,1471.65002441406,1405.01000976562,1428.07995605469,0,1428.07995605469
"2015-08-25",1446.85998535156,1487.26000976562,1440.97998046875,1483.34997558594,0,1483.34997558594
"2015-08-26",1465.86999511719,1490.47998046875,1444.63000488281,1458.19995117188,0,1458.19995117188
"2015-08-27",1494.48999023438,1505.88000488281,1485.67004394531,1502.85998535156,0,1502.85998535156
"2015-08-28",1506.83996582031,1509.7099609375,1490.4599609375,1509.7099609375,0,1509.7099609375
"2015-08-31",1502.82995605469,1504.55004882812,1486.60998535156,1501.06994628906,0,1501.06994628906
"2015-09-01",1487.27001953125,1489.06994628906,1460.67004394531,1469.86999511719,0,1469.86999511719
"2015-09-02",1477.39001464844,1486.13000488281,1464.41003417969,1471.51000976562,0,1471.51000976562
"2015-09-03",1487.90002441406,1506.53002929688,1479.13000488281,1500.2099609375,0,1500.2099609375
"2015-09-04",1485.47998046875,1486.05004882812,1459.48999023438,1461.4599609375,86107000,1461.4599609375
"2015-09-07",1473.44995117188,1479.88000488281,1466.19995117188,1471.75,0,1471.75
"2015-09-08",1482.9599609375,1499.46997070312,1480.67004394531,1488.88000488281,0,1488.88000488281
"2015-09-09",1518.5,1524.22998046875,1505.98999023438,1507.15002441406,0,1507.15002441406
"2015-09-10",1495.05004882812,1505.66003417969,1487.91003417969,1494.34997558594,0,1494.34997558594
"2015-09-11",1498.35998535156,1499.11999511719,1484.18005371094,1488.41003417969,0,1488.41003417969
"2015-09-14",1489.02001953125,1491.81994628906,1462.76000976562,1467.72998046875,0,1467.72998046875
"2015-09-15",1467.71997070312,1475.10998535156,1450.56994628906,1469.07995605469,0,1469.07995605469
"2015-09-16",1480.05004882812,1490.56005859375,1477.58996582031,1483.66003417969,0,1483.66003417969
"2015-09-17",1486.38000488281,1488.69995117188,1480.36999511719,1486.4599609375,0,1486.4599609375
"2015-09-18",1478.66003417969,1478.68994140625,1446.97998046875,1453.10998535156,0,1453.10998535156
"2015-09-21",1449.17004394531,1467.56994628906,1443.72998046875,1462.66003417969,0,1462.66003417969
"2015-09-22",1440.84997558594,1455.86999511719,1424.53002929688,1425.39001464844,0,1425.39001464844
"2015-09-23",1423.14001464844,1432.38000488281,1416.92004394531,1421.5,0,1421.5
"2015-09-24",1422.85998535156,1424.19995117188,1378.93994140625,1381.86999511719,0,1381.86999511719
"2015-09-25",1401.05004882812,1421.63000488281,1401.05004882812,1418.46997070312,0,1418.46997070312
"2015-09-28",1414.92004394531,1416.07995605469,1389.38000488281,1389.38000488281,0,1389.38000488281
"2015-09-29",1374.57995605469,1403.30004882812,1369.2900390625,1391.88000488281,0,1391.88000488281
"2015-09-30",1415.02001953125,1423.82995605469,1407.33996582031,1416.89001464844,0,1416.89001464844
"2015-10-01",1432.40002441406,1435.96997070312,1399.33996582031,1404.44995117188,0,1404.44995117188
"2015-10-02",1416.66003417969,1429.38000488281,1396.19995117188,1412.85998535156,0,1412.85998535156
"2015-10-05",1434.94995117188,1456.96997070312,1429.65002441406,1456.96997070312,0,1456.96997070312
"2015-10-06",1457.38000488281,1464.57995605469,1441.34997558594,1457.15002441406,0,1457.15002441406
"2015-10-07",1459.26000976562,1471.64001464844,1452.01000976562,1452.01000976562,0,1452.01000976562
"2015-10-08",1448.42004394531,1464.98999023438,1447.35998535156,1464.48999023438,0,1464.48999023438
"2015-10-09",1477.28002929688,1490.19995117188,1473.98999023438,1483.73999023438,0,1483.73999023438
"2015-10-12",1488.07995605469,1504.59997558594,1472.52001953125,1481.43005371094,0,1481.43005371094
"2015-10-13",1483.2900390625,1483.46997070312,1452.78002929688,1460.10998535156,0,1460.10998535156
"2015-10-14",1451.66003417969,1455.06005859375,1441.2900390625,1442.75,0,1442.75
"2015-10-15",1444.19995117188,1453.86999511719,1441.76000976562,1453.86999511719,0,1453.86999511719
"2015-10-16",1463.94995117188,1469.7099609375,1444.88000488281,1452.35998535156,0,1452.35998535156
"2015-10-19",1452.61999511719,1466.73999023438,1452.2099609375,1458,0,1458
"2015-10-20",1463.82995605469,1471.81994628906,1449.55004882812,1466.67004394531,0,1466.67004394531
"2015-10-21",1460.31005859375,1463.14001464844,1443.16003417969,1452.08996582031,0,1452.08996582031
"2015-10-22",1449.2900390625,1485.66003417969,1434.71997070312,1484.46997070312,0,1484.46997070312
"2015-10-23",1490.38000488281,1514.84997558594,1486.09997558594,1506.58996582031,0,1506.58996582031
"2015-10-26",1506.48999023438,1515.22998046875,1499.2900390625,1506.16003417969,0,1506.16003417969
"2015-10-27",1503.07995605469,1504.07995605469,1485.71997070312,1487.03002929688,0,1487.03002929688
"2015-10-28",1490.9599609375,1503.21997070312,1482.03002929688,1499.64001464844,0,1499.64001464844
"2015-10-29",1505.97998046875,1505.97998046875,1484.18005371094,1495.85998535156,0,1495.85998535156
"2015-10-30",1498.2900390625,1508.44995117188,1496.51000976562,1499.22998046875,0,1499.22998046875
"2015-11-02",1487.46997070312,1509.69995117188,1480.2900390625,1502.43994140625,0,1502.43994140625
"2015-11-03",1506.0400390625,1508.68005371094,1496.13000488281,1507.44995117188,0,1507.44995117188
"2015-11-04",1513.52001953125,1533.94995117188,1512.89001464844,1529.43005371094,0,1529.43005371094
"2015-11-05",1530.42004394531,1535.05004882812,1521.13000488281,1523.25,0,1523.25
"2015-11-06",1523.56005859375,1536.57995605469,1516.5400390625,1526.48999023438,0,1526.48999023438
"2015-11-09",1530.35998535156,1537.25,1511.55004882812,1511.55004882812,0,1511.55004882812
"2015-11-10",1515.53002929688,1517.84997558594,1488.18994140625,1499.40002441406,0,1499.40002441406
"2015-11-11",1504.43994140625,1518.30004882812,1503.16003417969,1511.4599609375,0,1511.4599609375
"2015-11-12",1511.83996582031,1512.60998535156,1487.9599609375,1488.40002441406,0,1488.40002441406
"2015-11-13",1481.76000976562,1485.56005859375,1469,1476.2099609375,0,1476.2099609375
"2015-11-16",1476.2099609375,1485.68005371094,1458.52001953125,1479.0400390625,0,1479.0400390625
"2015-11-17",1479.23999023438,1514.32995605469,1479.23999023438,1513.93005371094,0,1513.93005371094
"2015-11-18",1513.93005371094,1515.2099609375,1504.38000488281,1514.18005371094,0,1514.18005371094
"2015-11-19",1514.18005371094,1530.91003417969,1507.82995605469,1512.77001953125,0,1512.77001953125
"2015-11-20",1512.77001953125,1525.47998046875,1505.93994140625,1521.86999511719,0,1521.86999511719
"2015-11-23",1521.86999511719,1521.86999511719,1509.27001953125,1515.80004882812,0,1515.80004882812
"2015-11-24",1515.80004882812,1515.80004882812,1486.73999023438,1488.89001464844,0,1488.89001464844
"2015-11-25",1488.89001464844,1508.38000488281,1487.94995117188,1506.52001953125,0,1506.52001953125
"2015-11-26",1505.39001464844,1524.61999511719,1502.30004882812,1522.28002929688,0,1522.28002929688
"2015-11-27",1519.59997558594,1527.61999511719,1511.61999511719,1522,0,1522
"2015-11-30",1521.90002441406,1542.11999511719,1515.32995605469,1536.05004882812,0,1536.05004882812
"2015-12-01",1536.28002929688,1546.53002929688,1527.44995117188,1530.52001953125,0,1530.52001953125
"2015-12-02",1530.60998535156,1539.5400390625,1521.64001464844,1533.86999511719,0,1533.86999511719
"2015-12-03",1533.73999023438,1544.93994140625,1502.41003417969,1502.41003417969,0,1502.41003417969
"2015-12-04",1501.97998046875,1501.97998046875,1475.7900390625,1485.31994628906,0,1485.31994628906
"2015-12-07",1490.26000976562,1504.60998535156,1489.61999511719,1494.52001953125,0,1494.52001953125
"2015-12-08",1494.06005859375,1494.06005859375,1450.43994140625,1454.98999023438,0,1454.98999023438
"2015-12-09",1455.73999023438,1460.84997558594,1428.61999511719,1440.93994140625,0,1440.93994140625
"2015-12-10",1440.01000976562,1444.67004394531,1427.58996582031,1433.41003417969,0,1433.41003417969
"2015-12-11",1433.38000488281,1433.38000488281,1399.90002441406,1401.14001464844,0,1401.14001464844
"2015-12-14",1401.81005859375,1418.66003417969,1388.78002929688,1389.26000976562,0,1389.26000976562
"2015-12-15",1389.26000976562,1427.10998535156,1389.26000976562,1426.46997070312,0,1426.46997070312
"2015-12-16",1426.72998046875,1439.5,1418.86999511719,1428.02001953125,0,1428.02001953125
"2015-12-17",1429.71997070312,1461.48999023438,1429.71997070312,1438.31994628906,0,1438.31994628906
"2015-12-18",1435.7900390625,1435.7900390625,1415.11999511719,1422.63000488281,0,1422.63000488281
"2015-12-21",1422.63000488281,1443.80004882812,1419.13000488281,1419.13000488281,0,1419.13000488281
"2015-12-22",1419.34997558594,1428.44995117188,1410.23999023438,1413.73999023438,0,1413.73999023438
"2015-12-23",1415.01000976562,1446.68994140625,1415.01000976562,1446.68994140625,0,1446.68994140625
"2015-12-28",1447.68994140625,1451.7099609375,1432.55004882812,1434.06005859375,0,1434.06005859375
"2015-12-29",1435.11999511719,1452.94995117188,1435.11999511719,1452.94995117188,0,1452.94995117188
"2015-12-30",1453.18994140625,1455.42004394531,1442.17004394531,1446.81994628906,0,1446.81994628906
"2016-01-04",1441.33996582031,1441.33996582031,1394.27001953125,1394.39001464844,0,1394.39001464844
"2016-01-05",1398,1410.46997070312,1384.05004882812,1387.03002929688,0,1387.03002929688
"2016-01-07",1379.66003417969,1379.66003417969,1326.69995117188,1357.11999511719,0,1357.11999511719
"2016-01-08",1359.09997558594,1379.94995117188,1348.76000976562,1348.76000976562,0,1348.76000976562
"2016-01-11",1348.22998046875,1362.0400390625,1342.68005371094,1348.64001464844,0,1348.64001464844
"2016-01-12",1348.42004394531,1369.05004882812,1345.67004394531,1351.26000976562,0,1351.26000976562
"2016-01-13",1352.60998535156,1377.86999511719,1352.60998535156,1360.97998046875,0,1360.97998046875
"2016-01-14",1359.07995605469,1359.07995605469,1326.7099609375,1339.46997070312,0,1339.46997070312
"2016-01-15",1339.64001464844,1348.51000976562,1296.92004394531,1305.23999023438,0,1305.23999023438
"2016-01-18",1306.56005859375,1322.58996582031,1300.5400390625,1306.02001953125,0,1306.02001953125
"2016-01-19",1311.71997070312,1341.72998046875,1311.71997070312,1332.17004394531,0,1332.17004394531
"2016-01-20",1332.17004394531,1332.17004394531,1289.40002441406,1290.94995117188,0,1290.94995117188
"2016-01-21",1290.23999023438,1319.81005859375,1283.13000488281,1312.59997558594,0,1312.59997558594
"2016-01-22",1320.14001464844,1364.23999023438,1320.14001464844,1361.35998535156,0,1361.35998535156
"2016-01-25",1362.34997558594,1367.81005859375,1345.55004882812,1354.41003417969,0,1354.41003417969
"2016-01-26",1351.42004394531,1376.11999511719,1332.40002441406,1375.73999023438,0,1375.73999023438
"2016-01-27",1377.46997070312,1377.46997070312,1353.64001464844,1365.58996582031,0,1365.58996582031
"2016-01-28",1360.60998535156,1366.76000976562,1328.28002929688,1333.31994628906,0,1333.31994628906
"2016-01-29",1339.32995605469,1359.92004394531,1335.93005371094,1356.31994628906,0,1356.31994628906
"2016-02-01",1357.13000488281,1365.90002441406,1335.14001464844,1342.43005371094,0,1342.43005371094
"2016-02-02",1340.18005371094,1340.38000488281,1314.18994140625,1320.2900390625,0,1320.2900390625
"2016-02-03",1320.5400390625,1331.61999511719,1295.5,1305.48999023438,0,1305.48999023438
"2016-02-04",1310.90002441406,1334.82995605469,1304.82995605469,1333.71997070312,0,1333.71997070312
"2016-02-05",1333.66003417969,1347.4599609375,1322.68005371094,1330.10998535156,0,1330.10998535156
"2016-02-08",1330.90002441406,1339.59997558594,1273.27001953125,1273.94995117188,0,1273.94995117188
"2016-02-09",1274.58996582031,1288.52001953125,1253.63000488281,1271.44995117188,0,1271.44995117188
"2016-02-10",1272.16003417969,1306.17004394531,1272.10998535156,1297.81994628906,0,1297.81994628906
"2016-02-11",1296.33996582031,1296.33996582031,1247.06005859375,1247.06005859375,0,1247.06005859375
"2016-02-12",1248.28002929688,1286.67004394531,1248.28002929688,1286.67004394531,0,1286.67004394531
"2016-02-15",1290.61999511719,1336.17004394531,1290.61999511719,1336.17004394531,0,1336.17004394531
"2016-02-16",1336.17004394531,1349.86999511719,1323.58996582031,1328.14001464844,0,1328.14001464844
"2016-02-17",1329.72998046875,1374.25,1329.72998046875,1374.25,0,1374.25
"2016-02-18",1374.25,1381.53002929688,1359.82995605469,1362.97998046875,0,1362.97998046875
"2016-02-19",1363.01000976562,1370.43994140625,1349.5,1355.94995117188,0,1355.94995117188
"2016-02-22",1357.31994628906,1385.73999023438,1357.31994628906,1385.73999023438,0,1385.73999023438
"2016-02-23",1385.16003417969,1385.80004882812,1366.51000976562,1366.53002929688,0,1366.53002929688
"2016-02-24",1366.91003417969,1368.89001464844,1324.4599609375,1327.84997558594,0,1327.84997558594
"2016-02-25",1328.23999023438,1360.96997070312,1328.23999023438,1360.96997070312,0,1360.96997070312
"2016-02-26",1363.76000976562,1378.77001953125,1363.4599609375,1370.80004882812,0,1370.80004882812
"2016-02-29",1370.80004882812,1374.56994628906,1345.17004394531,1372.5400390625,0,1372.5400390625
"2016-03-01",1372.5400390625,1392.02001953125,1356.56994628906,1391.44995117188,0,1391.44995117188
"2016-03-02",1392.19995117188,1401.77001953125,1373.33996582031,1383.7099609375,0,1383.7099609375
"2016-03-03",1385.4599609375,1394.47998046875,1384.17004394531,1389.44995117188,0,1389.44995117188
"2016-03-04",1389.94995117188,1409.2900390625,1389.94995117188,1403.77001953125,0,1403.77001953125
"2016-03-07",1403.40002441406,1403.40002441406,1387.81994628906,1397.0400390625,0,1397.0400390625
"2016-03-08",1396.03002929688,1399.81005859375,1385.51000976562,1390.57995605469,0,1390.57995605469
"2016-03-09",1390.56005859375,1402.78002929688,1385.18005371094,1398.46997070312,0,1398.46997070312
"2016-03-10",1398.02001953125,1423.77001953125,1385.06005859375,1385.06005859375,0,1385.06005859375
"2016-03-11",1392.06994628906,1419.18994140625,1392.06994628906,1418.39001464844,0,1418.39001464844
"2016-03-14",1419.67004394531,1431.64001464844,1415.11999511719,1424.18994140625,0,1424.18994140625
"2016-03-15",1424.18994140625,1424.18994140625,1403.11999511719,1403.94995117188,0,1403.94995117188
"2016-03-16",1404.15002441406,1412.48999023438,1386.88000488281,1393.09997558594,0,1393.09997558594
"2016-03-17",1393.09997558594,1404.07995605469,1362.2900390625,1390.85998535156,0,1390.85998535156
"2016-03-18",1391.26000976562,1393.21997070312,1371.66003417969,1391.38000488281,0,1391.38000488281
"2016-03-21",1389.68994140625,1391.77001953125,1374.81994628906,1377.56005859375,0,1377.56005859375
"2016-03-22",1376.78002929688,1382.43994140625,1354.39001464844,1382.43994140625,0,1382.43994140625
"2016-03-23",1382.63000488281,1382.63000488281,1362.47998046875,1368.2099609375,0,1368.2099609375
"2016-03-24",1365.17004394531,1365.17004394531,1345.33996582031,1345.33996582031,0,1345.33996582031
"2016-03-29",1346.41003417969,1358.13000488281,1339.88000488281,1348.69995117188,0,1348.69995117188
"2016-03-30",1348.69995117188,1383.41003417969,1348.69995117188,1376.81994628906,0,1376.81994628906
"2016-03-31",1375.5400390625,1375.5400390625,1362.78002929688,1365.69995117188,0,1365.69995117188
"2016-04-01",1360.7900390625,1360.7900390625,1343.27001953125,1358.21997070312,0,1358.21997070312
"2016-04-04",1358.21997070312,1370.43005371094,1351.06994628906,1361.85998535156,77976700,1361.85998535156
"2016-04-05",1361.85998535156,1361.85998535156,1327.43994140625,1333.84997558594,0,1333.84997558594
"2016-04-06",1333.84997558594,1349.02001953125,1323.55004882812,1349.02001953125,0,1349.02001953125
"2016-04-07",1348.86999511719,1349.0400390625,1330.51000976562,1330.83996582031,0,1330.83996582031
"2016-04-08",1331.38000488281,1365,1331.38000488281,1364.93994140625,0,1364.93994140625
"2016-04-11",1364.41003417969,1376.36999511719,1353.56994628906,1368.61999511719,0,1368.61999511719
"2016-04-12",1368.0400390625,1368.64001464844,1353.22998046875,1366.59997558594,0,1366.59997558594
"2016-04-13",1368.65002441406,1394.81994628906,1368.65002441406,1392.58996582031,0,1392.58996582031
"2016-04-14",1393.09997558594,1396.46997070312,1381.52001953125,1384.10998535156,0,1384.10998535156
"2016-04-15",1383.98999023438,1387.10998535156,1379.03002929688,1381.32995605469,0,1381.32995605469
"2016-04-18",1380.26000976562,1386.44995117188,1364.66003417969,1381.89001464844,0,1381.89001464844
"2016-04-19",1383.33996582031,1413.82995605469,1383.33996582031,1410.86999511719,0,1410.86999511719
"2016-04-20",1408.59997558594,1419.80004882812,1404.13000488281,1419.67004394531,0,1419.67004394531
"2016-04-21",1419.84997558594,1422.7900390625,1402,1409.48999023438,0,1409.48999023438
"2016-04-22",1408.52001953125,1408.93005371094,1392.56994628906,1396.36999511719,0,1396.36999511719
"2016-04-25",1396.56994628906,1401.33996582031,1384.98999023438,1389.56994628906,0,1389.56994628906
"2016-04-26",1389.23999023438,1399.94995117188,1386.71997070312,1389.80004882812,0,1389.80004882812
"2016-04-27",1388.94995117188,1395.75,1382.11999511719,1386.78002929688,0,1386.78002929688
"2016-04-28",1385.92004394531,1391.26000976562,1364.41003417969,1389.60998535156,0,1389.60998535156
"2016-04-29",1389.60998535156,1389.60998535156,1357.90002441406,1360.7099609375,0,1360.7099609375
"2016-05-02",1360.7099609375,1365.06994628906,1350.61999511719,1352.91003417969,0,1352.91003417969
"2016-05-03",1352.91003417969,1353.47998046875,1326.34997558594,1335.39001464844,0,1335.39001464844
"2016-05-04",1335.39001464844,1336,1318.02001953125,1319.17004394531,0,1319.17004394531
"2016-05-06",1317.68994140625,1317.68994140625,1300.90002441406,1309.17004394531,0,1309.17004394531
"2016-05-09",1309.52001953125,1336.60998535156,1309.52001953125,1328.19995117188,0,1328.19995117188
"2016-05-10",1328.68005371094,1342.26000976562,1328.68005371094,1332.57995605469,0,1332.57995605469
"2016-05-11",1331,1338.52001953125,1321.7900390625,1326.13000488281,0,1326.13000488281
"2016-05-12",1325.96997070312,1332.69995117188,1311.30004882812,1312.28002929688,0,1312.28002929688
"2016-05-13",1311.93005371094,1325.84997558594,1304.85998535156,1323.18005371094,0,1323.18005371094
"2016-05-16",1323.25,1336.63000488281,1311.60998535156,1336.14001464844,0,1336.14001464844
"2016-05-17",1336.14001464844,1348.4599609375,1327.55004882812,1331.7099609375,0,1331.7099609375
"2016-05-18",1331.5,1340.9599609375,1322.26000976562,1340.93005371094,0,1340.93005371094
"2016-05-19",1340.75,1340.75,1321.80004882812,1321.80004882812,0,1321.80004882812
"2016-05-20",1322.22998046875,1342.98999023438,1322.22998046875,1342.68005371094,0,1342.68005371094
"2016-05-23",1342.57995605469,1345.52001953125,1332.03002929688,1338.96997070312,0,1338.96997070312
"2016-05-24",1337.84997558594,1358.68005371094,1327.56005859375,1357.09997558594,0,1357.09997558594
"2016-05-25",1358.23999023438,1370.44995117188,1358.23999023438,1367.06994628906,0,1367.06994628906
"2016-05-26",1365.7900390625,1376.43994140625,1364.17004394531,1376.15002441406,0,1376.15002441406
"2016-05-27",1375.72998046875,1379.19995117188,1370.39001464844,1376.5,0,1376.5
"2016-05-30",1376.5400390625,1380.43994140625,1371.68994140625,1379.81005859375,0,1379.81005859375
"2016-05-31",1380.14001464844,1383.38000488281,1368.53002929688,1369.47998046875,0,1369.47998046875
"2016-06-01",1369.57995605469,1369.57995605469,1351.90002441406,1356.75,0,1356.75
"2016-06-02",1357.09997558594,1364.11999511719,1354.93994140625,1359.14001464844,0,1359.14001464844
"2016-06-03",1360.40002441406,1369.68005371094,1338.93994140625,1345.43994140625,0,1345.43994140625
"2016-06-07",1346.98999023438,1369.03002929688,1346.98999023438,1367.15002441406,0,1367.15002441406
"2016-06-08",1366.56005859375,1366.56005859375,1359.10998535156,1361.48999023438,0,1361.48999023438
"2016-06-09",1361.57995605469,1362.44995117188,1343.21997070312,1344,0,1344
"2016-06-10",1343.15002441406,1343.15002441406,1313.35998535156,1315.06005859375,0,1315.06005859375
"2016-06-13",1312.7900390625,1312.7900390625,1290.36999511719,1294.51000976562,0,1294.51000976562
"2016-06-14",1294.31994628906,1294.31994628906,1270.16003417969,1273.96997070312,0,1273.96997070312
"2016-06-15",1275.89001464844,1306.89001464844,1275.89001464844,1304.08996582031,0,1304.08996582031
"2016-06-16",1301.27001953125,1301.27001953125,1270.7099609375,1278.7099609375,0,1278.7099609375
"2016-06-17",1280.57995605469,1300.27001953125,1280.57995605469,1298.38000488281,0,1298.38000488281
"2016-06-20",1301.39001464844,1340.35998535156,1301.39001464844,1340.2900390625,0,1340.2900390625
"2016-06-21",1340,1346.92004394531,1331.5,1344.58996582031,0,1344.58996582031
"2016-06-22",1345.07995605469,1357.91003417969,1338.65002441406,1354.59997558594,0,1354.59997558594
"2016-06-23",1354.57995605469,1366.97998046875,1347.43005371094,1360.72998046875,0,1360.72998046875
"2016-06-27",1353.22998046875,1353.22998046875,1240.68005371094,1246.09997558594,0,1246.09997558594
"2016-06-28",1247,1290.35998535156,1247,1278.52001953125,0,1278.52001953125
"2016-06-29",1280.68994140625,1309.61999511719,1280.68994140625,1309.56994628906,0,1309.56994628906
"2016-06-30",1309.57995605469,1324.38000488281,1300.68994140625,1323.57995605469,0,1323.57995605469
"2016-07-01",1325.17004394531,1342.18005371094,1325.17004394531,1340.26000976562,0,1340.26000976562
"2016-07-04",1340.57995605469,1345.72998046875,1324.85998535156,1325.5400390625,0,1325.5400390625
"2016-07-05",1324.93005371094,1324.93005371094,1300.4599609375,1303.01000976562,0,1303.01000976562
"2016-07-06",1300.7099609375,1303.68005371094,1275.22998046875,1284.57995605469,0,1284.57995605469
"2016-07-07",1285.06005859375,1313.44995117188,1285.06005859375,1305.32995605469,0,1305.32995605469
"2016-07-08",1304.65002441406,1326.76000976562,1300.27001953125,1326.2099609375,0,1326.2099609375
"2016-07-11",1328.72998046875,1351.35998535156,1328.72998046875,1350.08996582031,0,1350.08996582031
"2016-07-12",1350.18994140625,1358.76000976562,1346.39001464844,1354.51000976562,0,1354.51000976562
"2016-07-13",1354.46997070312,1363.40002441406,1351.76000976562,1356.34997558594,0,1356.34997558594
"2016-07-14",1356.7900390625,1369.71997070312,1356.7900390625,1364.92004394531,0,1364.92004394531
"2016-07-15",1365.08996582031,1377.40002441406,1361.10998535156,1372.80004882812,0,1372.80004882812
"2016-07-18",1372.53002929688,1380.06005859375,1360.11999511719,1368.25,0,1368.25
"2016-07-19",1367.4599609375,1378.71997070312,1360.7900390625,1371.90002441406,0,1371.90002441406
"2016-07-20",1373.65002441406,1386.71997070312,1373.65002441406,1386.58996582031,0,1386.58996582031
"2016-07-21",1386.30004882812,1390.4599609375,1373.42004394531,1381.69995117188,0,1381.69995117188
"2016-07-22",1381.30004882812,1382.07995605469,1372.16003417969,1377.46997070312,0,1377.46997070312
"2016-07-25",1381.26000976562,1397.03002929688,1381.26000976562,1385.96997070312,0,1385.96997070312
"2016-07-26",1385.96997070312,1389.94995117188,1375.75,1382.72998046875,0,1382.72998046875
"2016-07-27",1383.68994140625,1395.86999511719,1383.68994140625,1387.51000976562,0,1387.51000976562
"2016-07-28",1387.08996582031,1393.06994628906,1379.78002929688,1382.07995605469,0,1382.07995605469
"2016-07-29",1383.01000976562,1389.82995605469,1382.08996582031,1386.66003417969,0,1386.66003417969
"2016-08-01",1388.82995605469,1395.73999023438,1374.81005859375,1379.4599609375,0,1379.4599609375
"2016-08-02",1379.56005859375,1380.36999511719,1357.43005371094,1358.61999511719,0,1358.61999511719
"2016-08-03",1359.05004882812,1362.28002929688,1347.08996582031,1352.33996582031,0,1352.33996582031
"2016-08-04",1354.03002929688,1366.34997558594,1354.03002929688,1365.84997558594,0,1365.84997558594
"2016-08-05",1366.18994140625,1381.16003417969,1366.14001464844,1378.82995605469,0,1378.82995605469
"2016-08-08",1379.7900390625,1388.43994140625,1379.7900390625,1385.68005371094,0,1385.68005371094
"2016-08-09",1385.55004882812,1411.34997558594,1382.86999511719,1411.34997558594,0,1411.34997558594
"2016-08-10",1410.43005371094,1410.43005371094,1403.9599609375,1405.98999023438,0,1405.98999023438
"2016-08-11",1406.34997558594,1416.90002441406,1401.14001464844,1416.90002441406,0,1416.90002441406
"2016-08-12",1416.9599609375,1419.81005859375,1410.83996582031,1414.2099609375,0,1414.2099609375
"2016-08-15",1413.94995117188,1424.69995117188,1413.81994628906,1421.57995605469,0,1421.57995605469
"2016-08-16",1419.66003417969,1419.66003417969,1405.13000488281,1406.26000976562,0,1406.26000976562
"2016-08-17",1406.48999023438,1411.32995605469,1389.75,1392.05004882812,0,1392.05004882812
"2016-08-18",1392.73999023438,1405.31005859375,1392.73999023438,1403.02001953125,0,1403.02001953125
"2016-08-19",1403.31994628906,1405.77001953125,1386.69995117188,1393.60998535156,0,1393.60998535156
"2016-08-22",1393.31005859375,1403.66003417969,1387.98999023438,1391.46997070312,0,1391.46997070312
"2016-08-23",1392.47998046875,1408.92004394531,1392.47998046875,1406.55004882812,0,1406.55004882812
"2016-08-24",1406.2099609375,1419.23999023438,1396.53002929688,1412.93994140625,0,1412.93994140625
"2016-08-25",1411.91003417969,1411.91003417969,1401.13000488281,1405.07995605469,0,1405.07995605469
"2016-08-26",1403.14001464844,1414.51000976562,1397.96997070312,1411.65002441406,0,1411.65002441406
"2016-08-29",1410.16003417969,1411.97998046875,1400.46997070312,1411.97998046875,0,1411.97998046875
"2016-08-30",1411.97998046875,1423.5,1411.97998046875,1418.43005371094,0,1418.43005371094
"2016-08-31",1417.98999023438,1429.10998535156,1416,1418.14001464844,0,1418.14001464844
"2016-09-01",1419.88000488281,1430.59997558594,1416.51000976562,1417.58996582031,0,1417.58996582031
"2016-09-02",1418.25,1437.23999023438,1418.25,1437.23999023438,0,1437.23999023438
"2016-09-05",1437.46997070312,1443.21997070312,1437.46997070312,1440.76000976562,0,1440.76000976562
"2016-09-06",1439.38000488281,1444.71997070312,1434.17004394531,1435.18994140625,0,1435.18994140625
"2016-09-07",1437.92004394531,1443.4599609375,1435.73999023438,1441.52001953125,0,1441.52001953125
"2016-09-08",1441.14001464844,1443.2099609375,1430.53002929688,1440.03002929688,0,1440.03002929688
"2016-09-09",1439.77001953125,1440.88000488281,1424.91003417969,1426.56005859375,0,1426.56005859375
"2016-09-12",1426.5,1426.5,1400.19995117188,1417.35998535156,0,1417.35998535156
"2016-09-13",1418.11999511719,1427.11999511719,1410.7900390625,1410.7900390625,0,1410.7900390625
"2016-09-14",1412.13000488281,1418.13000488281,1407.02001953125,1409.89001464844,0,1409.89001464844
"2016-09-15",1409.90002441406,1417.64001464844,1401.5,1416.82995605469,0,1416.82995605469
"2016-09-16",1415.5,1415.5,1404.02001953125,1405.31005859375,0,1405.31005859375
"2016-09-19",1407.02001953125,1421.47998046875,1407.02001953125,1419.01000976562,0,1419.01000976562
"2016-09-20",1418.75,1424.90002441406,1415.11999511719,1418.43994140625,0,1418.43994140625
"2016-09-21",1420.22998046875,1434.7099609375,1420.14001464844,1422.66003417969,0,1422.66003417969
"2016-09-22",1423.34997558594,1448.05004882812,1423.34997558594,1446.01000976562,0,1446.01000976562
"2016-09-23",1446.06994628906,1446.06994628906,1432.31005859375,1437.52001953125,0,1437.52001953125
"2016-09-26",1436.56005859375,1436.56005859375,1415.19995117188,1418.18994140625,0,1418.18994140625
"2016-09-27",1419.03002929688,1428.69995117188,1403.92004394531,1421.19995117188,0,1421.19995117188
"2016-09-28",1422.58996582031,1436.0400390625,1422.58996582031,1425.23999023438,0,1425.23999023438
"2016-09-29",1425.38000488281,1442.89001464844,1425.38000488281,1434.81005859375,0,1434.81005859375
"2016-09-30",1434.65002441406,1439.07995605469,1407.98999023438,1439.07995605469,0,1439.07995605469
"2016-10-03",1439.82995605469,1450.69995117188,1437.67004394531,1443.4599609375,0,1443.4599609375
"2016-10-04",1443.28002929688,1456.34997558594,1442.63000488281,1456.21997070312,0,1456.21997070312
"2016-10-05",1453.21997070312,1455.21997070312,1445.9599609375,1452.5,0,1452.5
"2016-10-06",1453.17004394531,1461.51000976562,1452.81994628906,1458.38000488281,0,1458.38000488281
"2016-10-07",1458.05004882812,1458.05004882812,1444.90002441406,1451.65002441406,0,1451.65002441406
"2016-10-10",1451.72998046875,1467.78002929688,1449.08996582031,1467.44995117188,0,1467.44995117188
"2016-10-11",1467.06005859375,1468.16003417969,1454.69995117188,1455.41003417969,0,1455.41003417969
"2016-10-12",1454.56005859375,1459.69995117188,1442.5,1442.5,0,1442.5
"2016-10-13",1442.5,1442.5,1422.08996582031,1426.68994140625,0,1426.68994140625
"2016-10-14",1430.31005859375,1447.57995605469,1430.02001953125,1446,0,1446
"2016-10-17",1445.57995605469,1447.23999023438,1436.66003417969,1438.28002929688,0,1438.28002929688
"2016-10-18",1441.43005371094,1459.93994140625,1441.43005371094,1458.63000488281,0,1458.63000488281
"2016-10-19",1459.15002441406,1462.67004394531,1448.05004882812,1455.27001953125,0,1455.27001953125
"2016-10-20",1456.11999511719,1467.84997558594,1449.38000488281,1465.83996582031,0,1465.83996582031
"2016-10-21",1464.25,1472.06005859375,1458.63000488281,1464.84997558594,0,1464.84997558594
"2016-10-24",1464.9599609375,1473.47998046875,1454.98999023438,1456.7900390625,0,1456.7900390625
"2016-10-25",1456.98999023438,1461.09997558594,1449.89001464844,1451.27001953125,0,1451.27001953125
"2016-10-26",1454.81005859375,1458.80004882812,1440.68994140625,1454.2099609375,0,1454.2099609375
"2016-10-27",1455.7099609375,1459.60998535156,1445.56994628906,1456.55004882812,0,1456.55004882812
"2016-10-28",1455,1461.18994140625,1443.06994628906,1459.35998535156,0,1459.35998535156
"2016-10-31",1458.9599609375,1458.9599609375,1444.75,1446.34997558594,0,1446.34997558594
"2016-11-01",1447.13000488281,1457.01000976562,1431.86999511719,1431.86999511719,0,1431.86999511719
"2016-11-02",1431.36999511719,1431.36999511719,1416.5,1417.36999511719,0,1417.36999511719
"2016-11-03",1417.33996582031,1429.76000976562,1413.91003417969,1421.01000976562,0,1421.01000976562
"2016-11-04",1420.25,1420.25,1404.57995605469,1406.09997558594,0,1406.09997558594
"2016-11-07",1407.88000488281,1434.17004394531,1407.88000488281,1431.77001953125,0,1431.77001953125
"2016-11-08",1432.39001464844,1441.36999511719,1427.19995117188,1439.43005371094,0,1439.43005371094
"2016-11-09",1430.91003417969,1458.9599609375,1391.81005859375,1456.7099609375,0,1456.7099609375
"2016-11-10",1457.4599609375,1479.31005859375,1453.68005371094,1460.52001953125,0,1460.52001953125
"2016-11-11",1461.73999023438,1470.52001953125,1449.66003417969,1451.53002929688,0,1451.53002929688
"2016-11-14",1454.30004882812,1469.58996582031,1438.41003417969,1443.08996582031,0,1443.08996582031
"2016-11-15",1445.5,1467.28002929688,1445.5,1466.4599609375,0,1466.4599609375
"2016-11-16",1466.81994628906,1473.82995605469,1454.4599609375,1458.25,0,1458.25
"2016-11-17",1457.35998535156,1472.61999511719,1454.15002441406,1472.05004882812,0,1472.05004882812
"2016-11-18",1473.25,1478.75,1467.69995117188,1476.46997070312,0,1476.46997070312
"2016-11-21",1477.18005371094,1482.11999511719,1466.02001953125,1478.57995605469,0,1478.57995605469
"2016-11-22",1479.14001464844,1490.2900390625,1478.61999511719,1485.05004882812,0,1485.05004882812
"2016-11-23",1485.7099609375,1488.68005371094,1476.35998535156,1482.63000488281,0,1482.63000488281
"2016-11-24",1483.32995605469,1487.71997070312,1479.18005371094,1484.32995605469,0,1484.32995605469
"2016-11-25",1484.33996582031,1491.22998046875,1478.32995605469,1491.22998046875,0,1491.22998046875
"2016-11-28",1491.06005859375,1491.06005859375,1469.88000488281,1472.68005371094,0,1472.68005371094
"2016-11-29",1472.64001464844,1479.06994628906,1462.30004882812,1467.18005371094,0,1467.18005371094
"2016-11-30",1467.03002929688,1484.02001953125,1466.7900390625,1481.14001464844,0,1481.14001464844
"2016-12-01",1480.53002929688,1482.56005859375,1473.34997558594,1477.94995117188,0,1477.94995117188
"2016-12-02",1477.92004394531,1477.92004394531,1461.66003417969,1470.07995605469,0,1470.07995605469
"2016-12-05",1469.83996582031,1490.63000488281,1462.92004394531,1483.2900390625,0,1483.2900390625
"2016-12-06",1483.75,1492.17004394531,1479.68994140625,1492.17004394531,0,1492.17004394531
"2016-12-07",1493.18005371094,1503.97998046875,1493.18005371094,1503.94995117188,0,1503.94995117188
"2016-12-08",1505.09997558594,1520.15002441406,1503.38000488281,1520.15002441406,0,1520.15002441406
"2016-12-09",1519.16003417969,1538.38000488281,1514.16003417969,1534.27001953125,0,1534.27001953125
"2016-12-12",1534.09997558594,1541,1529.2900390625,1537.93005371094,0,1537.93005371094
"2016-12-13",1537.5400390625,1551.9599609375,1535.47998046875,1551,0,1551
"2016-12-14",1551.08996582031,1551.08996582031,1538.63000488281,1541.39001464844,0,1541.39001464844
"2016-12-15",1541.39001464844,1551.14001464844,1532.09997558594,1550.52001953125,0,1550.52001953125
"2016-12-16",1550.2099609375,1553.59997558594,1544.38000488281,1548.19995117188,0,1548.19995117188
"2016-12-19",1548.0400390625,1552.55004882812,1542.03002929688,1542.7099609375,0,1542.7099609375
"2016-12-20",1542.18005371094,1547.85998535156,1535.11999511719,1536.71997070312,0,1536.71997070312
"2016-12-21",1535.56005859375,1537.34997558594,1521.64001464844,1525.46997070312,0,1525.46997070312
"2016-12-22",1525.27001953125,1525.27001953125,1515.60998535156,1519.5400390625,0,1519.5400390625
"2016-12-23",1519.34997558594,1528.42004394531,1519.28002929688,1525.80004882812,0,1525.80004882812
"2016-12-27",1525.7099609375,1536.01000976562,1525.47998046875,1533.31005859375,0,1533.31005859375
"2016-12-28",1532.85998535156,1532.85998535156,1526.2900390625,1527.30004882812,0,1527.30004882812
"2016-12-29",1526.69995117188,1526.69995117188,1516.92004394531,1518.36999511719,0,1518.36999511719
"2016-12-30",1518.33996582031,1522.06005859375,1511.28002929688,1517.19995117188,0,1517.19995117188
"2017-01-02",1516.43005371094,1530.60998535156,1510.67004394531,1526.82995605469,0,1526.82995605469
"2017-01-03",1527.25,1541.19995117188,1526.26000976562,1534.69995117188,0,1534.69995117188
"2017-01-04",1535.16003417969,1538.77001953125,1527.58996582031,1530.93005371094,0,1530.93005371094
"2017-01-05",1530.93005371094,1530.93005371094,1521.88000488281,1522.09997558594,0,1522.09997558594
"2017-01-09",1522.22998046875,1525.38000488281,1504.06994628906,1509.81994628906,0,1509.81994628906
"2017-01-10",1509.84997558594,1516.56994628906,1506.30004882812,1510.08996582031,0,1510.08996582031
"2017-01-11",1508.7099609375,1517.75,1501.03002929688,1511.88000488281,0,1511.88000488281
"2017-01-12",1511.91003417969,1513.23999023438,1499.57995605469,1503.31005859375,0,1503.31005859375
"2017-01-13",1504.21997070312,1522.48999023438,1504.21997070312,1522.48999023438,0,1522.48999023438
"2017-01-16",1518.27001953125,1518.27001953125,1511.06994628906,1512.96997070312,0,1512.96997070312
"2017-01-17",1512.85998535156,1514.57995605469,1498.73999023438,1507.31994628906,0,1507.31994628906
"2017-01-18",1508.05004882812,1515.98999023438,1503.10998535156,1515.98999023438,0,1515.98999023438
"2017-01-19",1516,1521.92004394531,1508.47998046875,1513.92004394531,0,1513.92004394531
"2017-01-20",1513.77001953125,1527.38000488281,1507.78002929688,1525.48999023438,0,1525.48999023438
"2017-01-23",1524.36999511719,1524.36999511719,1503.05004882812,1504.68994140625,0,1504.68994140625
"2017-01-24",1504.91003417969,1522.86999511719,1504.91003417969,1522.84997558594,0,1522.84997558594
"2017-01-25",1523.98999023438,1545.98999023438,1523.98999023438,1545.98999023438,0,1545.98999023438
"2017-01-26",1551.9599609375,1563.52001953125,1551.21997070312,1553.89001464844,0,1553.89001464844
"2017-01-27",1553.7900390625,1553.7900390625,1536.77001953125,1538.76000976562,0,1538.76000976562
"2017-01-30",1538.5,1538.5,1526.46997070312,1528.89001464844,0,1528.89001464844
"2017-01-31",1528.63000488281,1548.14001464844,1528.63000488281,1536.75,0,1536.75
"2017-02-01",1537.46997070312,1554.15002441406,1537.46997070312,1547.31005859375,0,1547.31005859375
"2017-02-02",1547.34997558594,1554.57995605469,1544.59997558594,1551.84997558594,0,1551.84997558594
"2017-02-03",1552.09997558594,1559.13000488281,1550.10998535156,1557.31005859375,0,1557.31005859375
"2017-02-06",1557.38000488281,1558.92004394531,1547.39001464844,1548.90002441406,0,1548.90002441406
"2017-02-07",1549.26000976562,1560.7099609375,1545.72998046875,1550.93994140625,0,1550.93994140625
"2017-02-08",1550.21997070312,1552.25,1540.03002929688,1549.23999023438,0,1549.23999023438
"2017-02-09",1549.40002441406,1557.5,1545.68994140625,1557.5,0,1557.5
"2017-02-10",1559.21997070312,1568.2099609375,1556.66003417969,1562.72998046875,0,1562.72998046875
"2017-02-13",1563.07995605469,1572.53002929688,1563.07995605469,1572.18005371094,0,1572.18005371094
"2017-02-14",1572.35998535156,1573.10998535156,1563.73999023438,1569.75,0,1569.75
"2017-02-15",1570.76000976562,1577.72998046875,1568.17004394531,1574.02001953125,0,1574.02001953125
"2017-02-16",1574.15002441406,1580.98999023438,1572.27001953125,1576.32995605469,0,1576.32995605469
"2017-02-17",1576.06005859375,1578.91003417969,1566.46997070312,1570.58996582031,0,1570.58996582031
"2017-02-20",1572.57995605469,1582.78002929688,1572.57995605469,1576.32995605469,0,1576.32995605469
"2017-02-21",1576.56005859375,1592.75,1570.01000976562,1590.08996582031,0,1590.08996582031
"2017-02-22",1589.19995117188,1593.88000488281,1578.55004882812,1582.13000488281,0,1582.13000488281
"2017-02-23",1582.16003417969,1593.60998535156,1582.16003417969,1588.30004882812,0,1588.30004882812
"2017-02-24",1587.81005859375,1589.51000976562,1563.0400390625,1569.85998535156,0,1569.85998535156
"2017-02-27",1571.44995117188,1577.06005859375,1561.64001464844,1564.63000488281,0,1564.63000488281
"2017-02-28",1564.85998535156,1572.72998046875,1561.58996582031,1570.17004394531,0,1570.17004394531
"2017-03-01",1570.9599609375,1594.56005859375,1570.9599609375,1591.36999511719,0,1591.36999511719
"2017-03-02",1591.31994628906,1594.4599609375,1578.27001953125,1580.53002929688,0,1580.53002929688
"2017-03-03",1579.56994628906,1585.60998535156,1573.98999023438,1581.31994628906,0,1581.31994628906
"2017-03-06",1581.2900390625,1581.2900390625,1571.06005859375,1575.52001953125,0,1575.52001953125
"2017-03-07",1575.5400390625,1578.25,1567.58996582031,1575.77001953125,0,1575.77001953125
"2017-03-08",1575.78002929688,1583.21997070312,1574.2099609375,1578.22998046875,0,1578.22998046875
"2017-03-09",1577.75,1585.43994140625,1572.59997558594,1583.72998046875,0,1583.72998046875
"2017-03-10",1584.08996582031,1595,1584.08996582031,1587.93005371094,0,1587.93005371094
"2017-03-13",1587.88000488281,1599.82995605469,1586.01000976562,1594.7099609375,0,1594.7099609375
"2017-03-14",1594.78002929688,1595.16003417969,1576.51000976562,1586,0,1586
"2017-03-15",1586.58996582031,1590.22998046875,1581.21997070312,1588.89001464844,0,1588.89001464844
"2017-03-16",1591.13000488281,1603.06005859375,1585.59997558594,1593.25,0,1593.25
"2017-03-17",1593.93994140625,1593.93994140625,1578.46997070312,1584.96997070312,0,1584.96997070312
"2017-03-20",1583.53002929688,1587.7900390625,1581.40002441406,1583.25,0,1583.25
"2017-03-21",1583.81005859375,1588.63000488281,1569,1570.88000488281,0,1570.88000488281
"2017-03-22",1569.93994140625,1569.93994140625,1551.23999023438,1562.9599609375,0,1562.9599609375
"2017-03-23",1563.64001464844,1581.56994628906,1560.83996582031,1581.28002929688,0,1581.28002929688
"2017-03-24",1580.91003417969,1582.0400390625,1573.06994628906,1579.69995117188,0,1579.69995117188
"2017-03-27",1578.31005859375,1578.31005859375,1556.44995117188,1574.51000976562,0,1574.51000976562
"2017-03-28",1575.07995605469,1581.30004882812,1567.84997558594,1580.08996582031,0,1580.08996582031
"2017-03-29",1580.53002929688,1587.07995605469,1576.39001464844,1584.43005371094,0,1584.43005371094
"2017-03-30",1585.17004394531,1585.17004394531,1572.16003417969,1583.88000488281,0,1583.88000488281
"2017-03-31",1583.66003417969,1590.52001953125,1570.21997070312,1587.63000488281,0,1587.63000488281
"2017-04-03",1587.86999511719,1591.13000488281,1570.56994628906,1571.41003417969,0,1571.41003417969
"2017-04-04",1571.30004882812,1578.61999511719,1564.28002929688,1567.30004882812,0,1567.30004882812
"2017-04-05",1567.51000976562,1568.42004394531,1557.08996582031,1558.56005859375,0,1558.56005859375
"2017-04-06",1558.43005371094,1564.06994628906,1543.69995117188,1564.05004882812,0,1564.05004882812
"2017-04-07",1562.81994628906,1569.72998046875,1553.43005371094,1569.67004394531,0,1569.67004394531
"2017-04-10",1569.80004882812,1572.60998535156,1566.05004882812,1572.46997070312,0,1572.46997070312
"2017-04-11",1572.09997558594,1577.63000488281,1564.88000488281,1570.91003417969,0,1570.91003417969
"2017-04-12",1571.02001953125,1585.44995117188,1571.02001953125,1575.02001953125,0,1575.02001953125
"2017-04-13",1573.78002929688,1575.84997558594,1567.41003417969,1572.81005859375,0,1572.81005859375
"2017-04-18",1574.34997558594,1576.7099609375,1553.06994628906,1557.2099609375,109950600,1557.2099609375
"2017-04-19",1557.09997558594,1571.21997070312,1552.4599609375,1565.72998046875,0,1565.72998046875
"2017-04-20",1565.71997070312,1571.67004394531,1560.93005371094,1568.73999023438,0,1568.73999023438
"2017-04-21",1568.48999023438,1578.26000976562,1567.47998046875,1573.25,0,1573.25
"2017-04-24",1574.09997558594,1609.27001953125,1574.09997558594,1609.27001953125,0,1609.27001953125
"2017-04-25",1609.58996582031,1620.64001464844,1606.89001464844,1617.05004882812,0,1617.05004882812
"2017-04-26",1617.07995605469,1621.93994140625,1608.98999023438,1620.28002929688,0,1620.28002929688
"2017-04-27",1617.34997558594,1620.73999023438,1614.56994628906,1616.57995605469,0,1616.57995605469
"2017-04-28",1616.69995117188,1627.72998046875,1616.32995605469,1626.98999023438,0,1626.98999023438
"2017-05-02",1626.98999023438,1636.51000976562,1626.03002929688,1636.51000976562,0,1636.51000976562
"2017-05-03",1636.5,1636.5,1626.43005371094,1633.98999023438,0,1633.98999023438
"2017-05-04",1635.68994140625,1640.7099609375,1632.91003417969,1638.32995605469,0,1638.32995605469
"2017-05-05",1638.32995605469,1642.0400390625,1632.32995605469,1642.0400390625,0,1642.0400390625
"2017-05-08",1642.06005859375,1645.80004882812,1629.68994140625,1639.48999023438,0,1639.48999023438
"2017-05-09",1640.06994628906,1654.5400390625,1640.06994628906,1653.10998535156,0,1653.10998535156
"2017-05-10",1652.14001464844,1652.14001464844,1642.07995605469,1649.65002441406,0,1649.65002441406
"2017-05-11",1649.0400390625,1649.17004394531,1637.88000488281,1642.02001953125,0,1642.02001953125
"2017-05-12",1643.82995605469,1647.28002929688,1640.7900390625,1646.44995117188,0,1646.44995117188
"2017-05-15",1647.25,1650.72998046875,1644.73999023438,1649.83996582031,0,1649.83996582031
"2017-05-16",1649.83996582031,1657.13000488281,1646.77001953125,1653.06005859375,0,1653.06005859375
"2017-05-17",1653.06005859375,1653.06005859375,1624.55004882812,1628.36999511719,0,1628.36999511719
"2017-05-18",1627.10998535156,1628.52001953125,1604.2900390625,1615.27001953125,0,1615.27001953125
"2017-05-19",1616.14001464844,1631.81005859375,1616.14001464844,1629.2099609375,0,1629.2099609375
"2017-05-22",1630.30004882812,1635.60998535156,1626.02001953125,1629.2099609375,0,1629.2099609375
"2017-05-23",1629.18005371094,1641.77001953125,1628.7900390625,1641.7099609375,0,1641.7099609375
"2017-05-24",1641.7099609375,1641.7099609375,1634.25,1638.89001464844,0,1638.89001464844
"2017-05-26",1638.98999023438,1640.11999511719,1626.43994140625,1635.77001953125,103100500,1635.77001953125
"2017-05-29",1635.77001953125,1636.02001953125,1629.82995605469,1631.91003417969,0,1631.91003417969
"2017-05-30",1631.80004882812,1640.07995605469,1623.85998535156,1639.73999023438,0,1639.73999023438
"2017-05-31",1639.73999023438,1650.26000976562,1635.2900390625,1639.10998535156,0,1639.10998535156
"2017-06-01",1639.30004882812,1646.81005859375,1636.01000976562,1641.31994628906,0,1641.31994628906
"2017-06-02",1644.2099609375,1656.02001953125,1644.2099609375,1646.67004394531,0,1646.67004394531
"2017-06-05",1647.53002929688,1649.30004882812,1637.84997558594,1637.90002441406,0,1637.90002441406
"2017-06-06",NA,NA,NA,NA,NA,NA
"2017-06-07",1637.44995117188,1648.46997070312,1630.68005371094,1640.5400390625,0,1640.5400390625
"2017-06-08",1640.5400390625,1651.71997070312,1640.15002441406,1643.77001953125,0,1643.77001953125
"2017-06-09",1643.77001953125,1656.08996582031,1642.19995117188,1654.80004882812,0,1654.80004882812
"2017-06-12",1654.65002441406,1654.65002441406,1584.36999511719,1638.80004882812,0,1638.80004882812
"2017-06-13",1638.80004882812,1653.52001953125,1638.80004882812,1648.60998535156,0,1648.60998535156
"2017-06-14",1649.06005859375,1657.19995117188,1638.38000488281,1639.59997558594,0,1639.59997558594
"2017-06-15",1641.52001953125,1641.52001953125,1616.21997070312,1624.96997070312,0,1624.96997070312
"2017-06-16",1625.81994628906,1638.42004394531,1625.81994628906,1635.93005371094,0,1635.93005371094
"2017-06-19",1636.78002929688,1655.07995605469,1636.78002929688,1653.40002441406,0,1653.40002441406
"2017-06-20",1653.71997070312,1658.86999511719,1647.67004394531,1647.67004394531,93010000,1647.67004394531
"2017-06-21",1647.67004394531,1647.67004394531,1631.33996582031,1641.7099609375,0,1641.7099609375
"2017-06-22",1641.68994140625,1645.35998535156,1634.18994140625,1645.35998535156,0,1645.35998535156
"2017-06-23",NA,NA,NA,NA,NA,NA
"2017-06-26",1645.4599609375,1654.88000488281,1641.22998046875,1643.52001953125,0,1643.52001953125
"2017-06-27",1643.52001953125,1643.52001953125,1628.5400390625,1628.5400390625,0,1628.5400390625
"2017-06-28",1628.5400390625,1630.97998046875,1611.80004882812,1630.97998046875,95250900,1630.97998046875
"2017-06-29",1630.97998046875,1643.71997070312,1612.39001464844,1613.21997070312,0,1613.21997070312
"2017-06-30",1613.21997070312,1620.47998046875,1602.53002929688,1602.53002929688,0,1602.53002929688
"2017-07-03",1602.69995117188,1628.55004882812,1602.69995117188,1627.41003417969,0,1627.41003417969
"2017-07-04",1627.01000976562,1627.2900390625,1617.47998046875,1621.67004394531,0,1621.67004394531
"2017-07-05",1621.7099609375,1629.27001953125,1614.21997070312,1627.2099609375,0,1627.2099609375
"2017-07-06",1627.2099609375,1627.2099609375,1609.97998046875,1620.98999023438,0,1620.98999023438
"2017-07-07",1620.9599609375,1623.17004394531,1614.64001464844,1617,0,1617
"2017-07-10",1617,1627.81005859375,1617,1624.81005859375,0,1624.81005859375
"2017-07-11",1624.81005859375,1631.2900390625,1620.68994140625,1621.56994628906,0,1621.56994628906
"2017-07-12",1621.56994628906,1650.69995117188,1621.56994628906,1650.58996582031,0,1650.58996582031
"2017-07-13",1650.63000488281,1651.15002441406,1640.44995117188,1642.48999023438,0,1642.48999023438
"2017-07-14",1643.06994628906,1649.82995605469,1641.41003417969,1646.82995605469,0,1646.82995605469
"2017-07-17",1646.86999511719,1651.63000488281,1629.09997558594,1639.32995605469,0,1639.32995605469
"2017-07-18",1639.32995605469,1639.34997558594,1605.36999511719,1607.35998535156,0,1607.35998535156
"2017-07-19",1607.35998535156,1618.56994628906,1592.51000976562,1609.9599609375,0,1609.9599609375
"2017-07-20",1601.31994628906,1612.52001953125,1593.15002441406,1597.83996582031,0,1597.83996582031
"2017-07-21",1597.44995117188,1597.44995117188,1574.69995117188,1581.36999511719,0,1581.36999511719
"2017-07-24",1581.36999511719,1583.60998535156,1566.88000488281,1566.88000488281,0,1566.88000488281
"2017-07-25",1567.35998535156,1575.31994628906,1567.35998535156,1568.91003417969,0,1568.91003417969
"2017-07-26",1568.81005859375,1581.52001953125,1565.02001953125,1580.21997070312,0,1580.21997070312
"2017-07-27",1579.81005859375,1581.10998535156,1570.23999023438,1570.47998046875,0,1570.47998046875
"2017-07-28",1570.47998046875,1570.7900390625,1550.65002441406,1557.56005859375,0,1557.56005859375
"2017-07-31",1557.17004394531,1561.9599609375,1548.06005859375,1548.18994140625,0,1548.18994140625
"2017-08-01",1548.18994140625,1569.56005859375,1548.18994140625,1566.31005859375,0,1566.31005859375
"2017-08-02",1566.31005859375,1573.44995117188,1558.94995117188,1563.19995117188,0,1563.19995117188
"2017-08-03",1563.17004394531,1567.05004882812,1554.44995117188,1559.66003417969,0,1559.66003417969
"2017-08-04",1559.46997070312,1577.60998535156,1556.68005371094,1573.46997070312,0,1573.46997070312
"2017-08-07",1573.46997070312,1578.88000488281,1569.43005371094,1575.46997070312,0,1575.46997070312
"2017-08-08",1575.46997070312,1583.14001464844,1571.35998535156,1581.31994628906,0,1581.31994628906
"2017-08-09",1581.31994628906,1581.31994628906,1562.77001953125,1571.19995117188,0,1571.19995117188
"2017-08-10",1571.11999511719,1571.11999511719,1554.75,1554.75,0,1554.75
"2017-08-11",1554.75,1554.75,1535.65002441406,1538.9599609375,0,1538.9599609375
"2017-08-14",1538.9599609375,1556.34997558594,1538.9599609375,1554.57995605469,0,1554.57995605469
"2017-08-15",1554.57995605469,1560.5,1542.48999023438,1543.36999511719,0,1543.36999511719
"2017-08-16",1543.36999511719,1556.55004882812,1543.36999511719,1552.16003417969,0,1552.16003417969
"2017-08-17",1552.16003417969,1552.5,1538.71997070312,1540.08996582031,0,1540.08996582031
"2017-08-18",1540.08996582031,1540.08996582031,1524.35998535156,1532.11999511719,0,1532.11999511719
"2017-08-21",1532.11999511719,1532.11999511719,1519.21997070312,1524.25,0,1524.25
"2017-08-22",1524.25,1543.98999023438,1524.25,1543.76000976562,0,1543.76000976562
"2017-08-23",1543.76000976562,1546.81994628906,1538.72998046875,1542.14001464844,0,1542.14001464844
"2017-08-24",1542.14001464844,1546.85998535156,1537.98999023438,1537.98999023438,0,1537.98999023438
"2017-08-25",1537.98999023438,1551.61999511719,1537.96997070312,1540.81994628906,0,1540.81994628906
"2017-08-28",1540.81994628906,1543.80004882812,1532.43005371094,1536.88000488281,0,1536.88000488281
"2017-08-29",1536.88000488281,1536.88000488281,1517.77001953125,1520.90002441406,0,1520.90002441406
"2017-08-30",1520.90002441406,1537.88000488281,1520.90002441406,1535.9599609375,0,1535.9599609375
"2017-08-31",1535.9599609375,1550.55004882812,1535.9599609375,1546.85998535156,0,1546.85998535156
"2017-09-01",1546.85998535156,1560.86999511719,1546.85998535156,1558.7900390625,0,1558.7900390625
"2017-09-04",1558.7900390625,1558.7900390625,1546.31005859375,1551.89001464844,0,1551.89001464844
"2017-09-05",1551.89001464844,1555.84997558594,1545.09997558594,1546.98999023438,0,1546.98999023438
"2017-09-06",1546.98999023438,1546.98999023438,1536.44995117188,1541.27001953125,0,1541.27001953125
"2017-09-07",1541.27001953125,1553.86999511719,1537.73999023438,1553.02001953125,0,1553.02001953125
"2017-09-08",1553.02001953125,1553.22998046875,1545.28002929688,1552.31994628906,0,1552.31994628906
"2017-09-11",1552.78002929688,1573.33996582031,1552.78002929688,1572.16003417969,0,1572.16003417969
"2017-09-12",1572.16003417969,1581.13000488281,1572.13000488281,1580.13000488281,0,1580.13000488281
"2017-09-13",1580.13000488281,1580.90002441406,1575.76000976562,1580.0400390625,0,1580.0400390625
"2017-09-14",1580.0400390625,1587.97998046875,1578.56994628906,1587.52001953125,0,1587.52001953125
"2017-09-15",1587.52001953125,1591.31994628906,1577.2900390625,1578.86999511719,0,1578.86999511719
"2017-09-18",1578.86999511719,1586.81994628906,1578.31005859375,1582.78002929688,0,1582.78002929688
"2017-09-19",1582.78002929688,1586.21997070312,1580.76000976562,1584.43005371094,0,1584.43005371094
"2017-09-20",1584.43005371094,1588.47998046875,1581.90002441406,1585.38000488281,0,1585.38000488281
"2017-09-21",1585.38000488281,1597.56005859375,1585.38000488281,1596.31005859375,0,1596.31005859375
"2017-09-22",1595.91003417969,1600.77001953125,1591.69995117188,1600.77001953125,0,1600.77001953125
"2017-09-25",1600.77001953125,1608.48999023438,1598.83996582031,1604.09997558594,0,1604.09997558594
"2017-09-26",1604.09997558594,1614.11999511719,1601.85998535156,1610.76000976562,0,1610.76000976562
"2017-09-27",1610.76000976562,1627.68994140625,1610.76000976562,1623.77001953125,0,1623.77001953125
"2017-09-28",1624.56994628906,1627.31005859375,1618.84997558594,1624.97998046875,0,1624.97998046875
"2017-09-29",1624.97998046875,1637.81994628906,1620.96997070312,1637.81994628906,0,1637.81994628906
"2017-10-02",1637.81994628906,1641.65002441406,1634.68994140625,1640.65002441406,0,1640.65002441406
"2017-10-03",1640.65002441406,1650.4599609375,1640.65002441406,1649.18005371094,0,1649.18005371094
"2017-10-04",1649.18005371094,1651.72998046875,1645.56994628906,1651.08996582031,0,1651.08996582031
"2017-10-05",1651.08996582031,1655.96997070312,1646.32995605469,1653.15002441406,0,1653.15002441406
"2017-10-06",1653.15002441406,1655.17004394531,1643.19995117188,1646.28002929688,0,1646.28002929688
"2017-10-09",1646.28002929688,1653.76000976562,1646.28002929688,1647.92004394531,0,1647.92004394531
"2017-10-10",1647.92004394531,1651.13000488281,1642.2099609375,1644.33996582031,0,1644.33996582031
"2017-10-11",1644.33996582031,1647.21997070312,1638.21997070312,1641.69995117188,0,1641.69995117188
"2017-10-12",1642.2900390625,1649.42004394531,1637.80004882812,1644.65002441406,0,1644.65002441406
"2017-10-13",1644.65002441406,1644.83996582031,1638.61999511719,1642.48999023438,0,1642.48999023438
"2017-10-16",1642.48999023438,1644.18994140625,1637.36999511719,1638.32995605469,0,1638.32995605469
"2017-10-17",1638.32995605469,1641.30004882812,1636.08996582031,1636.93994140625,0,1636.93994140625
"2017-10-18",1636.93994140625,1648.69995117188,1634.2099609375,1644.72998046875,0,1644.72998046875
"2017-10-19",1644.72998046875,1647.31994628906,1635.4599609375,1646.9599609375,0,1646.9599609375
"2017-10-20",1646.9599609375,1671.41003417969,1646.68005371094,1667.5,0,1667.5
"2017-10-23",1667.5,1669.42004394531,1660.80004882812,1661.5400390625,0,1661.5400390625
"2017-10-24",1661.5400390625,1661.5400390625,1644.72998046875,1650.46997070312,0,1650.46997070312
"2017-10-25",1650.46997070312,1657.42004394531,1642.18994140625,1649.73999023438,0,1649.73999023438
"2017-10-26",1649.73999023438,1659.65002441406,1641.28002929688,1658.7900390625,0,1658.7900390625
"2017-10-27",1659.0400390625,1666.06994628906,1658.7900390625,1665.02001953125,0,1665.02001953125
"2017-10-30",1665.02001953125,1667.26000976562,1659.4599609375,1662.31994628906,0,1662.31994628906
"2017-10-31",1662.31994628906,1675.60998535156,1662.31994628906,1671.63000488281,0,1671.63000488281
"2017-11-01",1671.63000488281,1681.13000488281,1671.31994628906,1672.03002929688,0,1672.03002929688
"2017-11-02",1672.03002929688,1674.77001953125,1665.42004394531,1672.78002929688,0,1672.78002929688
"2017-11-03",1672.78002929688,1678.44995117188,1672.78002929688,1677.65002441406,0,1677.65002441406
"2017-11-06",1677.35998535156,1681.75,1671.59997558594,1676.14001464844,0,1676.14001464844
"2017-11-07",1676.27001953125,1681.67004394531,1669.97998046875,1670.23999023438,0,1670.23999023438
"2017-11-08",1670.23999023438,1672.76000976562,1657.13000488281,1662.98999023438,0,1662.98999023438
"2017-11-09",1662.98999023438,1662.98999023438,1641.18994140625,1643.26000976562,0,1643.26000976562
"2017-11-10",1643.26000976562,1646.15002441406,1634.21997070312,1634.68005371094,0,1634.68005371094
"2017-11-13",1634.68005371094,1634.86999511719,1618.4599609375,1630.51000976562,0,1630.51000976562
"2017-11-14",1630.51000976562,1635.55004882812,1623.08996582031,1628.47998046875,0,1628.47998046875
"2017-11-15",1628.47998046875,1628.47998046875,1612.48999023438,1627,0,1627
"2017-11-16",1627.17004394531,1636.9599609375,1624.89001464844,1633.66003417969,0,1633.66003417969
"2017-11-17",1633.66003417969,1633.93994140625,1613.90002441406,1617.69995117188,0,1617.69995117188
"2017-11-20",1617.69995117188,1626.02001953125,1607.77001953125,1623.5400390625,0,1623.5400390625
"2017-11-21",1623.5400390625,1639.92004394531,1618.65002441406,1636.65002441406,0,1636.65002441406
"2017-11-22",1636.65002441406,1637.98999023438,1617.52001953125,1617.52001953125,0,1617.52001953125
"2017-11-23",1616.64001464844,1616.7900390625,1607.64001464844,1612.56994628906,113657300,1612.56994628906
"2017-11-24",1612.56994628906,1620.25,1606.59997558594,1614.61999511719,0,1614.61999511719
"2017-11-27",1614.61999511719,1618.84997558594,1607.15002441406,1608.73999023438,0,1608.73999023438
"2017-11-28",1608.73999023438,1622.10998535156,1608.31005859375,1620.81005859375,0,1620.81005859375
"2017-11-29",1621.07995605469,1628.76000976562,1613.56005859375,1613.56005859375,0,1613.56005859375
"2017-11-30",1613.56005859375,1624.46997070312,1609.09997558594,1610.10998535156,0,1610.10998535156
"2017-12-01",1609.25,1611.06994628906,1592.19995117188,1592.19995117188,0,1592.19995117188
"2017-12-04",1595.58996582031,1624.05004882812,1595.58996582031,1616.80004882812,0,1616.80004882812
"2017-12-05",1616.61999511719,1620.44995117188,1607.03002929688,1613.35998535156,0,1613.35998535156
"2017-12-06",1609.2099609375,1609.2099609375,1591.25,1595.43994140625,0,1595.43994140625
"2017-12-07",1596.28002929688,1606.93994140625,1594.77001953125,1599.2900390625,0,1599.2900390625
"2017-12-08",1599.56994628906,1621.38000488281,1599.56994628906,1610.81994628906,0,1610.81994628906
"2017-12-11",1610.93005371094,1627.93994140625,1610.93005371094,1619.46997070312,0,1619.46997070312
"2017-12-12",1620.7900390625,1625.05004882812,1612.96997070312,1623.75,0,1623.75
"2017-12-13",1623.75,1624.31994628906,1584.53002929688,1619.81994628906,0,1619.81994628906
"2017-12-14",1618.01000976562,1622.07995605469,1609.59997558594,1609.59997558594,0,1609.59997558594
"2017-12-15",1609.39001464844,1610.58996582031,1585.7900390625,1594.34997558594,0,1594.34997558594
"2017-12-18",1593.7099609375,1616.26000976562,1593.7099609375,1615.63000488281,0,1615.63000488281
"2017-12-19",1615.47998046875,1620.56994628906,1610.61999511719,1611.43005371094,0,1611.43005371094
"2017-12-20",1611.86999511719,1613.68994140625,1597.42004394531,1600.2900390625,0,1600.2900390625
"2017-12-21",1599.98999023438,1616.97998046875,1593.26000976562,1616.27001953125,0,1616.27001953125
"2017-12-22",1615.97998046875,1616.21997070312,1602.10998535156,1606.25,0,1606.25
"2017-12-27",1606.35998535156,1613.76000976562,1589.78002929688,1594.98999023438,0,1594.98999023438
"2017-12-28",1594.94995117188,1594.94995117188,1584.25,1588.51000976562,0,1588.51000976562
"2017-12-29",1588.56005859375,1591.57995605469,1573.56005859375,1576.93994140625,0,1576.93994140625
"2018-01-02",1577.07995605469,1583.38000488281,1573.76000976562,1579.81994628906,0,1579.81994628906
"2018-01-03",1580.2099609375,1591.09997558594,1577.60998535156,1587.56005859375,0,1587.56005859375
"2018-01-04",1587.88000488281,1606.7099609375,1587.88000488281,1603.67004394531,0,1603.67004394531
"2018-01-05",1604.07995605469,1611.31005859375,1604.07995605469,1611.31005859375,0,1611.31005859375
"2018-01-08",1612.97998046875,1622.41003417969,1612.97998046875,1619.13000488281,0,1619.13000488281
"2018-01-09",1618.90002441406,1633.9599609375,1618.90002441406,1632.2900390625,0,1632.2900390625
"2018-01-10",1631.78002929688,1631.91003417969,1621.84997558594,1629.2900390625,0,1629.2900390625
"2018-01-11",1629.75,1632.90002441406,1620.52001953125,1630.2900390625,0,1630.2900390625
"2018-01-12",1630.98999023438,1634.57995605469,1621.23999023438,1628.40002441406,0,1628.40002441406
"2018-01-15",1628.40002441406,1630.21997070312,1622.93005371094,1627.2900390625,0,1627.2900390625
"2018-01-16",1626.80004882812,1630.01000976562,1620.4599609375,1623.32995605469,0,1623.32995605469
"2018-01-17",1623.05004882812,1629.67004394531,1614.4599609375,1622.84997558594,0,1622.84997558594
"2018-01-18",1623.18994140625,1630.5400390625,1619.88000488281,1624.78002929688,0,1624.78002929688
"2018-01-19",1624.11999511719,1631.63000488281,1623.63000488281,1630.61999511719,0,1630.61999511719
"2018-01-22",1631.15002441406,1639.05004882812,1628.69995117188,1635.46997070312,0,1635.46997070312
"2018-01-23",1636.77001953125,1647.68994140625,1636.77001953125,1643.7099609375,0,1643.7099609375
"2018-01-24",1644.23999023438,1645.06005859375,1629.97998046875,1631.19995117188,0,1631.19995117188
"2018-01-25",1630,1630,1600.89001464844,1604.48999023438,0,1604.48999023438
"2018-01-26",1606.60998535156,1614.59997558594,1601.72998046875,1612.63000488281,0,1612.63000488281
"2018-01-29",1611.90002441406,1620.4599609375,1608.51000976562,1610.40002441406,0,1610.40002441406
"2018-01-30",1609.69995117188,1612.23999023438,1602.2900390625,1603.31005859375,0,1603.31005859375
"2018-01-31",1605.43005371094,1613.16003417969,1592.39001464844,1593.15002441406,0,1593.15002441406
"2018-02-01",1596,1610.27001953125,1596,1601.83996582031,0,1601.83996582031
"2018-02-02",1601.77001953125,1602.02001953125,1581.0400390625,1584.7900390625,0,1584.7900390625
"2018-02-05",1581.68994140625,1581.68994140625,1545.56005859375,1546.32995605469,0,1546.32995605469
"2018-02-06",1535.28002929688,1535.28002929688,1487.94995117188,1511.59997558594,0,1511.59997558594
"2018-02-07",1513.56994628906,1555.2900390625,1513.56994628906,1551.15002441406,0,1551.15002441406
"2018-02-08",1550.43994140625,1550.43994140625,1519.77001953125,1519.77001953125,0,1519.77001953125
"2018-02-09",1518.68994140625,1523.44995117188,1499.73999023438,1500.18005371094,0,1500.18005371094
"2018-02-12",1501.5,1531.85998535156,1501.5,1521.61999511719,0,1521.61999511719
"2018-02-13",1522.14001464844,1527.17004394531,1513.22998046875,1513.27001953125,0,1513.27001953125
"2018-02-14",1516.32995605469,1533.69995117188,1503.36999511719,1532.15002441406,0,1532.15002441406
"2018-02-15",1533.30004882812,1550.28002929688,1533.30004882812,1542.71997070312,0,1542.71997070312
"2018-02-16",1545.4599609375,1557.2900390625,1545.4599609375,1556.93005371094,0,1556.93005371094
"2018-02-19",1558.36999511719,1562.4599609375,1549.01000976562,1550.85998535156,65618900,1550.85998535156
"2018-02-20",1550.91003417969,1570.35998535156,1550.91003417969,1569.68005371094,0,1569.68005371094
"2018-02-21",1569.31994628906,1577.73999023438,1557.7099609375,1575.11999511719,0,1575.11999511719
"2018-02-22",1573.36999511719,1575.16003417969,1556.5,1573.88000488281,0,1573.88000488281
"2018-02-23",1574.51000976562,1580.14001464844,1567.94995117188,1577.10998535156,0,1577.10998535156
"2018-02-26",1578.86999511719,1591.58996582031,1578.86999511719,1586.9599609375,0,1586.9599609375
"2018-02-27",1588.2099609375,1595.34997558594,1583.52001953125,1588.22998046875,0,1588.22998046875
"2018-02-28",1586.85998535156,1594.51000976562,1580.94995117188,1583.39001464844,0,1583.39001464844
"2018-03-01",1583.22998046875,1583.22998046875,1560.56005859375,1560.56005859375,0,1560.56005859375
"2018-03-02",1559.5,1559.5,1525.36999511719,1526.4599609375,0,1526.4599609375
"2018-03-05",1525.80004882812,1548.03002929688,1524.26000976562,1547.93994140625,91306000,1547.93994140625
"2018-03-06",1551.19995117188,1569.75,1551.19995117188,1559.93994140625,0,1559.93994140625
"2018-03-07",1558.5,1564.19995117188,1548.01000976562,1564.18994140625,0,1564.18994140625
"2018-03-08",1564.18005371094,1586.21997070312,1564.18005371094,1585.53002929688,0,1585.53002929688
"2018-03-09",1586.03002929688,1592.77001953125,1580.38000488281,1589.61999511719,0,1589.61999511719
"2018-03-12",1590.88000488281,1602.26000976562,1589.17004394531,1593.82995605469,0,1593.82995605469
"2018-03-13",1593.88000488281,1603.33996582031,1575.22998046875,1578.15002441406,0,1578.15002441406
"2018-03-14",1578.63000488281,1598.34997558594,1578.63000488281,1585.31005859375,0,1585.31005859375
"2018-03-15",1586.06005859375,1592.28002929688,1580.18994140625,1592.28002929688,0,1592.28002929688
"2018-03-16",1592.48999023438,1593.43005371094,1572.57995605469,1573.47998046875,0,1573.47998046875
"2018-03-19",1573.27001953125,1573.27001953125,1545.78002929688,1547.41003417969,0,1547.41003417969
"2018-03-20",1548.88000488281,1556.06994628906,1542.30004882812,1551.96997070312,0,1551.96997070312
"2018-03-21",1552.42004394531,1553.18005371094,1543.26000976562,1549.69995117188,0,1549.69995117188
"2018-03-22",1547.61999511719,1547.61999511719,1508.85998535156,1515.83996582031,0,1515.83996582031
"2018-03-23",1513.46997070312,1520.66003417969,1493.11999511719,1513.18005371094,0,1513.18005371094
"2018-03-26",1513.42004394531,1519.7900390625,1493.80004882812,1496.58996582031,0,1496.58996582031
"2018-03-27",1496.71997070312,1517.55004882812,1495.07995605469,1510.10998535156,0,1510.10998535156
"2018-03-28",1506.31994628906,1512.13000488281,1484.14001464844,1512.13000488281,0,1512.13000488281
"2018-03-29",1513.18994140625,1537.25,1513.18994140625,1535.34997558594,0,1535.34997558594
"2018-04-03",1533.19995117188,1533.19995117188,1504.06994628906,1508.80004882812,0,1508.80004882812
"2018-04-04",1509.30004882812,1511.68994140625,1482.21997070312,1494.65002441406,0,1494.65002441406
"2018-04-05",1500.06005859375,1527.43994140625,1500.06005859375,1527.21997070312,0,1527.21997070312
"2018-04-06",1526.43005371094,1526.43005371094,1508.84997558594,1511.36999511719,0,1511.36999511719
"2018-04-09",1513.23999023438,1527.56005859375,1502.44995117188,1511.31994628906,0,1511.31994628906
"2018-04-10",1513.10998535156,1526.98999023438,1513.10998535156,1526.76000976562,0,1526.76000976562
"2018-04-11",1526.46997070312,1526.46997070312,1498.80004882812,1504.7099609375,0,1504.7099609375
"2018-04-12",1505.76000976562,1520.84997558594,1503.85998535156,1518.88000488281,0,1518.88000488281
"2018-04-13",1520.56005859375,1534.0400390625,1517.41003417969,1526.66003417969,0,1526.66003417969
"2018-04-16",1526.68994140625,1533.73999023438,1524.21997070312,1526.27001953125,0,1526.27001953125
"2018-04-17",1528.53002929688,1548.5,1528.53002929688,1545.16003417969,0,1545.16003417969
"2018-04-18",1545.16003417969,1553.88000488281,1542.96997070312,1552.47998046875,0,1552.47998046875
"2018-04-19",1551.71997070312,1563.82995605469,1551.71997070312,1558.22998046875,0,1558.22998046875
"2018-04-20",1558.40002441406,1576.97998046875,1556.89001464844,1572.57995605469,0,1572.57995605469
"2018-04-23",1572.9599609375,1587.65002441406,1570.83996582031,1587.65002441406,0,1587.65002441406
"2018-04-24",1587.05004882812,1593.09997558594,1571.41003417969,1575.40002441406,0,1575.40002441406
"2018-04-25",1574.02001953125,1574.02001953125,1543.26000976562,1557.2900390625,0,1557.2900390625
"2018-04-26",1557.4599609375,1575.22998046875,1552.02001953125,1573.76000976562,0,1573.76000976562
"2018-04-27",1574.44995117188,1583.10998535156,1571.48999023438,1580.78002929688,0,1580.78002929688
"2018-04-30",1581.71997070312,1582.19995117188,1568.68005371094,1570.7099609375,0,1570.7099609375
"2018-05-02",1574.88000488281,1592.11999511719,1574.88000488281,1590.96997070312,138558100,1590.96997070312
"2018-05-03",1591.05004882812,1591.05004882812,1564.75,1566.9599609375,112906800,1566.9599609375
"2018-05-04",1567.40002441406,1577.81994628906,1565.60998535156,1577.07995605469,103836000,1577.07995605469
"2018-05-07",1577.5400390625,1600.44995117188,1577.15002441406,1597.93005371094,0,1597.93005371094
"2018-05-08",1598.36999511719,1608.93994140625,1591.31994628906,1608.93994140625,0,1608.93994140625
"2018-05-09",1608.64001464844,1623.0400390625,1603.06005859375,1616.80004882812,0,1616.80004882812
"2018-05-11",1616.67004394531,1619.7900390625,1601.11999511719,1603.25,0,1603.25
"2018-05-14",1603.68994140625,1607.40002441406,1593.66003417969,1598.57995605469,0,1598.57995605469
"2018-05-15",1597.82995605469,1608.46997070312,1593.16003417969,1606.71997070312,0,1606.71997070312
"2018-05-16",1606.69995117188,1606.69995117188,1593.25,1602.27001953125,0,1602.27001953125
"2018-05-17",1602.28002929688,1618.94995117188,1602.28002929688,1618.94995117188,0,1618.94995117188
"2018-05-18",1618.11999511719,1627.13000488281,1617.85998535156,1621.60998535156,0,1621.60998535156
"2018-05-21",1622.18005371094,1634.76000976562,1622.18005371094,1626.25,0,1626.25
"2018-05-22",1627.22998046875,1632.30004882812,1617.15002441406,1624.43994140625,0,1624.43994140625
"2018-05-23",1621.90002441406,1621.90002441406,1597.76000976562,1602.09997558594,0,1602.09997558594
"2018-05-24",1602.11999511719,1612.78002929688,1588.03002929688,1593.56994628906,0,1593.56994628906
"2018-05-25",1594.56994628906,1603.0400390625,1584.91003417969,1586.97998046875,0,1586.97998046875
"2018-05-28",1589.01000976562,1598.34997558594,1577.43005371094,1581.52001953125,0,1581.52001953125
"2018-05-29",1579.5,1579.5,1554.93994140625,1572.30004882812,0,1572.30004882812
"2018-05-30",1572.44995117188,1574.65002441406,1559.66003417969,1562.5400390625,0,1562.5400390625
"2018-05-31",1563.68994140625,1572.42004394531,1544.82995605469,1549.93994140625,0,1549.93994140625
"2018-06-01",1549.93994140625,1573.35998535156,1549.55004882812,1569.51000976562,0,1569.51000976562
"2018-06-04",1570.48999023438,1578.46997070312,1561.72998046875,1564.72998046875,0,1564.72998046875
"2018-06-05",1564.43005371094,1572.11999511719,1559.05004882812,1559.05004882812,0,1559.05004882812
"2018-06-06",NA,NA,NA,NA,NA,NA
"2018-06-07",1563.01000976562,1575.73999023438,1551.31005859375,1555.65002441406,0,1555.65002441406
"2018-06-08",1554.9599609375,1562.35998535156,1542.08996582031,1555.86999511719,0,1555.86999511719
"2018-06-11",1557.68005371094,1571.22998046875,1555.7900390625,1571.18005371094,0,1571.18005371094
"2018-06-12",1573.01000976562,1577.0400390625,1566.7099609375,1572.27001953125,0,1572.27001953125
"2018-06-13",1573.09997558594,1575.46997070312,1563.5400390625,1571.06994628906,0,1571.06994628906
"2018-06-14",1571.44995117188,1591.66003417969,1559.40002441406,1588,0,1588
"2018-06-15",1587.64001464844,1587.64001464844,1570.42004394531,1570.43005371094,0,1570.43005371094
"2018-06-18",1569.64001464844,1569.64001464844,1550.41003417969,1561.65002441406,0,1561.65002441406
"2018-06-19",1559.98999023438,1565.61999511719,1542.38000488281,1564.86999511719,0,1564.86999511719
"2018-06-20",1564.15002441406,1582.27001953125,1564.01000976562,1572.2900390625,0,1572.2900390625
"2018-06-21",1572.18994140625,1576.9599609375,1548.33996582031,1549.55004882812,0,1549.55004882812
"2018-06-22",NA,NA,NA,NA,NA,NA
"2018-06-25",1548.9599609375,1553.11999511719,1534.47998046875,1534.65002441406,0,1534.65002441406
"2018-06-26",1534.69995117188,1539.40002441406,1526.30004882812,1529.22998046875,0,1529.22998046875
"2018-06-27",1528.93005371094,1550.14001464844,1514.60998535156,1540.88000488281,0,1540.88000488281
"2018-06-28",1539.78002929688,1543.23999023438,1521.23999023438,1531.66003417969,0,1531.66003417969
"2018-06-29",1534.90002441406,1560.73999023438,1534.90002441406,1558.88000488281,0,1558.88000488281
"2018-07-02",1557.4599609375,1557.4599609375,1533.97998046875,1540.85998535156,0,1540.85998535156
"2018-07-03",1542.16003417969,1548.7900390625,1537.30004882812,1538.40002441406,0,1538.40002441406
"2018-07-04",1537.88000488281,1538.03002929688,1521.59997558594,1522.33996582031,0,1522.33996582031
"2018-07-05",1522.73999023438,1536.05004882812,1521.19995117188,1526.59997558594,0,1526.59997558594
"2018-07-06",1526.85998535156,1535.69995117188,1511.82995605469,1524.17004394531,0,1524.17004394531
"2018-07-09",1525.55004882812,1541.60998535156,1525.55004882812,1541.06005859375,0,1541.06005859375
"2018-07-10",1541.28002929688,1551.36999511719,1540.82995605469,1548.38000488281,0,1548.38000488281
"2018-07-11",1547.2099609375,1547.2099609375,1524.75,1526.2900390625,0,1526.2900390625
"2018-07-12",1528.01000976562,1544.18005371094,1523.06994628906,1541.52001953125,0,1541.52001953125
"2018-07-13",1542.52001953125,1554.17004394531,1542.52001953125,1550.88000488281,0,1550.88000488281
"2018-07-16",1551.23999023438,1555.10998535156,1544.56005859375,1552.75,0,1552.75
"2018-07-17",1554.89001464844,1566.75,1550.83996582031,1556.60998535156,0,1556.60998535156
"2018-07-18",1557.96997070312,1572.63000488281,1557.96997070312,1570.42004394531,0,1570.42004394531
"2018-07-19",1571.15002441406,1589.81005859375,1571.15002441406,1584.33996582031,0,1584.33996582031
"2018-07-20",1582.30004882812,1589.89001464844,1569.5,1579.40002441406,0,1579.40002441406
"2018-07-23",1578.97998046875,1584.93994140625,1573.7900390625,1580.5,0,1580.5
"2018-07-24",1582.31994628906,1605.40002441406,1582.31994628906,1601.38000488281,0,1601.38000488281
"2018-07-25",1601.34997558594,1605.28002929688,1593.0400390625,1593.27001953125,0,1593.27001953125
"2018-07-26",1595.02001953125,1609.65002441406,1595.02001953125,1608.80004882812,0,1608.80004882812
"2018-07-27",1609.7099609375,1615.39001464844,1607.63000488281,1612.76000976562,0,1612.76000976562
"2018-07-30",1613.47998046875,1615.40002441406,1606.65002441406,1611.06994628906,0,1611.06994628906
"2018-07-31",1610.5,1619.10998535156,1610.5,1615.59997558594,0,1615.59997558594
"2018-08-01",1616.10998535156,1622.08996582031,1611.47998046875,1612.5400390625,0,1612.5400390625
"2018-08-02",1611.26000976562,1611.26000976562,1592.5400390625,1598.06005859375,0,1598.06005859375
"2018-08-03",1599.41003417969,1614.85998535156,1599.41003417969,1611.94995117188,0,1611.94995117188
"2018-08-06",1612.51000976562,1616.2900390625,1603.81994628906,1608.47998046875,0,1608.47998046875
"2018-08-07",1610.52001953125,1621.26000976562,1610.52001953125,1619.89001464844,0,1619.89001464844
"2018-08-08",1619.91003417969,1624.09997558594,1614.72998046875,1622.63000488281,0,1622.63000488281
"2018-08-09",1622.93005371094,1631.73999023438,1618.71997070312,1631.22998046875,0,1631.22998046875
"2018-08-10",1627.43994140625,1627.43994140625,1613.39001464844,1616.81994628906,0,1616.81994628906
"2018-08-13",1615.38000488281,1616.33996582031,1607.81005859375,1611.80004882812,0,1611.80004882812
"2018-08-14",1612.31005859375,1621.60998535156,1603.34997558594,1608.56005859375,0,1608.56005859375
"2018-08-15",1609.40002441406,1619.16003417969,1592.05004882812,1593.58996582031,0,1593.58996582031
"2018-08-16",1595.83996582031,1612.52001953125,1595.83996582031,1611.32995605469,0,1611.32995605469
"2018-08-17",1610.92004394531,1623.21997070312,1608.93005371094,1622.7099609375,0,1622.7099609375
"2018-08-20",1623.68994140625,1632.65002441406,1620.67004394531,1630.92004394531,0,1630.92004394531
"2018-08-21",1631.06005859375,1640.44995117188,1630.75,1637.59997558594,0,1637.59997558594
"2018-08-22",1637.44995117188,1645.40002441406,1635.44995117188,1643.4599609375,0,1643.4599609375
"2018-08-23",1643.41003417969,1649.23999023438,1642.23999023438,1643.7099609375,0,1643.7099609375
"2018-08-24",1643.41003417969,1648.43005371094,1642.86999511719,1646.86999511719,0,1646.86999511719
"2018-08-27",1647.38000488281,1665.18005371094,1647.38000488281,1665.09997558594,0,1665.09997558594
"2018-08-28",1665.83996582031,1671.43994140625,1665.72998046875,1671.15002441406,0,1671.15002441406
"2018-08-29",1671.51000976562,1679.51000976562,1669.77001953125,1677.21997070312,0,1677.21997070312
"2018-08-30",1676.81994628906,1678.05004882812,1670.06005859375,1672.56005859375,0,1672.56005859375
"2018-08-31",1671.41003417969,1671.41003417969,1658.16003417969,1658.16003417969,0,1658.16003417969
"2018-09-03",1657.67004394531,1664.46997070312,1656.93994140625,1660.14001464844,55112500,1660.14001464844
"2018-09-04",1660.64001464844,1663.21997070312,1638.51000976562,1645.94995117188,0,1645.94995117188
"2018-09-05",1645.2900390625,1645.2900390625,1631.73999023438,1631.73999023438,0,1631.73999023438
"2018-09-06",1631.35998535156,1646.9599609375,1627.75,1632.42004394531,0,1632.42004394531
"2018-09-07",1632.67004394531,1634.80004882812,1610.71997070312,1618.19995117188,0,1618.19995117188
"2018-09-10",1617.72998046875,1629.47998046875,1613.4599609375,1624.25,0,1624.25
"2018-09-11",1624.83996582031,1625.85998535156,1609.39001464844,1620.39001464844,0,1620.39001464844
"2018-09-12",1620.77001953125,1631.11999511719,1614.30004882812,1618.81005859375,0,1618.81005859375
"2018-09-13",1618.93994140625,1628.86999511719,1616.81005859375,1621.84997558594,0,1621.84997558594
"2018-09-14",1623.26000976562,1634.73999023438,1622.83996582031,1634.73999023438,0,1634.73999023438
"2018-09-17",1633.68005371094,1644.7900390625,1624.64001464844,1640.59997558594,0,1640.59997558594
"2018-09-18",1640.01000976562,1640.7099609375,1616.0400390625,1625.44995117188,0,1625.44995117188
"2018-09-19",1626.5,1637.91003417969,1626.5,1630.5,0,1630.5
"2018-09-20",1630.18005371094,1646.23999023438,1629.61999511719,1645.83996582031,0,1645.83996582031
"2018-09-21",1647.63000488281,1663.33996582031,1647.56994628906,1662.31994628906,0,1662.31994628906
"2018-09-24",1661.66003417969,1661.66003417969,1652.83996582031,1655.01000976562,0,1655.01000976562
"2018-09-25",1654.78002929688,1658.90002441406,1650.38000488281,1656.7099609375,0,1656.7099609375
"2018-09-26",1656.67004394531,1658.82995605469,1648.27001953125,1658.2900390625,0,1658.2900390625
"2018-09-27",1657.31994628906,1676.89001464844,1649.47998046875,1676.36999511719,0,1676.36999511719
"2018-09-28",1674.88000488281,1674.91003417969,1654.19995117188,1662.35998535156,0,1662.35998535156
"2018-10-01",1662.7099609375,1670.34997558594,1657.07995605469,1667.44995117188,0,1667.44995117188
"2018-10-02",1665.90002441406,1665.90002441406,1650.57995605469,1656.90002441406,0,1656.90002441406
"2018-10-03",1658.76000976562,1677.32995605469,1658.72998046875,1665.14001464844,0,1665.14001464844
"2018-10-04",1664.47998046875,1664.80004882812,1643.56005859375,1648.9599609375,0,1648.9599609375
"2018-10-05",1649.2099609375,1649.60998535156,1633.68005371094,1634.85998535156,0,1634.85998535156
"2018-10-08",1634.44995117188,1634.44995117188,1620.81994628906,1621.18994140625,0,1621.18994140625
"2018-10-09",1619.75,1625.77001953125,1607.81994628906,1624.48999023438,0,1624.48999023438
"2018-10-10",1625.96997070312,1626.18994140625,1591.93005371094,1595.13000488281,0,1595.13000488281
"2018-10-11",1591.56005859375,1591.56005859375,1547.15002441406,1550.41003417969,0,1550.41003417969
"2018-10-12",1551.14001464844,1565.5400390625,1536.4599609375,1536.4599609375,0,1536.4599609375
"2018-10-15",1536.56005859375,1539.81994628906,1521.31994628906,1536.09997558594,0,1536.09997558594
"2018-10-16",1535.06005859375,1554.16003417969,1526.67004394531,1554.16003417969,0,1554.16003417969
"2018-10-17",1554.93005371094,1562.78002929688,1544.98999023438,1548.27001953125,0,1548.27001953125
"2018-10-18",1553.19995117188,1558.60998535156,1542.42004394531,1543.86999511719,0,1543.86999511719
"2018-10-19",1545.98999023438,1546.92004394531,1510.68994140625,1531.66003417969,0,1531.66003417969
"2018-10-22",1533.02001953125,1545.35998535156,1523.4599609375,1526.05004882812,0,1526.05004882812
"2018-10-23",1523.27001953125,1523.27001953125,1499.64001464844,1508.88000488281,0,1508.88000488281
"2018-10-24",1511.56005859375,1523.06994628906,1500.23999023438,1501.46997070312,0,1501.46997070312
"2018-10-25",1500.09997558594,1511.32995605469,1487.68005371094,1506.02001953125,0,1506.02001953125
"2018-10-26",1504.4599609375,1504.4599609375,1473.7900390625,1485.27001953125,0,1485.27001953125
"2018-10-29",1485.85998535156,1517.71997070312,1485.85998535156,1503.14001464844,0,1503.14001464844
"2018-10-30",1504.18005371094,1516,1495.86999511719,1516,0,1516
"2018-10-31",1519.78002929688,1544.97998046875,1519.78002929688,1538.21997070312,0,1538.21997070312
"2018-11-01",1537.71997070312,1541.81005859375,1525.07995605469,1531.26000976562,0,1531.26000976562
"2018-11-02",1537.68994140625,1551.7900390625,1537.68994140625,1551.39001464844,0,1551.39001464844
"2018-11-05",1550.66003417969,1550.66003417969,1534.68994140625,1539.01000976562,0,1539.01000976562
"2018-11-06",1538.96997070312,1541.86999511719,1529.40002441406,1534.59997558594,0,1534.59997558594
"2018-11-07",1535.23999023438,1547.42004394531,1535.06005859375,1538.68994140625,0,1538.68994140625
"2018-11-08",1540.68005371094,1549.73999023438,1534.94995117188,1536.7900390625,0,1536.7900390625
"2018-11-09",1535.09997558594,1535.25,1528.57995605469,1530.51000976562,0,1530.51000976562
"2018-11-12",1531.2900390625,1537.98999023438,1513.47998046875,1514.58996582031,0,1514.58996582031
"2018-11-13",1514.91003417969,1527.2900390625,1505.19995117188,1520.26000976562,0,1520.26000976562
"2018-11-14",1518.68005371094,1518.68005371094,1496.85998535156,1502.44995117188,0,1502.44995117188
"2018-11-15",1503,1510.06994628906,1482.52001953125,1489.7900390625,0,1489.7900390625
"2018-11-16",1490.41003417969,1505.73999023438,1489.2900390625,1499.43005371094,0,1499.43005371094
"2018-11-19",1500.06005859375,1509.14001464844,1481.90002441406,1482.48999023438,0,1482.48999023438
"2018-11-20",1480.30004882812,1480.30004882812,1447.96997070312,1456.84997558594,0,1456.84997558594
"2018-11-21",1456.84997558594,1478.43994140625,1456.84997558594,1478.43994140625,0,1478.43994140625
"2018-11-22",1478.34997558594,1478.34997558594,1465.21997070312,1466.39001464844,66661600,1466.39001464844
"2018-11-23",1465.7900390625,1477.65002441406,1465.0400390625,1477.34997558594,0,1477.34997558594
"2018-11-26",1480.11999511719,1498.26000976562,1480.11999511719,1498.26000976562,0,1498.26000976562
"2018-11-27",1499.18005371094,1505.06994628906,1490.76000976562,1496.41003417969,0,1496.41003417969
"2018-11-28",1497.23999023438,1505.73999023438,1493.11999511719,1500.44995117188,0,1500.44995117188
"2018-11-29",1501.65002441406,1518.61999511719,1501.65002441406,1515.38000488281,0,1515.38000488281
"2018-11-30",1515.65002441406,1519.18005371094,1509.21997070312,1514.63000488281,0,1514.63000488281
"2018-12-03",1523.88000488281,1544.39001464844,1523.88000488281,1529.78002929688,0,1529.78002929688
"2018-12-04",1528.55004882812,1528.71997070312,1506.43005371094,1506.43005371094,0,1506.43005371094
"2018-12-05",1502.36999511719,1502.36999511719,1478.91003417969,1478.9599609375,0,1478.9599609375
"2018-12-06",1477.90002441406,1477.90002441406,1436.66003417969,1436.66003417969,0,1436.66003417969
"2018-12-07",1438.91003417969,1468.28002929688,1438.91003417969,1454.03002929688,0,1454.03002929688
"2018-12-10",1449.7099609375,1453.22998046875,1435.55004882812,1435.55004882812,0,1435.55004882812
"2018-12-11",1436.67004394531,1473.66003417969,1436.67004394531,1465.2900390625,0,1465.2900390625
"2018-12-12",1465.78002929688,1494.2099609375,1465.5400390625,1494.2099609375,0,1494.2099609375
"2018-12-13",1494.36999511719,1497.31005859375,1476.80004882812,1478.75,0,1478.75
"2018-12-14",1477.27001953125,1481.71997070312,1458.65002441406,1471.67004394531,0,1471.67004394531
"2018-12-17",1471.68005371094,1471.68005371094,1450.35998535156,1451.94995117188,0,1451.94995117188
"2018-12-18",1450.72998046875,1457.15002441406,1443.07995605469,1447.7900390625,0,1447.7900390625
"2018-12-19",1447.2900390625,1455.83996582031,1444.71997070312,1450.10998535156,0,1450.10998535156
"2018-12-20",1446.82995605469,1446.82995605469,1419.01000976562,1419.01000976562,0,1419.01000976562
"2018-12-21",1418.33996582031,1418.46997070312,1397.98999023438,1408.33996582031,0,1408.33996582031
"2018-12-27",1409.98999023438,1420.5,1378.42004394531,1384.58996582031,0,1384.58996582031
"2018-12-28",1387.52001953125,1416.09997558594,1387.52001953125,1408.73999023438,0,1408.73999023438
"2019-01-02",1407.65002441406,1410.48999023438,1378.19995117188,1405.84997558594,0,1405.84997558594
"2019-01-03",1403.80004882812,1407.85998535156,1390.65002441406,1393.52001953125,0,1393.52001953125
"2019-01-04",1395.28002929688,1437.85998535156,1395.28002929688,1435.2900390625,0,1435.2900390625
"2019-01-07",1437.73999023438,1446.15002441406,1433.61999511719,1439.93005371094,0,1439.93005371094
"2019-01-08",1440.73999023438,1464.02001953125,1440.05004882812,1457.46997070312,88490300,1457.46997070312
"2019-01-09",1458.05004882812,1475.94995117188,1458.05004882812,1470.51000976562,0,1470.51000976562
"2019-01-10",1469.05004882812,1472.73999023438,1454.90002441406,1470.68994140625,0,1470.68994140625
"2019-01-11",1470.14001464844,1478.64001464844,1460.71997070312,1465.43005371094,0,1465.43005371094
"2019-01-14",1462.61999511719,1462.61999511719,1454.65002441406,1458.13000488281,0,1458.13000488281
"2019-01-15",1459.92004394531,1471.93005371094,1451.22998046875,1455.47998046875,0,1455.47998046875
"2019-01-16",1456.46997070312,1472.81005859375,1455.43994140625,1468.84997558594,0,1468.84997558594
"2019-01-17",1468.18994140625,1476.64001464844,1458.7900390625,1473.89001464844,0,1473.89001464844
"2019-01-18",1474.61999511719,1499.7900390625,1474.61999511719,1499.7900390625,0,1499.7900390625
"2019-01-21",1499.88000488281,1501.28002929688,1487.67004394531,1493.76000976562,0,1493.76000976562
"2019-01-22",1492.71997070312,1496.89001464844,1480.28002929688,1486.31994628906,0,1486.31994628906
"2019-01-23",1485.90002441406,1486.80004882812,1473.4599609375,1478.71997070312,0,1478.71997070312
"2019-01-24",1479.42004394531,1489.69995117188,1478.18994140625,1488.40002441406,0,1488.40002441406
"2019-01-25",1487.69995117188,1505.71997070312,1487.69995117188,1501.11999511719,0,1501.11999511719
"2019-01-28",1501.15002441406,1505.57995605469,1489.43994140625,1491.01000976562,0,1491.01000976562
"2019-01-29",1491.38000488281,1506,1485.52001953125,1502.71997070312,0,1502.71997070312
"2019-01-30",1501.88000488281,1510.93005371094,1497.44995117188,1509.5,0,1509.5
"2019-01-31",1510.51000976562,1526.13000488281,1507.25,1515.42004394531,0,1515.42004394531
"2019-02-01",1515.78002929688,1528.2900390625,1514.93005371094,1525.68994140625,90458900,1525.68994140625
"2019-02-04",1526.89001464844,1529.38000488281,1520.21997070312,1527.18994140625,0,1527.18994140625
"2019-02-05",1526.34997558594,1544.34997558594,1526.34997558594,1542.48999023438,0,1542.48999023438
"2019-02-06",1542.10998535156,1554.05004882812,1537.64001464844,1551.15002441406,0,1551.15002441406
"2019-02-07",1551.34997558594,1557.7900390625,1529.28002929688,1529.28002929688,0,1529.28002929688
"2019-02-08",1529.43005371094,1536.03002929688,1524.2900390625,1527.17004394531,0,1527.17004394531
"2019-02-11",1528.19995117188,1546.16003417969,1528.19995117188,1542.32995605469,0,1542.32995605469
"2019-02-12",1543.84997558594,1551.98999023438,1542.7900390625,1549.41003417969,0,1549.41003417969
"2019-02-13",1550.43005371094,1562.22998046875,1549.56994628906,1558.57995605469,0,1558.57995605469
"2019-02-14",1559.55004882812,1570.61999511719,1557.57995605469,1562.35998535156,0,1562.35998535156
"2019-02-15",1561.94995117188,1584.4599609375,1555.97998046875,1583.81994628906,0,1583.81994628906
"2019-02-18",1583.44995117188,1588.81994628906,1576.66003417969,1583.85998535156,0,1583.85998535156
"2019-02-19",1584.02001953125,1591.9599609375,1581.72998046875,1587.21997070312,0,1587.21997070312
"2019-02-20",1587.55004882812,1591.35998535156,1578.73999023438,1588.60998535156,0,1588.60998535156
"2019-02-21",1585.81994628906,1591.26000976562,1572.65002441406,1572.65002441406,0,1572.65002441406
"2019-02-22",1573.01000976562,1591.81005859375,1573.01000976562,1588.82995605469,0,1588.82995605469
"2019-02-25",1590.52001953125,1598.08996582031,1581.08996582031,1586.55004882812,0,1586.55004882812
"2019-02-26",1585.2099609375,1589.22998046875,1577.16003417969,1583.94995117188,0,1583.94995117188
"2019-02-27",1583.17004394531,1583.17004394531,1573.23999023438,1576.55004882812,0,1576.55004882812
"2019-02-28",1576.97998046875,1577.42004394531,1558.05004882812,1572.68005371094,0,1572.68005371094
"2019-03-01",1574.30004882812,1585.57995605469,1573.85998535156,1580.21997070312,0,1580.21997070312
"2019-03-04",1580.69995117188,1592.68005371094,1580.2900390625,1587.7900390625,0,1587.7900390625
"2019-03-05",1587.94995117188,1590.41003417969,1575.57995605469,1587.96997070312,0,1587.96997070312
"2019-03-06",1588.06005859375,1588.06005859375,1571.4599609375,1572.63000488281,0,1572.63000488281
"2019-03-07",1572.47998046875,1575.5,1553.14001464844,1558.91003417969,0,1558.91003417969
"2019-03-08",1558.32995605469,1559.05004882812,1546.7099609375,1558.63000488281,0,1558.63000488281
"2019-03-11",1559.21997070312,1571.26000976562,1558.71997070312,1569.93005371094,0,1569.93005371094
"2019-03-12",1572.27001953125,1577.52001953125,1563.83996582031,1565.56005859375,0,1565.56005859375
"2019-03-13",1565.32995605469,1574.19995117188,1561.18005371094,1572.80004882812,0,1572.80004882812
"2019-03-14",1572.85998535156,1590.76000976562,1572.82995605469,1590.76000976562,0,1590.76000976562
"2019-03-15",1590.76000976562,1597.60998535156,1582.25,1595.76000976562,0,1595.76000976562
"2019-03-18",1595.92004394531,1607.5400390625,1595.92004394531,1605.01000976562,0,1605.01000976562
"2019-03-19",1605.80004882812,1622.32995605469,1604.31994628906,1615.14001464844,0,1615.14001464844
"2019-03-20",1614.57995605469,1619.75,1605.98999023438,1605.98999023438,0,1605.98999023438
"2019-03-21",1605.31005859375,1610.0400390625,1595.44995117188,1605.03002929688,0,1605.03002929688
"2019-03-22",1606,1610.36999511719,1576.86999511719,1576.86999511719,0,1576.86999511719
"2019-03-25",1576.81994628906,1578.63000488281,1563.22998046875,1573.66003417969,0,1573.66003417969
"2019-03-26",1574.58996582031,1576.03002929688,1565.5,1574.16003417969,0,1574.16003417969
"2019-03-27",1575,1579.65002441406,1560.48999023438,1565.84997558594,0,1565.84997558594
"2019-03-28",1565.43994140625,1571.17004394531,1553.80004882812,1559.31994628906,0,1559.31994628906
"2019-03-29",1561.31005859375,1564.30004882812,1545.18994140625,1553.42004394531,0,1553.42004394531
"2019-04-01",1554.92004394531,1580.97998046875,1554.92004394531,1580.32995605469,0,1580.32995605469
"2019-04-02",1580.66003417969,1598.7099609375,1577.58996582031,1593.94995117188,0,1593.94995117188
"2019-04-03",1596.0400390625,1622.38000488281,1596.0400390625,1622.38000488281,0,1622.38000488281
"2019-04-04",1622.75,1622.75,1608.93994140625,1616.23999023438,0,1616.23999023438
"2019-04-05",1616.35998535156,1624.28002929688,1616.26000976562,1622.27001953125,0,1622.27001953125
"2019-04-08",1621.90002441406,1624.52001953125,1615.76000976562,1624.52001953125,0,1624.52001953125
"2019-04-09",1625.36999511719,1633.82995605469,1614.01000976562,1616.56005859375,0,1616.56005859375
"2019-04-10",1616.15002441406,1628.73999023438,1615.32995605469,1628.55004882812,0,1628.55004882812
"2019-04-11",1626.78002929688,1633.08996582031,1620.97998046875,1627.03002929688,0,1627.03002929688
"2019-04-12",1627.02001953125,1642.9599609375,1625.35998535156,1641.2099609375,0,1641.2099609375
"2019-04-15",1641.2099609375,1644.97998046875,1637.14001464844,1642.63000488281,0,1642.63000488281
"2019-04-16",1642.16003417969,1654.09997558594,1642.16003417969,1647.52001953125,0,1647.52001953125
"2019-04-17",1647.68994140625,1660.61999511719,1645.34997558594,1660.14001464844,0,1660.14001464844
"2019-04-18",1660.96997070312,1673.03002929688,1654.55004882812,1670.73999023438,0,1670.73999023438
"2019-04-23",1670.5,1673.80004882812,1661.39001464844,1672.18005371094,0,1672.18005371094
"2019-04-24",1672.09997558594,1686.40002441406,1670.41003417969,1680.71997070312,0,1680.71997070312
"2019-04-25",1678.96997070312,1700.34997558594,1668.43005371094,1689.42004394531,0,1689.42004394531
"2019-04-26",1689.90002441406,1693.05004882812,1680.91003417969,1689.0400390625,0,1689.0400390625
"2019-04-29",1689.76000976562,1694.18994140625,1684.31994628906,1693.31005859375,0,1693.31005859375
"2019-04-30",1691.32995605469,1691.43005371094,1675.96997070312,1676.14001464844,0,1676.14001464844
"2019-05-02",1675.76000976562,1675.76000976562,1662.28002929688,1665.44995117188,0,1665.44995117188
"2019-05-03",1664.93994140625,1676.90002441406,1664.05004882812,1672.32995605469,0,1672.32995605469
"2019-05-06",1665.89001464844,1665.89001464844,1627.19995117188,1649.21997070312,0,1649.21997070312
"2019-05-07",1647.84997558594,1653,1613.34997558594,1617.84997558594,0,1617.84997558594
"2019-05-08",1617.25,1624.77001953125,1611.5,1623.36999511719,0,1623.36999511719
"2019-05-09",1622.44995117188,1622.44995117188,1593.83996582031,1596.68994140625,0,1596.68994140625
"2019-05-10",1597.13000488281,1615.60998535156,1593.46997070312,1603.36999511719,0,1603.36999511719
"2019-05-13",1603.18005371094,1603.23999023438,1572.84997558594,1573.83996582031,0,1573.83996582031
"2019-05-14",1574.40002441406,1591.11999511719,1574.40002441406,1590.81994628906,0,1590.81994628906
"2019-05-15",1591.14001464844,1597.9599609375,1574.77001953125,1593.31994628906,0,1593.31994628906
"2019-05-16",1593.28002929688,1615.38000488281,1586.25,1615.38000488281,0,1615.38000488281
"2019-05-17",1614.43994140625,1614.43994140625,1591.06005859375,1606.85998535156,0,1606.85998535156
"2019-05-20",1606.91003417969,1607.13000488281,1582.57995605469,1588.90002441406,0,1588.90002441406
"2019-05-21",1590.89001464844,1605.68994140625,1590.89001464844,1602.91003417969,0,1602.91003417969
"2019-05-22",1603.15002441406,1605.75,1587.78002929688,1595.64001464844,0,1595.64001464844
"2019-05-23",1593.5400390625,1593.5400390625,1558.88000488281,1561.17004394531,0,1561.17004394531
"2019-05-24",1563.18005371094,1579.11999511719,1563.18005371094,1571.52001953125,0,1571.52001953125
"2019-05-27",1573.89001464844,1582.4599609375,1565.78002929688,1568.22998046875,34880300,1568.22998046875
"2019-05-28",1569.25,1572.63000488281,1555.22998046875,1565.11999511719,0,1565.11999511719
"2019-05-29",1562.36999511719,1562.36999511719,1538.10998535156,1538.75,0,1538.75
"2019-05-31",1536.63000488281,1536.63000488281,1505.13000488281,1510.4599609375,0,1510.4599609375
"2019-06-03",1509.77001953125,1518.22998046875,1494.18994140625,1518.22998046875,0,1518.22998046875
"2019-06-04",1518.22998046875,1537.31005859375,1506.39001464844,1537.31005859375,0,1537.31005859375
"2019-06-05",1537.53002929688,1546.75,1531.01000976562,1542,0,1542
"2019-06-07",1543.36999511719,1570.78002929688,1543.36999511719,1566.14001464844,0,1566.14001464844
"2019-06-11",1575.60998535156,1597.43005371094,1575.56005859375,1593.35998535156,0,1593.35998535156
"2019-06-12",1593.35998535156,1596.31994628906,1580.44995117188,1593.59997558594,0,1593.59997558594
"2019-06-13",1593.11999511719,1604.72998046875,1587.06005859375,1598.11999511719,0,1598.11999511719
"2019-06-14",1597.38000488281,1597.38000488281,1579.39001464844,1589.59997558594,0,1589.59997558594
"2019-06-18",1586.53002929688,1612.05004882812,1573.14001464844,1609.43005371094,0,1609.43005371094
"2019-06-19",1609.71997070312,1615.81005859375,1607.10998535156,1612.40002441406,0,1612.40002441406
"2019-06-20",1617.44995117188,1632.82995605469,1617.44995117188,1628.2900390625,0,1628.2900390625
"2019-06-24",1627.47998046875,1635.58996582031,1609.31994628906,1610.93994140625,0,1610.93994140625
"2019-06-25",1610.23999023438,1612.93994140625,1605.11999511719,1607.2900390625,0,1607.2900390625
"2019-06-26",1605.93994140625,1611.18994140625,1596.01000976562,1604.22998046875,0,1604.22998046875
"2019-06-27",1605.07995605469,1621.72998046875,1605.07995605469,1616.93994140625,0,1616.93994140625
"2019-06-28",1616.88000488281,1627.02001953125,1615.31994628906,1622.43005371094,0,1622.43005371094
"2019-07-01",1622.82995605469,1645.78002929688,1622.82995605469,1642,0,1642
"2019-07-02",1641.75,1648.26000976562,1637.97998046875,1647.02001953125,0,1647.02001953125
"2019-07-03",1647.13000488281,1657.08996582031,1641.78002929688,1648.83996582031,0,1648.83996582031
"2019-07-04",1648.82995605469,1654.90002441406,1648.25,1652.25,45599400,1652.25
"2019-07-05",1651.92004394531,1652.88000488281,1620.18005371094,1634.93994140625,0,1634.93994140625
"2019-07-08",1634.7099609375,1646.38000488281,1629.9599609375,1642.06994628906,0,1642.06994628906
"2019-07-09",1640.18005371094,1640.18005371094,1625.23999023438,1630.88000488281,0,1630.88000488281
"2019-07-10",1630.40002441406,1636.65002441406,1621.55004882812,1622.44995117188,0,1622.44995117188
"2019-07-11",1625.09997558594,1631.34997558594,1609.43994140625,1613.2099609375,0,1613.2099609375
"2019-07-12",1613.31005859375,1629.19995117188,1613.31005859375,1625.61999511719,0,1625.61999511719
"2019-07-15",1626.46997070312,1639,1615.58996582031,1632.91003417969,0,1632.91003417969
"2019-07-16",1629.42004394531,1633.71997070312,1620.43994140625,1630.56994628906,0,1630.56994628906
"2019-07-17",1629.72998046875,1630.91003417969,1598.06005859375,1598.06005859375,0,1598.06005859375
"2019-07-18",1600.21997070312,1600.21997070312,1573.55004882812,1577.41003417969,0,1577.41003417969
"2019-07-19",1578.61999511719,1605.42004394531,1578.61999511719,1605.42004394531,0,1605.42004394531
"2019-07-22",1605.25,1607.44995117188,1598.10998535156,1600.88000488281,74655900,1600.88000488281
"2019-07-23",1616.56005859375,1627.86999511719,1615.81994628906,1624.77001953125,0,1624.77001953125
"2019-07-24",1625.31005859375,1625.5400390625,1608.2900390625,1613.06005859375,0,1613.06005859375
"2019-07-25",1613.63000488281,1625.82995605469,1596.90002441406,1607.19995117188,0,1607.19995117188
"2019-07-26",1606.88000488281,1614.72998046875,1605.90002441406,1610.64001464844,0,1610.64001464844
"2019-07-29",1610.2900390625,1617.21997070312,1603.18994140625,1614.30004882812,0,1614.30004882812
"2019-07-30",1613.90002441406,1616.22998046875,1592.59997558594,1600.26000976562,0,1600.26000976562
"2019-07-31",1599.06005859375,1604.41003417969,1595.11999511719,1599.78002929688,0,1599.78002929688
"2019-08-01",1598.67004394531,1617.98999023438,1588.94995117188,1612.91003417969,0,1612.91003417969
"2019-08-02",1608.53002929688,1608.53002929688,1565.77001953125,1568.69995117188,76674400,1568.69995117188
"2019-08-06",1534.5400390625,1543.93005371094,1520.27001953125,1523.03002929688,0,1523.03002929688
"2019-08-07",1523.43994140625,1540.38000488281,1516.56005859375,1528.18994140625,0,1528.18994140625
"2019-08-08",1531.92004394531,1550.61999511719,1531.92004394531,1550.61999511719,0,1550.61999511719
"2019-08-09",1550.34997558594,1550.34997558594,1529.13000488281,1531.52001953125,0,1531.52001953125
"2019-08-12",1532.44995117188,1550.9599609375,1528.10998535156,1533.06005859375,0,1533.06005859375
"2019-08-13",1531.88000488281,1548.40002441406,1509.60998535156,1543.35998535156,0,1543.35998535156
"2019-08-14",1538.21997070312,1539.34997558594,1498.41003417969,1500.06005859375,0,1500.06005859375
"2019-08-15",1500.43005371094,1509.57995605469,1476.82995605469,1495.7099609375,0,1495.7099609375
"2019-08-16",1496.93994140625,1519.56005859375,1496.93994140625,1519.41003417969,0,1519.41003417969
"2019-08-19",1522.47998046875,1539.66003417969,1522.47998046875,1538.96997070312,0,1538.96997070312
"2019-08-20",1538.78002929688,1546.18994140625,1533.06005859375,1534.33996582031,0,1534.33996582031
"2019-08-21",1534.93994140625,1550.14001464844,1534.93994140625,1543.46997070312,0,1543.46997070312
"2019-08-22",1543.26000976562,1546.83996582031,1533.44995117188,1535.51000976562,0,1535.51000976562
"2019-08-23",1539.5,1549.86999511719,1522.84997558594,1522.84997558594,0,1522.84997558594
"2019-08-26",1520.34997558594,1525.68005371094,1503.57995605469,1520.84997558594,0,1520.84997558594
"2019-08-27",1521.05004882812,1532.46997070312,1516.92004394531,1530.81005859375,0,1530.81005859375
"2019-08-28",1534.46997070312,1534.84997558594,1515.5,1529.13000488281,0,1529.13000488281
"2019-08-29",1530.05004882812,1558.73999023438,1530.05004882812,1558.73999023438,0,1558.73999023438
"2019-08-30",1559.68005371094,1583.16003417969,1559.68005371094,1576.97998046875,0,1576.97998046875
"2019-09-02",1576.72998046875,1582.91003417969,1568.69995117188,1570.18994140625,58879800,1570.18994140625
"2019-09-03",1569.31005859375,1575.97998046875,1563.06994628906,1568.66003417969,0,1568.66003417969
"2019-09-04",1569.31005859375,1586.22998046875,1569.31005859375,1581.28002929688,0,1581.28002929688
"2019-09-05",1581.92004394531,1598.0400390625,1581.92004394531,1597.33996582031,0,1597.33996582031
"2019-09-06",1597.64001464844,1602.35998535156,1593.86999511719,1601.94995117188,0,1601.94995117188
"2019-09-09",1602.33996582031,1610.78002929688,1600.53002929688,1610.69995117188,0,1610.69995117188
"2019-09-10",1611,1625,1606.7099609375,1624.97998046875,0,1624.97998046875
"2019-09-11",1625.82995605469,1639.18005371094,1625.82995605469,1637.61999511719,0,1637.61999511719
"2019-09-12",1638.47998046875,1655.68994140625,1638.47998046875,1651.44995117188,0,1651.44995117188
"2019-09-13",1651.75,1665.34997558594,1651.75,1665.34997558594,0,1665.34997558594
"2019-09-16",1661.16003417969,1661.16003417969,1650.5,1655.01000976562,0,1655.01000976562
"2019-09-17",1654.80004882812,1654.80004882812,1638.31005859375,1649.32995605469,0,1649.32995605469
"2019-09-18",1649.63000488281,1661.17004394531,1646.68005371094,1655.10998535156,0,1655.10998535156
"2019-09-19",1655.08996582031,1666.71997070312,1650.68005371094,1664.64001464844,0,1664.64001464844
"2019-09-20",1664.88000488281,1670.23999023438,1661.43994140625,1666.89001464844,0,1666.89001464844
"2019-09-23",1666.67004394531,1666.78002929688,1629.30004882812,1637.66003417969,0,1637.66003417969
"2019-09-24",1638.34997558594,1643.88000488281,1633.08996582031,1633.08996582031,0,1633.08996582031
"2019-09-25",1632.18994140625,1632.18994140625,1604.11999511719,1620.67004394531,0,1620.67004394531
"2019-09-26",1620.91003417969,1635.68994140625,1614.84997558594,1631.60998535156,0,1631.60998535156
"2019-09-27",1632.31994628906,1646.69995117188,1632.31994628906,1646.59997558594,0,1646.59997558594
"2019-09-30",1646.31005859375,1652.08996582031,1642.67004394531,1647.67004394531,0,1647.67004394531
"2019-10-01",1647.93005371094,1658.98999023438,1631.61999511719,1635.64001464844,0,1635.64001464844
"2019-10-02",1634.53002929688,1634.53002929688,1590.65002441406,1593.31994628906,0,1593.31994628906
"2019-10-03",1593.4599609375,1605.5400390625,1574.02001953125,1588.41003417969,0,1588.41003417969
"2019-10-04",1589.73999023438,1595.65002441406,1581.39001464844,1593.97998046875,0,1593.97998046875
"2019-10-07",1595.23999023438,1619.84997558594,1591.21997070312,1617.98999023438,0,1617.98999023438
"2019-10-08",1618.96997070312,1623.38000488281,1596.75,1605.68994140625,0,1605.68994140625
"2019-10-09",1604.68994140625,1625.46997070312,1599.46997070312,1620,0,1620
"2019-10-10",1620.61999511719,1630.55004882812,1607.06994628906,1630.03002929688,0,1630.03002929688
"2019-10-11",1631.90002441406,1654.51000976562,1628.77001953125,1653.28002929688,0,1653.28002929688
"2019-10-14",1652.96997070312,1653.38000488281,1639.97998046875,1652.57995605469,0,1652.57995605469
"2019-10-15",1653.21997070312,1675.08996582031,1653.21997070312,1670.2099609375,0,1670.2099609375
"2019-10-16",1670.2099609375,1680.98999023438,1667.2099609375,1677.18994140625,0,1677.18994140625
"2019-10-17",1683.89001464844,1693.15002441406,1677.22998046875,1682.86999511719,0,1682.86999511719
"2019-10-18",1678.89001464844,1699.31994628906,1673.51000976562,1697.91003417969,0,1697.91003417969
"2019-10-21",1697.44995117188,1725.31005859375,1696.34997558594,1724.35998535156,0,1724.35998535156
"2019-10-22",1724.55004882812,1734.7099609375,1724.38000488281,1728.21997070312,0,1728.21997070312
"2019-10-23",1726.52001953125,1726.52001953125,1712.77001953125,1725.86999511719,0,1725.86999511719
"2019-10-24",1726.09997558594,1737.4599609375,1720.36999511719,1736.97998046875,0,1736.97998046875
"2019-10-25",1736.55004882812,1747.30004882812,1732.26000976562,1747.30004882812,0,1747.30004882812
"2019-10-28",1748.55004882812,1761.82995605469,1746.31994628906,1760.31005859375,0,1760.31005859375
"2019-10-29",1760.26000976562,1760.26000976562,1738.14001464844,1742.31994628906,0,1742.31994628906
"2019-10-30",1742.22998046875,1750.0400390625,1736.89001464844,1746.81005859375,0,1746.81005859375
"2019-10-31",1747.59997558594,1750.72998046875,1727.89001464844,1733.68005371094,0,1733.68005371094
"2019-11-01",1734.14001464844,1739.80004882812,1733.76000976562,1737.51000976562,0,1737.51000976562
"2019-11-04",1761.18005371094,1771.36999511719,1761.05004882812,1771.03002929688,0,1771.03002929688
"2019-11-05",1771.14001464844,1773.7099609375,1759.64001464844,1769.53002929688,0,1769.53002929688
"2019-11-06",1768.61999511719,1777.81994628906,1760.58996582031,1762.7900390625,0,1762.7900390625
"2019-11-07",1764.06994628906,1779.82995605469,1763.81005859375,1763.81005859375,72408000,1763.81005859375
"2019-11-08",1763.82995605469,1773.60998535156,1757.28002929688,1772.56005859375,0,1772.56005859375
"2019-11-11",1769.68005371094,1770.9599609375,1757.10998535156,1763.5,0,1763.5
"2019-11-12",1763.67004394531,1776.83996582031,1758.61999511719,1774.71997070312,0,1774.71997070312
"2019-11-13",1773.78002929688,1773.78002929688,1753.07995605469,1766.59997558594,0,1766.59997558594
"2019-11-14",1766.38000488281,1767.84997558594,1755.39001464844,1757.42004394531,0,1757.42004394531
"2019-11-15",1759.32995605469,1773.51000976562,1742.5400390625,1756.85998535156,0,1756.85998535156
"2019-11-18",1757.5400390625,1763.15002441406,1741.40002441406,1745.17004394531,0,1745.17004394531
"2019-11-19",1745.36999511719,1758.30004882812,1739.43005371094,1743.25,0,1743.25
"2019-11-20",1741.91003417969,1741.91003417969,1727.77001953125,1729.06005859375,0,1729.06005859375
"2019-11-21",1726.43005371094,1726.43005371094,1711.27001953125,1720.10998535156,0,1720.10998535156
"2019-11-22",1720.34997558594,1731.97998046875,1717.97998046875,1724.18994140625,0,1724.18994140625
"2019-11-25",1726.06994628906,1742.06005859375,1726.06994628906,1742.0400390625,0,1742.0400390625
"2019-11-26",1742.51000976562,1744.81994628906,1730.89001464844,1740.98999023438,0,1740.98999023438
"2019-11-27",1742.75,1748.93994140625,1734.97998046875,1737.80004882812,0,1737.80004882812
"2019-11-28",1737.01000976562,1737.59997558594,1729.38000488281,1735.30004882812,41320100,1735.30004882812
"2019-11-29",1733.25,1737.08996582031,1720.84997558594,1730.25,0,1730.25
"2019-12-02",1730.94995117188,1744.73999023438,1704.36999511719,1706.81994628906,0,1706.81994628906
"2019-12-03",1707.13000488281,1721.43994140625,1692.86999511719,1697.68005371094,0,1697.68005371094
"2019-12-04",1697.90002441406,1726.85998535156,1697.72998046875,1725.59997558594,72806900,1725.59997558594
"2019-12-05",1726.31005859375,1735.85998535156,1720.15002441406,1723.63000488281,65504000,1723.63000488281
"2019-12-06",1723.69995117188,1743.03002929688,1723.69995117188,1742.60998535156,68061800,1742.60998535156
"2019-12-09",1742.17004394531,1750.57995605469,1738.82995605469,1743.31005859375,76400100,1743.31005859375
"2019-12-10",1742.77001953125,1742.77001953125,1714.47998046875,1735.51000976562,79621300,1735.51000976562
"2019-12-11",1735.09997558594,1744.25,1723.75,1741.61999511719,79400500,1741.61999511719
"2019-12-12",1741.7099609375,1760.86999511719,1732.22998046875,1758.23999023438,91345000,1758.23999023438
"2019-12-13",1761.66003417969,1780.68994140625,1761.66003417969,1770.11999511719,102249700,1770.11999511719
"2019-12-16",1770.89001464844,1787.89001464844,1767.93005371094,1787.66003417969,80364100,1787.66003417969
"2019-12-17",1787.36999511719,1791.93005371094,1781.83996582031,1791.93005371094,92098700,1791.93005371094
"2019-12-18",1790.13000488281,1796.07995605469,1782.81994628906,1787.9599609375,95773000,1787.9599609375
"2019-12-19",1787.85998535156,1793.18994140625,1779.68994140625,1783.2900390625,93182500,1783.2900390625
"2019-12-20",1783.19995117188,1795.43005371094,1783.07995605469,1794.80004882812,107914000,1794.80004882812
"2019-12-23",1794.93005371094,1800.68994140625,1791.08996582031,1795.66003417969,46172600,1795.66003417969
"2019-12-27",1796.19995117188,1802.22998046875,1792.17004394531,1798.0400390625,44420100,1798.0400390625
"2019-12-30",1797.66003417969,1798.2900390625,1769.18994140625,1771.84997558594,0,1771.84997558594
"2020-01-02",1771.84997558594,1810.19995117188,1771.84997558594,1808.63000488281,66471900,1808.63000488281
"2020-01-03",1806.41003417969,1806.41003417969,1778.53002929688,1785.22998046875,60176800,1785.22998046875
"2020-01-07",1784.93994140625,1805.65002441406,1784.85998535156,1796.84997558594,71141000,1796.84997558594
"2020-01-08",1795.15002441406,1796.7900390625,1774.35998535156,1795.41003417969,61540300,1795.41003417969
"2020-01-09",1797.68005371094,1811.21997070312,1793.73999023438,1796.73999023438,81381800,1796.73999023438
"2020-01-10",1797.52001953125,1800.16003417969,1784.28002929688,1784.96997070312,68331400,1784.96997070312
"2020-01-13",1786.41003417969,1798.06994628906,1781.31994628906,1790.51000976562,65913500,1790.51000976562
"2020-01-14",1790.57995605469,1794.02001953125,1772.68994140625,1792.90002441406,68698400,1792.90002441406
"2020-01-15",1792.63000488281,1794.07995605469,1780.88000488281,1787.2900390625,87793300,1787.2900390625
"2020-01-16",1787.30004882812,1812.30004882812,1787.30004882812,1812.30004882812,83445800,1812.30004882812
"2020-01-17",1813.23999023438,1831.52001953125,1813.23999023438,1825.93994140625,85989200,1825.93994140625
"2020-01-20",1824.96997070312,1829.68005371094,1819.80004882812,1821.2900390625,55952300,1821.2900390625
"2020-01-21",1819.77001953125,1826.61999511719,1800.59997558594,1825.61999511719,65265800,1825.61999511719
"2020-01-22",1823.83996582031,1834.09997558594,1810.71997070312,1811.76000976562,75215100,1811.76000976562
"2020-01-23",1809.43005371094,1809.71997070312,1790.96997070312,1795.43005371094,71663000,1795.43005371094
"2020-01-24",1798.2900390625,1820.75,1798.2900390625,1812.84997558594,107751400,1812.84997558594
"2020-01-27",1808.03002929688,1808.03002929688,1766.7099609375,1771.47998046875,99970600,1771.47998046875
"2020-01-28",1773.0400390625,1791.5,1763.44995117188,1786.34997558594,116927600,1786.34997558594
"2020-01-29",1790.25,1798.52001953125,1784.15002441406,1791.67004394531,104412300,1791.67004394531
"2020-01-30",1788.86999511719,1805.61999511719,1771.15002441406,1787.9599609375,134063900,1787.9599609375
"2020-01-31",1788.66003417969,1806.55004882812,1778.07995605469,1783.26000976562,111161300,1783.26000976562
"2020-02-03",1784.06994628906,1791.58996582031,1774.18005371094,1782.91003417969,79752900,1782.91003417969
"2020-02-04",1785.41003417969,1821.0400390625,1785.41003417969,1821.0400390625,94517700,1821.0400390625
"2020-02-05",1820.59997558594,1854.09997558594,1815.31994628906,1847.34997558594,119999800,1847.34997558594
"2020-02-06",1847.64001464844,1864.31994628906,1843.85998535156,1851.94995117188,120201900,1851.94995117188
"2020-02-07",1851.06005859375,1856.33996582031,1841.58996582031,1849.85998535156,111075200,1849.85998535156
"2020-02-10",1848.9599609375,1860.69995117188,1843.46997070312,1858,80178600,1858
"2020-02-11",1859.23999023438,1885.5,1859.23999023438,1884.13000488281,93510400,1884.13000488281
"2020-02-12",1884.75,1893.27001953125,1879.13000488281,1889.75,84555000,1889.75
"2020-02-13",1887.25,1887.25,1864.05004882812,1883.02001953125,84793300,1883.02001953125
"2020-02-14",1882.21997070312,1892.15002441406,1881.34997558594,1885.61999511719,61757600,1885.61999511719
"2020-02-17",1885.42004394531,1897.93005371094,1885.42004394531,1888.34997558594,0,1888.34997558594
"2020-02-18",1887.18994140625,1888.97998046875,1869.27001953125,1878.7900390625,65472300,1878.7900390625
"2020-02-19",1880.68994140625,1901.13000488281,1880.68994140625,1900.28002929688,66385900,1900.28002929688
"2020-02-20",1900.68994140625,1905.61999511719,1896.78002929688,1898.93005371094,72830900,1898.93005371094
"2020-02-21",1896.76000976562,1896.76000976562,1871.21997070312,1879.09997558594,76566700,1879.09997558594
"2020-02-24",1872,1872,1791.9599609375,1798.19995117188,125975600,1798.19995117188
"2020-02-25",1799.51000976562,1812.90002441406,1766.32995605469,1769.14001464844,107411700,1769.14001464844
"2020-02-26",1765.90002441406,1787.06994628906,1709.31994628906,1782.09997558594,126548700,1782.09997558594
"2020-02-27",1779.71997070312,1779.71997070312,1691.13000488281,1721.58996582031,137092800,1721.58996582031
"2020-02-28",1666.93005371094,1689.67004394531,1646.10998535156,1668.83996582031,190623500,1668.83996582031
"2020-03-02",1702.88000488281,1711.5400390625,1644.32995605469,1679.13000488281,142409500,1679.13000488281
"2020-03-03",1704.73999023438,1732.03002929688,1693.2099609375,1694.56005859375,130376500,1694.56005859375
"2020-03-04",1702.13000488281,1724.26000976562,1687.32995605469,1704.19995117188,109488000,1704.19995117188
"2020-03-05",1723.21997070312,1723.51000976562,1666.77001953125,1683.18994140625,118620900,1683.18994140625
"2020-03-06",1648.34997558594,1657.13000488281,1616.06005859375,1629,138081100,1629
"2020-03-09",1523.23999023438,1568.67004394531,1511.18005371094,1542.43994140625,235466100,1542.43994140625
"2020-03-10",1557.01000976562,1604.72998046875,1521.83996582031,1533.7900390625,174311100,1533.7900390625
"2020-03-11",1548.31994628906,1561.43994140625,1506.83996582031,1511.9599609375,154954500,1511.9599609375
"2020-03-12",1433.48999023438,1447.68994140625,1344.07995605469,1352.13000488281,305008600,1352.13000488281
"2020-03-13",1379.56994628906,1469.7099609375,1343.88000488281,1376.4599609375,259539100,1376.4599609375
"2020-03-16",1305.90002441406,1355.88000488281,1261.17004394531,1329.16003417969,253693100,1329.16003417969
"2020-03-17",1366.80004882812,1384.75,1295.40002441406,1372.7900390625,215418300,1372.7900390625
"2020-03-18",1331.48999023438,1364.56005859375,1310.9599609375,1337.23999023438,223480600,1337.23999023438
"2020-03-19",1345.68005371094,1380.57995605469,1328.52001953125,1380.57995605469,211614200,1380.57995605469
"2020-03-20",1422.85998535156,1431.56005859375,1355.5400390625,1355.5400390625,200718800,1355.5400390625
"2020-03-23",1290.44995117188,1351.73999023438,1284.47998046875,1292.27001953125,179643300,1292.27001953125
"2020-03-24",1351.46997070312,1383.88000488281,1332.41003417969,1383.88000488281,180632000,1383.88000488281
"2020-03-25",1426.78002929688,1446.56005859375,1362.76000976562,1446.56005859375,172191000,1446.56005859375
"2020-03-26",1411.53002929688,1470.89001464844,1402.85998535156,1470.89001464844,155494600,1470.89001464844
"2020-03-27",1454.09997558594,1454.44995117188,1405.94995117188,1419.2900390625,136395200,1419.2900390625
"2020-03-30",1428.9599609375,1449.19995117188,1394.9599609375,1449.19995117188,128362500,1449.19995117188
"2020-03-31",1472.26000976562,1487.06005859375,1445.34997558594,1482.43005371094,173596100,1482.43005371094
"2020-04-01",1439.23999023438,1447.96997070312,1425.71997070312,1425.98999023438,117369200,1425.98999023438
"2020-04-02",1436.84997558594,1439.40002441406,1400.27001953125,1427.18994140625,135758500,1427.18994140625
"2020-04-03",1425.92004394531,1430.19995117188,1401.11999511719,1404.58996582031,97561300,1404.58996582031
"2020-04-06",1443.35998535156,1463.06005859375,1438.88000488281,1461.22998046875,115900300,1461.22998046875
"2020-04-07",1493.78002929688,1514.17004394531,1483.18994140625,1510.84997558594,160205800,1510.84997558594
"2020-04-08",1494.39001464844,1502.88000488281,1485.02001953125,1499.51000976562,112388500,1499.51000976562
"2020-04-09",1518.81994628906,1526.94995117188,1495.7900390625,1498.76000976562,63370400,1498.76000976562
"2020-04-14",1529.84997558594,1538.91003417969,1516.51000976562,1535.83996582031,135625400,1535.83996582031
"2020-04-15",1531.46997070312,1534.41003417969,1478.81994628906,1480.59997558594,121295400,1480.59997558594
"2020-04-16",1496.46997070312,1499.91003417969,1469.14001464844,1483.7900390625,107740800,1483.7900390625
"2020-04-17",1525.27001953125,1536.83996582031,1520.71997070312,1534.55004882812,139931900,1534.55004882812
"2020-04-20",1548.68005371094,1548.68005371094,1518.11999511719,1541.17004394531,83310900,1541.17004394531
"2020-04-21",1525.44995117188,1525.59997558594,1493.44995117188,1493.44995117188,108467700,1493.44995117188
"2020-04-22",1508.56994628906,1527.68994140625,1503.30004882812,1527.63000488281,110609500,1527.63000488281
"2020-04-23",1535.93994140625,1547.47998046875,1512.68005371094,1541.89001464844,111840800,1541.89001464844
"2020-04-24",1515.64001464844,1529.18994140625,1511.28002929688,1514.13000488281,103030800,1514.13000488281
"2020-04-27",1536.82995605469,1543.42004394531,1528.14001464844,1539.51000976562,93375200,1539.51000976562
"2020-04-28",1542.59997558594,1571.31005859375,1538.26000976562,1568.5,119075300,1568.5
"2020-04-29",1566.41003417969,1602.33996582031,1559.63000488281,1600.85998535156,132448600,1600.85998535156
"2020-04-30",1602.68005371094,1606.81005859375,1577.90002441406,1577.92004394531,83946200,1577.92004394531
"2020-05-04",1531.98999023438,1531.98999023438,1505.2099609375,1505.2099609375,137043300,1505.2099609375
"2020-05-05",1525.43005371094,1539.40002441406,1515.41003417969,1538.18005371094,92875500,1538.18005371094
"2020-05-06",1535.67004394531,1537.55004882812,1520.7099609375,1521.40002441406,87488100,1521.40002441406
"2020-05-07",1529.38000488281,1540.55004882812,1524.23999023438,1537.73999023438,83170700,1537.73999023438
"2020-05-08",1549.01000976562,1564.65002441406,1547,1563.18994140625,0,1563.18994140625
"2020-05-11",1568.42004394531,1572.22998046875,1542.14001464844,1556.48999023438,80079800,1556.48999023438
"2020-05-12",1547.44995117188,1572.51000976562,1543.78002929688,1570.03002929688,86736600,1570.03002929688
"2020-05-13",1550.56994628906,1551.53002929688,1522.10998535156,1522.64001464844,102793800,1522.64001464844
"2020-05-14",1507.35998535156,1513.10998535156,1461.27001953125,1476.52001953125,116605400,1476.52001953125
"2020-05-15",1490.98999023438,1508.43994140625,1481.89001464844,1493.61999511719,106796600,1493.61999511719
"2020-05-18",1520.73999023438,1566.2099609375,1519.68005371094,1566.16003417969,105598200,1566.16003417969
"2020-05-19",1576.88000488281,1576.92004394531,1545.76000976562,1560.28002929688,109511700,1560.28002929688
"2020-05-20",1546.7099609375,1565.28002929688,1539.83996582031,1556.43994140625,54394300,1556.43994140625
"2020-05-22",1539.78002929688,1560.07995605469,1533.48999023438,1555.48999023438,86901000,1555.48999023438
"2020-05-25",1570.28002929688,1592.16003417969,1564.75,1588.59997558594,65330700,1588.59997558594
"2020-05-26",1604.98999023438,1609.72998046875,1594.32995605469,1606.65002441406,98478200,1606.65002441406
"2020-05-27",1607.06994628906,1633.7900390625,1606.56005859375,1623.39001464844,117193700,1623.39001464844
"2020-05-28",1637.0400390625,1659.06994628906,1630.84997558594,1657.57995605469,111325200,1657.57995605469
"2020-05-29",1642.13000488281,1645.84997558594,1625.69995117188,1629.76000976562,210944400,1629.76000976562
"2020-06-01",1650.98999023438,1651.28002929688,1633.06005859375,1649.38000488281,81839400,1649.38000488281
"2020-06-02",1657.68994140625,1678.72998046875,1654.2099609375,1666.97998046875,112254900,1666.97998046875
"2020-06-03",1684.28002929688,1709.9599609375,1682.52001953125,1709.9599609375,123035700,1709.9599609375
"2020-06-04",1703,1708.63000488281,1690.06994628906,1700.47998046875,105834400,1700.47998046875
"2020-06-05",1709.94995117188,1730.68005371094,1706.13000488281,1730.51000976562,121308500,1730.51000976562
"2020-06-08",1723.13000488281,1729.10998535156,1710.32995605469,1717.66003417969,110278500,1717.66003417969
"2020-06-09",1719.71997070312,1721.67004394531,1682.55004882812,1696.69995117188,123015400,1696.69995117188
"2020-06-10",1700.80004882812,1715.92004394531,1687.30004882812,1692.31994628906,107549400,1692.31994628906
"2020-06-11",1655.13000488281,1658.06994628906,1609.06005859375,1609.06005859375,144473500,1609.06005859375
"2020-06-12",1590.22998046875,1634.22998046875,1590.22998046875,1609.06994628906,106865600,1609.06994628906
"2020-06-15",1577.92004394531,1620.33996582031,1571.48999023438,1616.14001464844,0,1616.14001464844
"2020-06-16",1650.81994628906,1677,1643.5400390625,1671.83996582031,0,1671.83996582031
"2020-06-17",1674.76000976562,1688.86999511719,1672.26000976562,1677.53002929688,0,1677.53002929688
"2020-06-18",1667.03002929688,1677.52001953125,1659.0400390625,1667.93005371094,0,1667.93005371094
"2020-06-22",1655.96997070312,1668.72998046875,1647.26000976562,1657.7099609375,88938800,1657.7099609375
"2020-06-23",1669.32995605469,1694.27001953125,1667.76000976562,1683.35998535156,97150100,1683.35998535156
"2020-06-24",1676.51000976562,1681.61999511719,1641.83996582031,1642.91003417969,87008700,1642.91003417969
"2020-06-25",1634.66003417969,1662.28002929688,1625.88000488281,1660.9599609375,89205000,1660.9599609375
"2020-06-26",1677.40002441406,1689.7099609375,1657.59997558594,1657.66003417969,103013300,1657.66003417969
"2020-06-29",1655.81005859375,1674.56994628906,1650.92004394531,1671.53002929688,82716200,1671.53002929688
"2020-06-30",1674.60998535156,1679.25,1653.22998046875,1664.38000488281,89683400,1664.38000488281
"2020-07-01",1665.26000976562,1687.93005371094,1657.78002929688,1675.0400390625,88432700,1675.0400390625
"2020-07-02",1691.53002929688,1704.53002929688,1682.78002929688,1703.81994628906,84529500,1703.81994628906
"2020-07-03",1704.91003417969,1710.65002441406,1691.51000976562,1695.26000976562,54329500,1695.26000976562
"2020-07-06",1722.13000488281,1732.25,1714.18994140625,1730.88000488281,77615900,1730.88000488281
"2020-07-07",1722.38000488281,1724.53002929688,1711.47998046875,1720.44995117188,75783300,1720.44995117188
"2020-07-08",1705.72998046875,1725.36999511719,1705.72998046875,1712.53002929688,71591800,1712.53002929688
"2020-07-09",1722.13000488281,1723.69995117188,1696.83996582031,1697.83996582031,64870700,1697.83996582031
"2020-07-10",1691.07995605469,1713.10998535156,1691,1711.61999511719,64384200,1711.61999511719
"2020-07-13",1727.80004882812,1745.18005371094,1722.93994140625,1742.72998046875,77412500,1742.72998046875
"2020-07-14",1730.59997558594,1742,1723.47998046875,1738.59997558594,88922300,1738.59997558594
"2020-07-15",1755.03002929688,1772.06005859375,1742.68005371094,1767.84997558594,103803700,1767.84997558594
"2020-07-16",1761.75,1761.93005371094,1748.28002929688,1754.55004882812,90960300,1754.55004882812
"2020-07-17",1780.5400390625,1781.09997558594,1759.56005859375,1770.15002441406,125544600,1770.15002441406
"2020-07-20",1775.35998535156,1787.22998046875,1766.31994628906,1784.5400390625,93704400,1784.5400390625
"2020-07-21",1796.01000976562,1797.64001464844,1773.2099609375,1775.39001464844,104095000,1775.39001464844
"2020-07-22",1776.73999023438,1782.14001464844,1765.17004394531,1779.84997558594,77703900,1779.84997558594
"2020-07-23",1790.14001464844,1793,1776.02001953125,1781.09997558594,61322700,1781.09997558594
"2020-07-24",1755.76000976562,1761.89001464844,1740.03002929688,1750.23999023438,61280600,1750.23999023438
"2020-07-27",1747.85998535156,1763.07995605469,1745.59997558594,1760.31005859375,53413400,1760.31005859375
"2020-07-28",1763.13000488281,1763.7099609375,1744.47998046875,1754.25,58236500,1754.25
"2020-07-29",1752.02001953125,1762.07995605469,1750.42004394531,1760.58996582031,57062200,1760.58996582031
"2020-07-30",1758.2900390625,1758.40002441406,1711.67004394531,1720.28002929688,73271900,1720.28002929688
"2020-07-31",1726.2900390625,1738.65002441406,1706.39001464844,1707.34997558594,76017300,1707.34997558594
"2020-08-03",1708.73999023438,1751.26000976562,1702.32995605469,1746.31994628906,59192600,1746.31994628906
"2020-08-04",1754.75,1756.66003417969,1726.56994628906,1734.25,0,1734.25
"2020-08-05",1746.0400390625,1751.36999511719,1736.13000488281,1745.48999023438,56505900,1745.48999023438
"2020-08-06",1745.67004394531,1750.67004394531,1730.5,1739.14001464844,58298900,1739.14001464844
"2020-08-07",1733.38000488281,1746.05004882812,1730.14001464844,1740.4599609375,47938900,1740.4599609375
"2020-08-10",1750.01000976562,1754.98999023438,1740.19995117188,1748.91003417969,52768000,1748.91003417969
"2020-08-11",1760.64001464844,1792.82995605469,1760.64001464844,1786.28002929688,81965300,1786.28002929688
"2020-08-12",1782.51000976562,1790.92004394531,1773.15002441406,1788.98999023438,65694600,1788.98999023438
"2020-08-13",1780.19995117188,1795.80004882812,1779.7900390625,1786.80004882812,50591500,1786.80004882812
"2020-08-14",1781.7099609375,1781.84997558594,1746.88000488281,1754.19995117188,65744400,1754.19995117188
"2020-08-17",1755.28002929688,1773.59997558594,1755.28002929688,1773.53002929688,54100700,1773.53002929688
"2020-08-18",1764.47998046875,1780.40002441406,1755.44995117188,1760.08996582031,0,1760.08996582031
"2020-08-19",1760.9599609375,1775.90002441406,1757.93994140625,1775.23999023438,0,1775.23999023438
"2020-08-20",1756.64001464844,1761.51000976562,1743.30004882812,1751.93005371094,0,1751.93005371094
"2020-08-21",1757.69995117188,1765.84997558594,1738.96997070312,1753.13000488281,0,1753.13000488281
"2020-08-24",1765.94995117188,1792.09997558594,1765.94995117188,1788.40002441406,0,1788.40002441406
"2020-08-25",1794.2900390625,1807.19995117188,1786.14001464844,1786.27001953125,0,1786.27001953125
"2020-08-26",1781.30004882812,1798.31005859375,1776.32995605469,1798.31005859375,0,1798.31005859375
"2020-08-27",1803.07995605469,1805.0400390625,1791.91003417969,1793.96997070312,0,1793.96997070312
"2020-08-28",1796.68005371094,1797.52001953125,1770.5,1776.56994628906,0,1776.56994628906
"2020-08-31",1784.25,1793.2900390625,1766.32995605469,1766.32995605469,0,1766.32995605469
"2020-09-01",1778.75,1786.53002929688,1756.51000976562,1769.43994140625,0,1769.43994140625
"2020-09-02",1779.44995117188,1804.5,1777.58996582031,1782.85998535156,0,1782.85998535156
"2020-09-03",1800.82995605469,1815.23999023438,1755.31994628906,1760.60998535156,0,1760.60998535156
"2020-09-04",1759.69995117188,1792.09997558594,1748.56994628906,1761.98999023438,0,1761.98999023438
"2020-09-07",1776.16003417969,1800.91003417969,1773.93994140625,1799.26000976562,60534200,1799.26000976562
"2020-09-08",1800.39001464844,1801.25,1768.43005371094,1782.59997558594,0,1782.59997558594
"2020-09-09",1780.47998046875,1812.81994628906,1779.38000488281,1812.57995605469,0,1812.57995605469
"2020-09-10",1811.48999023438,1813.76000976562,1792.43005371094,1802.84997558594,0,1802.84997558594
"2020-09-11",1800.90002441406,1812,1792.2099609375,1801.4599609375,0,1801.4599609375
"2020-09-14",1810.19995117188,1816.94995117188,1795.5400390625,1802.68994140625,0,1802.68994140625
"2020-09-15",1801.51000976562,1829.36999511719,1801.06005859375,1818.80004882812,0,1818.80004882812
"2020-09-16",1822.08996582031,1839.43994140625,1821.08996582031,1838.26000976562,0,1838.26000976562
"2020-09-17",1820.66003417969,1836.59997558594,1815.40002441406,1833.75,0,1833.75
"2020-09-18",1834,1847.35998535156,1830.98999023438,1835.35998535156,0,1835.35998535156
"2020-09-21",1822.31994628906,1822.31994628906,1769.71997070312,1770.60998535156,0,1770.60998535156
"2020-09-22",1780.07995605469,1793.35998535156,1776.84997558594,1781.92004394531,0,1781.92004394531
"2020-09-23",1791.67004394531,1814.53002929688,1789.69995117188,1795.64001464844,0,1795.64001464844
"2020-09-24",1773.11999511719,1789.05004882812,1767.46997070312,1777.51000976562,0,1777.51000976562
"2020-09-25",1782.18005371094,1789.15002441406,1762.43005371094,1783.86999511719,0,1783.86999511719
"2020-09-28",1810.83996582031,1836.94995117188,1806.77001953125,1834.64001464844,0,1834.64001464844
"2020-09-29",1833.2099609375,1842.30004882812,1827.7900390625,1836.59997558594,0,1836.59997558594
"2020-09-30",1827.93005371094,1841.2900390625,1820.80004882812,1829.40002441406,0,1829.40002441406
"2020-10-01",1836.65002441406,1842,1825.7900390625,1830.0400390625,0,1830.0400390625
"2020-10-02",1816.31994628906,1816.31994628906,1790.68005371094,1813.68994140625,0,1813.68994140625
"2020-10-05",1828.27001953125,1842.21997070312,1828.27001953125,1839.68005371094,0,1839.68005371094
"2020-10-06",1847.88000488281,1855.56994628906,1833.80004882812,1839.15002441406,0,1839.15002441406
"2020-10-07",1836.61999511719,1851.14001464844,1836.41003417969,1839.21997070312,0,1839.21997070312
"2020-10-08",1849.36999511719,1850.81994628906,1833.78002929688,1841.40002441406,0,1841.40002441406
"2020-10-09",1843.93005371094,1848.56005859375,1836.30004882812,1840.06994628906,0,1840.06994628906
"2020-10-12",1844.82995605469,1857.72998046875,1841.26000976562,1855.39001464844,0,1855.39001464844
"2020-10-13",1854.92004394531,1856.18005371094,1832.16003417969,1833.4599609375,0,1833.4599609375
"2020-10-14",1838.38000488281,1849,1833.48999023438,1840.84997558594,0,1840.84997558594
"2020-10-15",1824.27001953125,1825.08996582031,1802.52001953125,1812.94995117188,0,1812.94995117188
"2020-10-16",1829.32995605469,1841.69995117188,1811.81994628906,1835.30004882812,0,1835.30004882812
"2020-10-19",1841.77001953125,1851.43005371094,1833.69995117188,1841.58996582031,0,1841.58996582031
"2020-10-20",1841.40002441406,1854.34997558594,1836.75,1841.58996582031,0,1841.58996582031
"2020-10-21",1848.65002441406,1849.60998535156,1815.58996582031,1820.71997070312,0,1820.71997070312
"2020-10-22",1807.07995605469,1818.30004882812,1791.81005859375,1816.2900390625,0,1816.2900390625
"2020-10-23",1816.98999023438,1830.08996582031,1814.43005371094,1819.93994140625,0,1819.93994140625
"2020-10-26",1797.69995117188,1808.93005371094,1774.93994140625,1775.01000976562,0,1775.01000976562
"2020-10-27",1784.65002441406,1785.31994628906,1757.30004882812,1764.01000976562,0,1764.01000976562
"2020-10-28",1738.30004882812,1744.47998046875,1715.23999023438,1722.66003417969,0,1722.66003417969
"2020-10-29",1718.93994140625,1733.7900390625,1704.80004882812,1716.03002929688,0,1716.03002929688
"2020-10-30",1702.68994140625,1722.77001953125,1702.68994140625,1717.61999511719,0,1717.61999511719
"2020-11-02",1723.25,1752.53002929688,1710.11999511719,1748.42004394531,0,1748.42004394531
"2020-11-03",1762.9599609375,1774.97998046875,1757.56994628906,1772.27001953125,0,1772.27001953125
"2020-11-04",1748.28002929688,1801.02001953125,1740.35998535156,1795.53002929688,0,1795.53002929688
"2020-11-05",1809.18005371094,1823.82995605469,1805.52001953125,1822.2099609375,0,1822.2099609375
"2020-11-06",1818.69995117188,1827.22998046875,1801.67004394531,1819.52001953125,0,1819.52001953125
"2020-11-09",1844.90002441406,1903.18005371094,1843.07995605469,1888.73999023438,0,1888.73999023438
"2020-11-10",1888.14001464844,1893.30004882812,1873.90002441406,1885.5400390625,0,1885.5400390625
"2020-11-11",1883.13000488281,1908.33996582031,1880.30004882812,1902.89001464844,0,1902.89001464844
"2020-11-12",1888.5,1906.78002929688,1886.21997070312,1892.41003417969,0,1892.41003417969
"2020-11-13",1883.68994140625,1901.93994140625,1882.21997070312,1897.30004882812,0,1897.30004882812
"2020-11-16",1907.46997070312,1926.93005371094,1901.78002929688,1918.4599609375,0,1918.4599609375
"2020-11-17",1913.2099609375,1925.31994628906,1911.17004394531,1922.19995117188,0,1922.19995117188
"2020-11-18",1914.64001464844,1928.56994628906,1910.9599609375,1922.53002929688,0,1922.53002929688
"2020-11-19",1907.57995605469,1921.75,1904.86999511719,1915.40002441406,0,1915.40002441406
"2020-11-20",1911.55004882812,1932.98999023438,1909.55004882812,1926.46997070312,0,1926.46997070312
"2020-11-23",1931.9599609375,1940.08996582031,1921.77001953125,1921.77001953125,0,1921.77001953125
"2020-11-24",1934.43005371094,1938.56994628906,1927.25,1938.14001464844,0,1938.14001464844
"2020-11-25",1941.38000488281,1950.81005859375,1927.56994628906,1931.43005371094,0,1931.43005371094
"2020-11-26",1938.28002929688,1940.69995117188,1929.69995117188,1931.96997070312,52568100,1931.96997070312
"2020-11-27",1924.56994628906,1938.7099609375,1923.90002441406,1937.08996582031,0,1937.08996582031
"2020-11-30",1930.56994628906,1935.10998535156,1916.86999511719,1917.5400390625,0,1917.5400390625
"2020-12-01",1923.46997070312,1927.7099609375,1913.06994628906,1924,0,1924
"2020-12-02",1916.35998535156,1925.85998535156,1914.10998535156,1918.98999023438,0,1918.98999023438
"2020-12-03",1918.21997070312,1920.14001464844,1904.09997558594,1912.18005371094,0,1912.18005371094
"2020-12-04",1910.89001464844,1919.31005859375,1908.9599609375,1916.93994140625,0,1916.93994140625
"2020-12-07",1917.81994628906,1920,1902.43994140625,1907.60998535156,0,1907.60998535156
"2020-12-08",1903.5400390625,1925.5,1897.08996582031,1925.5,0,1925.5
"2020-12-09",1931.82995605469,1934.30004882812,1922.96997070312,1926.42004394531,0,1926.42004394531
"2020-12-10",1925.83996582031,1927.28002929688,1894.88000488281,1906.81994628906,0,1906.81994628906
"2020-12-11",1892.18994140625,1896.39001464844,1873.21997070312,1891.21997070312,0,1891.21997070312
"2020-12-14",1900.21997070312,1908.22998046875,1888.07995605469,1890.65002441406,75682300,1890.65002441406
"2020-12-15",1885.7099609375,1899.97998046875,1876.28002929688,1889.83996582031,121123000,1889.83996582031
"2020-12-16",1897.63000488281,1908.01000976562,1880.09997558594,1892.26000976562,0,1892.26000976562
"2020-12-17",1900.23999023438,1902.68005371094,1883.66003417969,1885.18005371094,0,1885.18005371094
"2020-12-18",1881.76000976562,1898.21997070312,1881.06994628906,1886.88000488281,0,1886.88000488281
"2020-12-21",1861.38000488281,1866.93005371094,1834.30004882812,1845.10998535156,0,1845.10998535156
"2020-12-22",1850.21997070312,1864.18994140625,1848.4599609375,1863.28002929688,0,1863.28002929688
"2020-12-23",1865.68994140625,1867.98999023438,1855.89001464844,1867.98999023438,0,1867.98999023438
"2020-12-28",1877.06994628906,1887.46997070312,1868.21997070312,1886.38000488281,0,1886.38000488281
"2020-12-29",1891.06005859375,1902.40002441406,1888.2900390625,1893.06005859375,0,1893.06005859375
"2020-12-30",1891.31005859375,1894.68994140625,1874.73999023438,1874.73999023438,0,1874.73999023438
"2021-01-04",1887.81994628906,1911.19995117188,1887.81994628906,1895.48999023438,0,1895.48999023438
"2021-01-05",1885.43005371094,1908.06994628906,1885.32995605469,1892.34997558594,0,1892.34997558594
"2021-01-07",1931.83996582031,1941.01000976562,1925.03002929688,1939.48999023438,0,1939.48999023438
"2021-01-08",1951.17004394531,1955.23999023438,1943.06994628906,1949.36999511719,0,1949.36999511719
"2021-01-11",1948.03002929688,1955.91003417969,1939.06994628906,1941.48999023438,0,1941.48999023438
"2021-01-12",1945.35998535156,1960.58996582031,1945.02001953125,1958.61999511719,0,1958.61999511719
"2021-01-13",1957.90002441406,1965.67004394531,1951.88000488281,1962.26000976562,0,1962.26000976562
"2021-01-14",1964.23999023438,1974.7900390625,1963.80004882812,1972.21997070312,0,1972.21997070312
"2021-01-15",1969.73999023438,1973.59997558594,1945.83996582031,1954.7099609375,0,1954.7099609375
"2021-01-18",1952.14001464844,1964.14001464844,1951.68005371094,1962.43005371094,49810000,1962.43005371094
"2021-01-19",1975.81005859375,1978.63000488281,1956.32995605469,1957.84997558594,75197700,1957.84997558594
"2021-01-20",1967.43005371094,1985.75,1967.06005859375,1978.36999511719,0,1978.36999511719
"2021-01-21",1992.4599609375,1996.43994140625,1980.2900390625,1987.26000976562,0,1987.26000976562
"2021-01-22",1981.39001464844,1987.03002929688,1974.47998046875,1986.23999023438,0,1986.23999023438
"2021-01-25",1994.41003417969,2000.13000488281,1970.81994628906,1975.06005859375,0,1975.06005859375
"2021-01-26",1977.35998535156,1998.41003417969,1974.80004882812,1991.66003417969,0,1991.66003417969
"2021-01-27",1995.2099609375,1996.72998046875,1958.65002441406,1976.19995117188,0,1976.19995117188
"2021-01-28",1965.66003417969,1979.06994628906,1932.47998046875,1971.40002441406,0,1971.40002441406
"2021-01-29",1958.26000976562,1978.65002441406,1948.19995117188,1948.7900390625,0,1948.7900390625
"2021-02-01",1960.5400390625,1978.15002441406,1954.31994628906,1977.81005859375,0,1977.81005859375
"2021-02-02",1985.93005371094,1993.86999511719,1979.59997558594,1988.48999023438,92650100,1988.48999023438
"2021-02-03",2005.06005859375,2005.75,1988.67004394531,1997.65002441406,89742700,1997.65002441406
"2021-02-04",2002.81994628906,2007.39001464844,1995.90002441406,2006.32995605469,0,2006.32995605469
"2021-02-05",2008.21997070312,2008.21997070312,1985.94995117188,1989.33996582031,0,1989.33996582031
"2021-02-08",2000.7900390625,2006.68005371094,1996.2900390625,2002.52001953125,0,2002.52001953125
"2021-02-09",2005.26000976562,2005.26000976562,1992.17004394531,1999.18994140625,0,1999.18994140625
"2021-02-10",2000.97998046875,2009.93994140625,1985.73999023438,1998.06005859375,0,1998.06005859375
"2021-02-11",2003.68005371094,2010.06994628906,1996.94995117188,2010.06994628906,0,2010.06994628906
"2021-02-12",2006.26000976562,2025.86999511719,2004.43994140625,2024.71997070312,0,2024.71997070312
"2021-02-15",NA,NA,NA,NA,NA,NA
"2021-02-16",2038.18005371094,2043.96997070312,2033.76000976562,2038.06994628906,0,2038.06994628906
"2021-02-17",2031.43994140625,2035.17004394531,2011.96997070312,2017.26000976562,0,2017.26000976562
"2021-02-18",2015.34997558594,2025.08996582031,2007.47998046875,2015.81005859375,0,2015.81005859375
"2021-02-19",2019.2099609375,2036.96997070312,2017.55004882812,2036.96997070312,0,2036.96997070312
"2021-02-22",2028.27001953125,2034.23999023438,2016.7900390625,2031.0400390625,0,2031.0400390625
"2021-02-23",2034.06005859375,2036.85998535156,1993.28002929688,2016.82995605469,0,2016.82995605469
"2021-02-24",2013.68005371094,2039.39001464844,2011.88000488281,2037.25,112422200,2037.25
"2021-02-25",2048.40991210938,2053.5400390625,2035.9599609375,2038.93005371094,84433800,2038.93005371094
"2021-02-26",2009.94995117188,2030.11999511719,2000.61999511719,2009.90002441406,0,2009.90002441406
"2021-03-01",2029.73999023438,2054.77001953125,2029.73999023438,2054.669921875,0,2054.669921875
"2021-03-02",2054.55004882812,2074.84008789062,2049.9599609375,2067.10009765625,0,2067.10009765625
"2021-03-03",2076.48999023438,2082.14990234375,2057.15991210938,2073.78002929688,0,2073.78002929688
"2021-03-04",2064.68994140625,2074.30004882812,2054.69995117188,2065.14990234375,0,2065.14990234375
"2021-03-05",2053.89990234375,2068.61010742188,2042.23999023438,2048.57006835938,0,2048.57006835938
"2021-03-08",2062.34008789062,2106.42993164062,2056.669921875,2103.10009765625,0,2103.10009765625
"2021-03-09",2102.59008789062,2125.11010742188,2098.6298828125,2124.85009765625,0,2124.85009765625
"2021-03-10",2120.38989257812,2138.06005859375,2113.5,2134.4599609375,0,2134.4599609375
"2021-03-11",2142.42993164062,2167.10009765625,2140.14990234375,2165.65991210938,0,2165.65991210938
"2021-03-12",2158.080078125,2168.9599609375,2152.3798828125,2168.9599609375,0,2168.9599609375
"2021-03-15",2175.53002929688,2188.03002929688,2158.69995117188,2161.830078125,0,2161.830078125
"2021-03-16",2174.05004882812,2184.4599609375,2172.32006835938,2180.13989257812,0,2180.13989257812
"2021-03-17",2176.21997070312,2179.84008789062,2166.81005859375,2172.86010742188,0,2172.86010742188
"2021-03-18",2179.40991210938,2187.32006835938,2170.01000976562,2179.98999023438,0,2179.98999023438
"2021-03-19",2166.02001953125,2181.6201171875,2158.71997070312,2169.17993164062,0,2169.17993164062
"2021-03-22",2160.9599609375,2178.75,2150.98999023438,2174.6298828125,0,2174.6298828125
"2021-03-23",2172.580078125,2174.67993164062,2150.51000976562,2168.1201171875,0,2168.1201171875
"2021-03-24",2154.1201171875,2185.67993164062,2153.36010742188,2184.60009765625,0,2184.60009765625
"2021-03-25",2172.919921875,2184.21997070312,2152.5,2173.23999023438,0,2173.23999023438
"2021-03-26",2178.919921875,2198.80004882812,2177.23999023438,2198.80004882812,0,2198.80004882812
"2021-03-29",2197.53002929688,2200.39990234375,2180.2900390625,2182.2099609375,0,2182.2099609375
"2021-03-30",2187.2099609375,2205.47998046875,2185.330078125,2205.40991210938,0,2205.40991210938
"2021-03-31",2195.73999023438,2201.4599609375,2188.72998046875,2192.86010742188,0,2192.86010742188
"2021-04-01",2195.22998046875,2207.67993164062,2190.0400390625,2202.61010742188,37434000,2202.61010742188
"2021-04-06",2224.63989257812,2230.27001953125,2216.57006835938,2230.25,0,2230.25
"2021-04-07",2230.97998046875,2232.81005859375,2221.31005859375,2229.56005859375,0,2229.56005859375
"2021-04-08",2237.18994140625,2247.65991210938,2236.13989257812,2240.39990234375,0,2240.39990234375
"2021-04-09",2243.17993164062,2250.39990234375,2236.81005859375,2250.39990234375,0,2250.39990234375
"2021-04-12",2246.42993164062,2246.42993164062,2231.6201171875,2233.19995117188,0,2233.19995117188
"2021-04-13",2234.64990234375,2250.25,2231.05004882812,2247.2099609375,0,2247.2099609375
"2021-04-14",2245.81005859375,2246.0400390625,2223.52001953125,2228.15991210938,0,2228.15991210938
"2021-04-15",2232.3798828125,2246.0400390625,2232.23999023438,2242.97998046875,0,2242.97998046875
"2021-04-16",2241.1298828125,2280.5,2238.14990234375,2280.5,0,2280.5
"2021-04-19",2280.5,2284.84008789062,2256.34008789062,2257.60009765625,0,2257.60009765625
"2021-04-20",2253.51000976562,2261.53002929688,2197.4599609375,2204.81005859375,0,2204.81005859375
"2021-04-21",2214.59008789062,2229.65991210938,2210.669921875,2228.2900390625,0,2228.2900390625
"2021-04-22",2241.35009765625,2241.35009765625,2222.419921875,2232.419921875,0,2232.419921875
"2021-04-23",2222.47998046875,2241.03002929688,2220.71997070312,2240.94995117188,0,2240.94995117188
"2021-04-26",2246.42993164062,2247.67993164062,2234.580078125,2244.36010742188,0,2244.36010742188
"2021-04-27",2248.10009765625,2262.84008789062,2237.56005859375,2262.84008789062,0,2262.84008789062
"2021-04-28",2266.21997070312,2266.21997070312,2223.169921875,2239.25,0,2239.25
"2021-04-29",2250.18994140625,2257.40991210938,2230.830078125,2232.84008789062,0,2232.84008789062
"2021-04-30",2238.97998046875,2243.1201171875,2217.02001953125,2217.02001953125,0,2217.02001953125
"2021-05-03",2225.01000976562,2238.40991210938,2211.72998046875,2231.59008789062,68430200,2231.59008789062
"2021-05-04",2236.6201171875,2239.68994140625,2191.47998046875,2194.580078125,88416700,2194.580078125
"2021-05-05",2214.71997070312,2255.53002929688,2213.71997070312,2255.48999023438,0,2255.48999023438
"2021-05-06",2251.27001953125,2256.80004882812,2227.35009765625,2246.61010742188,0,2246.61010742188
"2021-05-07",2266.22998046875,2269.43994140625,2247.43994140625,2260.1298828125,0,2260.1298828125
"2021-05-10",2266.89990234375,2268.42993164062,2248.06005859375,2265.01000976562,0,2265.01000976562
"2021-05-11",2246.2099609375,2249.6298828125,2188.51000976562,2193.76000976562,0,2193.76000976562
"2021-05-12",2191.6201171875,2215.68994140625,2191.43994140625,2205.80004882812,0,2205.80004882812
"2021-05-14",2227.60009765625,2248.72998046875,2212.36010742188,2247.8798828125,0,2247.8798828125
"2021-05-17",2245.44995117188,2253.59008789062,2220.09008789062,2230.39990234375,0,2230.39990234375
"2021-05-18",2245.919921875,2254.30004882812,2239.68994140625,2249.67993164062,0,2249.67993164062
"2021-05-19",2224.1298828125,2226.65991210938,2189.47998046875,2201.51000976562,0,2201.51000976562
"2021-05-20",2214.76000976562,2241.169921875,2204.46997070312,2240.28002929688,78201000,2240.28002929688
"2021-05-21",2249.330078125,2249.4599609375,2226.88989257812,2240.84008789062,0,2240.84008789062
"2021-05-24",2243,2248.47998046875,2235.77001953125,2245.0400390625,0,2245.0400390625
"2021-05-25",2248.30004882812,2254.419921875,2241.38989257812,2243.169921875,0,2243.169921875
"2021-05-26",2245.330078125,2252.57006835938,2220.64990234375,2227.07006835938,0,2227.07006835938
"2021-05-27",2225.09008789062,2251.52001953125,2221.38989257812,2244.4599609375,0,2244.4599609375
"2021-05-28",2249.57006835938,2258.92993164062,2240.88989257812,2255.44995117188,0,2255.44995117188
"2021-05-31",2254.82006835938,2259.63989257812,2241.8701171875,2241.8701171875,0,2241.8701171875
"2021-06-01",2253.0400390625,2274.98999023438,2250.76000976562,2264.53002929688,78247700,2264.53002929688
"2021-06-02",2267.419921875,2275.75,2259.43994140625,2268.80004882812,0,2268.80004882812
"2021-06-03",2269.8798828125,2274.02001953125,2248.67993164062,2273.35009765625,0,2273.35009765625
"2021-06-04",2272.17993164062,2286.85009765625,2262.43994140625,2271.42993164062,0,2271.42993164062
"2021-06-07",2271.23999023438,2280.01000976562,2265.69995117188,2267.7099609375,0,2267.7099609375
"2021-06-08",2264.22998046875,2281.57006835938,2261.60009765625,2274.8798828125,0,2274.8798828125
"2021-06-09",2276.419921875,2278.25,2264.84008789062,2272.2900390625,0,2272.2900390625
"2021-06-10",2273.25,2273.25,2260.52001953125,2267.919921875,0,2267.919921875
"2021-06-11",2269.330078125,2281.39990234375,2263.330078125,2278.60009765625,0,2278.60009765625
"2021-06-14",2286.21997070312,2300.3798828125,2274.64990234375,2284.63989257812,0,2284.63989257812
"2021-06-15",2294.8701171875,2298.11010742188,2278.14990234375,2280.07006835938,0,2280.07006835938
"2021-06-16",2283.02001953125,2293.28002929688,2273.7900390625,2286.40991210938,0,2286.40991210938
"2021-06-17",2275.60009765625,2283.98999023438,2269.55004882812,2272.81005859375,0,2272.81005859375
"2021-06-18",2267.6201171875,2285.85009765625,2245.19995117188,2248.02001953125,0,2248.02001953125
"2021-06-21",2233.71997070312,2270.07006835938,2227.25,2265.8701171875,0,2265.8701171875
"2021-06-22",2272.2099609375,2274.09008789062,2253.63989257812,2268,0,2268
"2021-06-23",2272.1201171875,2275.1298828125,2242.23999023438,2242.23999023438,0,2242.23999023438
"2021-06-24",2246.22998046875,2271.5400390625,2245.21997070312,2270.93994140625,0,2270.93994140625
"2021-06-28",2275.6298828125,2276.97998046875,2254.02001953125,2256.34008789062,0,2256.34008789062
"2021-06-29",2256.78002929688,2282.330078125,2256.31005859375,2279.76000976562,0,2279.76000976562
"2021-06-30",2280.05004882812,2285.85009765625,2249.02001953125,2263.1298828125,0,2263.1298828125
"2021-07-01",2273.39990234375,2279.48999023438,2254.419921875,2273.88989257812,69867300,2273.88989257812
"2021-07-02",2280.7099609375,2299.01000976562,2279.8701171875,2288.92993164062,61634100,2288.92993164062
"2021-07-05",2286.5400390625,2299.32006835938,2271.93994140625,2299.07006835938,68430300,2299.07006835938
"2021-07-06",2300.36010742188,2312.77001953125,2285.0400390625,2288.69995117188,56722200,2288.69995117188
"2021-07-07",2299.72998046875,2326.07006835938,2299.72998046875,2326.07006835938,0,2326.07006835938
"2021-07-08",2317.56005859375,2321.22998046875,2279.1201171875,2289.93994140625,0,2289.93994140625
"2021-07-09",2301.93994140625,2321.35009765625,2299.02001953125,2319.53002929688,0,2319.53002929688
"2021-07-12",2320.8798828125,2338.10009765625,2313.2099609375,2337.72998046875,0,2337.72998046875
"2021-07-13",2339.90991210938,2353.30004882812,2333.68994140625,2349.18994140625,0,2349.18994140625
"2021-07-14",2344.40991210938,2358.67993164062,2338.419921875,2356.34008789062,0,2356.34008789062
"2021-07-15",2354.17993164062,2364.98999023438,2337.81005859375,2344.48999023438,0,2344.48999023438
"2021-07-16",2348.64990234375,2355.06005859375,2332.1201171875,2338.80004882812,0,2338.80004882812
"2021-07-19",2330.47998046875,2330.47998046875,2280.5400390625,2287.4599609375,0,2287.4599609375
"2021-07-20",2298.1298828125,2310.19995117188,2281.92993164062,2303.5400390625,0,2303.5400390625
"2021-07-21",2317.23999023438,2338.72998046875,2316.78002929688,2334.3701171875,0,2334.3701171875
"2021-07-22",2346.9599609375,2357.13989257812,2341.02001953125,2352.35009765625,0,2352.35009765625
"2021-07-23",2363.44995117188,2384.80004882812,2357.84008789062,2384.68994140625,0,2384.68994140625
"2021-07-26",2377.81005859375,2392.76000976562,2375.11010742188,2387.65991210938,0,2387.65991210938
"2021-07-27",2378.21997070312,2385.71997070312,2366.98999023438,2375.96997070312,0,2375.96997070312
"2021-07-28",2378.78002929688,2384.77001953125,2373.6201171875,2381.88989257812,0,2381.88989257812
"2021-07-29",2391.080078125,2392.4599609375,2379.77001953125,2384.18994140625,0,2384.18994140625
"2021-07-30",2369.3798828125,2373.98999023438,2353.13989257812,2369.88989257812,0,2369.88989257812
"2021-08-02",2382.48999023438,2392.68994140625,2374.7099609375,2381.65991210938,0,2381.65991210938
"2021-08-03",2382.3701171875,2383.75,2370.64990234375,2380.13989257812,0,2380.13989257812
"2021-08-04",2388.23999023438,2397.2900390625,2382.30004882812,2393.10009765625,0,2393.10009765625
"2021-08-05",2391.02001953125,2403.669921875,2390.38989257812,2393.67993164062,0,2393.67993164062
"2021-08-06",2395.19995117188,2396.40991210938,2379.67993164062,2380.4599609375,0,2380.4599609375
"2021-08-09",2375.80004882812,2385.69995117188,2367.51000976562,2384.76000976562,0,2384.76000976562
"2021-08-10",2385.919921875,2395.28002929688,2385.76000976562,2393.73999023438,0,2393.73999023438
"2021-08-11",2397.17993164062,2404.36010742188,2388.30004882812,2401.48999023438,0,2401.48999023438
"2021-08-12",2400.94995117188,2406.31005859375,2395.46997070312,2405.53002929688,0,2405.53002929688
"2021-08-13",2405.96997070312,2412.6201171875,2403.80004882812,2407.0400390625,0,2407.0400390625
"2021-08-16",2396.98999023438,2397.080078125,2368.65991210938,2373.55004882812,0,2373.55004882812
"2021-08-17",2367.26000976562,2386.31005859375,2363.11010742188,2383.44995117188,0,2383.44995117188
"2021-08-18",2385.580078125,2393.63989257812,2367.97998046875,2371.3701171875,0,2371.3701171875
"2021-08-19",2341.67993164062,2350.44995117188,2314.080078125,2330.30004882812,0,2330.30004882812
"2021-08-20",2330.30004882812,2364.81005859375,2319.53002929688,2360.5,0,2360.5
"2021-08-23",2377.73999023438,2379.57006835938,2356.28002929688,2371.55004882812,0,2371.55004882812
"2021-08-24",2378.59008789062,2381.17993164062,2358.580078125,2367.05004882812,0,2367.05004882812
"2021-08-25",2363.07006835938,2376.61010742188,2362.330078125,2376.15991210938,0,2376.15991210938
"2021-08-26",2364.22998046875,2374.669921875,2361.89990234375,2371.69995117188,0,2371.69995117188
"2021-08-27",2369.169921875,2376.03002929688,2364.35009765625,2373.13989257812,0,2373.13989257812
"2021-08-30",2377.03002929688,2380.7900390625,2366.61010742188,2372.81005859375,0,2372.81005859375
"2021-08-31",2377.09008789062,2379.830078125,2347.61010742188,2351.25,0,2351.25
"2021-09-01",2369.51000976562,2375.2900390625,2356.98999023438,2368.669921875,0,2368.669921875
"2021-09-02",2369.65991210938,2390.18994140625,2369.65991210938,2388.39990234375,0,2388.39990234375
"2021-09-03",2388.47998046875,2392.96997070312,2369.72998046875,2369.72998046875,0,2369.72998046875
"2021-09-06",2379.59008789062,2398.14990234375,2377.57006835938,2394.26000976562,44474800,2394.26000976562
"2021-09-07",2391.56005859375,2394.18994140625,2369.80004882812,2377.93994140625,0,2377.93994140625
"2021-09-08",2361.19995117188,2362.8798828125,2341.36010742188,2347.15991210938,0,2347.15991210938
"2021-09-09",2329.419921875,2367.7099609375,2327.57006835938,2353.38989257812,0,2353.38989257812
"2021-09-10",2355.580078125,2364.30004882812,2347.51000976562,2349.669921875,0,2349.669921875
"2021-09-13",2355.10009765625,2358.22998046875,2335.22998046875,2335.34008789062,0,2335.34008789062
"2021-09-14",2338.18994140625,2342.71997070312,2326.669921875,2341.77001953125,0,2341.77001953125
"2021-09-15",2338.17993164062,2342.86010742188,2318.6298828125,2324.75,0,2324.75
"2021-09-16",2332.75,2354.48999023438,2328.6298828125,2344.03002929688,0,2344.03002929688
"2021-09-17",2358.6298828125,2361.03002929688,2321.46997070312,2323.55004882812,0,2323.55004882812
"2021-09-20",2296.53002929688,2299.81005859375,2257.32006835938,2272.4599609375,0,2272.4599609375
"2021-09-21",2273.6201171875,2294.44995117188,2273.43994140625,2274.8798828125,0,2274.8798828125
"2021-09-22",2294.7900390625,2302.82006835938,2284.5,2299.14990234375,0,2299.14990234375
"2021-09-23",2320.11010742188,2340.10009765625,2316.98999023438,2338,0,2338
"2021-09-24",2332.3798828125,2332.3798828125,2309.11010742188,2313.27001953125,0,2313.27001953125
"2021-09-27",2329.71997070312,2333.64990234375,2300.580078125,2304.01000976562,0,2304.01000976562
"2021-09-28",2297.57006835938,2299.84008789062,2253.65991210938,2254.02001953125,0,2254.02001953125
"2021-09-29",2264.73999023438,2275.31005859375,2250.18994140625,2255.55004882812,73173900,2255.55004882812
"2021-09-30",2270.64990234375,2278.18994140625,2249.4599609375,2259.17993164062,0,2259.17993164062
"2021-10-01",2224.39990234375,2256.59008789062,2218.19995117188,2254.17993164062,0,2254.17993164062
"2021-10-04",2241.5400390625,2254.3798828125,2228.52001953125,2233.30004882812,0,2233.30004882812
"2021-10-05",2231.75,2254.84008789062,2223.65991210938,2254.84008789062,0,2254.84008789062
"2021-10-06",2239.68994140625,2239.830078125,2203.580078125,2221.06005859375,0,2221.06005859375
"2021-10-07",2245.39990234375,2260.47998046875,2237.77001953125,2257.73999023438,0,2257.73999023438
"2021-10-08",2257.6201171875,2259.2900390625,2234.71997070312,2240.21997070312,0,2240.21997070312
"2021-10-11",2232.5,2234.73999023438,2215.36010742188,2233.52001953125,0,2233.52001953125
"2021-10-12",2210.15991210938,2252.39990234375,2204.6201171875,2251.01000976562,0,2251.01000976562
"2021-10-13",2246.9599609375,2280.97998046875,2235.669921875,2276.94995117188,0,2276.94995117188
"2021-10-14",2289.63989257812,2298.10009765625,2282.01000976562,2296.77001953125,0,2296.77001953125
"2021-10-15",2305.9599609375,2318.7900390625,2298.75,2314.97998046875,0,2314.97998046875
"2021-10-18",2309.97998046875,2326.43994140625,2303.14990234375,2311.69995117188,0,2311.69995117188
"2021-10-19",2319.34008789062,2329.63989257812,2314.14990234375,2326.65991210938,0,2326.65991210938
"2021-10-20",2318.73999023438,2326.73999023438,2304.34008789062,2326.25,0,2326.25
"2021-10-21",2311.56005859375,2328.07006835938,2307.5400390625,2325.14990234375,0,2325.14990234375
"2021-10-22",2327.07006835938,2352.0400390625,2316.15991210938,2348.84008789062,0,2348.84008789062
"2021-10-25",2352.98999023438,2353.6298828125,2326.71997070312,2330.1298828125,0,2330.1298828125
"2021-10-26",2326.9599609375,2352.23999023438,2324.55004882812,2344.19995117188,0,2344.19995117188
"2021-10-27",2334.080078125,2339.78002929688,2320.90991210938,2323.169921875,0,2323.169921875
"2021-10-28",2310.63989257812,2316.02001953125,2301.61010742188,2313.23999023438,0,2313.23999023438
"2021-10-29",2297.43994140625,2303.10009765625,2275.36010742188,2290.85009765625,0,2290.85009765625
"2021-11-01",2301.01000976562,2310.61010742188,2295.77001953125,2302.26000976562,0,2302.26000976562
"2021-11-02",2300.57006835938,2303.90991210938,2288.36010742188,2302.669921875,0,2302.669921875
"2021-11-03",2300.3701171875,2317.669921875,2295.3701171875,2317.669921875,0,2317.669921875
"2021-11-04",2330.56005859375,2331.919921875,2320.40991210938,2330.07006835938,0,2330.07006835938
"2021-11-05",2326.22998046875,2333.63989257812,2322.56005859375,2324.89990234375,0,2324.89990234375
"2021-11-08",2320.72998046875,2337.22998046875,2319.60009765625,2331.85009765625,0,2331.85009765625
"2021-11-09",2326.86010742188,2338.94995117188,2321.5400390625,2327.1201171875,0,2327.1201171875
"2021-11-10",2324.46997070312,2333.169921875,2316.63989257812,2331.419921875,0,2331.419921875
"2021-11-11",2331.09008789062,2351.03002929688,2328.57006835938,2346.4599609375,0,2346.4599609375
"2021-11-12",2347.52001953125,2366.4599609375,2345.25,2365.44995117188,0,2365.44995117188
"2021-11-15",2360.3798828125,2374.7099609375,2358.1298828125,2374.46997070312,0,2374.46997070312
"2021-11-16",2379.27001953125,2390.34008789062,2368.96997070312,2385.6298828125,0,2385.6298828125
"2021-11-17",2376.78002929688,2384.10009765625,2364.88989257812,2384.10009765625,0,2384.10009765625
"2021-11-18",2383.23999023438,2387.13989257812,2366.830078125,2373.0400390625,0,2373.0400390625
"2021-11-19",2379.6298828125,2389.11010742188,2356.39990234375,2373.919921875,0,2373.919921875
"2021-11-22",2378.94995117188,2384.42993164062,2368.57006835938,2368.57006835938,0,2368.57006835938
"2021-11-23",2352.17993164062,2357.61010742188,2331.71997070312,2334.31005859375,0,2334.31005859375
"2021-11-24",2339.78002929688,2352.64990234375,2324.4599609375,2336.5,0,2336.5
"2021-11-25",2342.3701171875,2348.4599609375,2326.97998046875,2335.59008789062,63983100,2335.59008789062
"2021-11-26",2266.6298828125,2279.65991210938,2241.64990234375,2242.17993164062,0,2242.17993164062
"2021-11-29",2262.56005859375,2286.2099609375,2255.36010742188,2272.27001953125,0,2272.27001953125
"2021-11-30",2245.2099609375,2273.98999023438,2229.5,2241.65991210938,0,2241.65991210938
"2021-12-01",2261.53002929688,2292.8798828125,2252.0400390625,2290.71997070312,0,2290.71997070312
"2021-12-02",2261.47998046875,2276.1298828125,2243.669921875,2263.19995117188,0,2263.19995117188
"2021-12-03",2278.919921875,2283.669921875,2238.2900390625,2240.830078125,0,2240.830078125
"2021-12-06",2260.31005859375,2288.65991210938,2247.7900390625,2285.53002929688,0,2285.53002929688
"2021-12-07",2305.7099609375,2338.67993164062,2304.5,2334.85009765625,0,2334.85009765625
"2021-12-08",2332.68994140625,2352.67993164062,2321.14990234375,2326.55004882812,0,2326.55004882812
"2021-12-09",2338.919921875,2340.71997070312,2317.44995117188,2323.88989257812,0,2323.88989257812
"2021-12-10",2312.11010742188,2328.71997070312,2308.43994140625,2315.72998046875,0,2315.72998046875
"2021-12-13",2322.11010742188,2342.51000976562,2309.44995117188,2310.35009765625,0,2310.35009765625
"2021-12-14",2319.8798828125,2329.73999023438,2283.19995117188,2286.3701171875,0,2286.3701171875
"2021-12-15",2289.55004882812,2302.02001953125,2280.77001953125,2293.4599609375,0,2293.4599609375
"2021-12-16",2330.77001953125,2333.18994140625,2304.52001953125,2311.03002929688,0,2311.03002929688
"2021-12-17",2304.64990234375,2309.61010742188,2286.6298828125,2305.919921875,0,2305.919921875
"2021-12-20",2260.59008789062,2291.26000976562,2257.7900390625,2285.71997070312,0,2285.71997070312
"2021-12-21",2305.1298828125,2319.52001953125,2302.51000976562,2319.52001953125,0,2319.52001953125
"2021-12-22",2322.5400390625,2334.81005859375,2312.47998046875,2334.81005859375,0,2334.81005859375
"2021-12-23",2346.32006835938,2385.65991210938,2345.96997070312,2385.6298828125,0,2385.6298828125
"2021-12-27",2381.15991210938,2410.39990234375,2377.76000976562,2406.61010742188,0,2406.61010742188
"2021-12-28",2407.919921875,2422.43994140625,2406.25,2420.46997070312,0,2420.46997070312
"2021-12-29",2421.55004882812,2424.06005859375,2410.76000976562,2418.89990234375,0,2418.89990234375
"2021-12-30",2417.69995117188,2425.19995117188,2415.15991210938,2419.72998046875,0,2419.72998046875
"2022-01-03",2424.0400390625,2450.67993164062,2424.0400390625,2444.18994140625,0,2444.18994140625
"2022-01-04",2456.10009765625,2466.92993164062,2450.6298828125,2456.169921875,0,2456.169921875
"2022-01-05",2459.47998046875,2460.7099609375,2442.81005859375,2442.81005859375,0,2442.81005859375
"2022-01-07",2415.47998046875,2420.35009765625,2391.69995117188,2400.94995117188,0,2400.94995117188
"2022-01-10",2413.52001953125,2415.90991210938,2346.57006835938,2352.72998046875,0,2352.72998046875
"2022-01-11",2371.14990234375,2387.1298828125,2365.11010742188,2379.18994140625,0,2379.18994140625
"2022-01-12",2398.97998046875,2405,2374.59008789062,2399.17993164062,0,2399.17993164062
"2022-01-13",2396.42993164062,2405.23999023438,2386.56005859375,2397.9599609375,0,2397.9599609375
"2022-01-14",2376.1201171875,2383.5,2356,2358.2900390625,0,2358.2900390625
"2022-01-17",2366.72998046875,2372.93994140625,2353.4599609375,2363.1201171875,49725900,2363.1201171875
"2022-01-18",2351.5,2351.5,2309.86010742188,2322.80004882812,0,2322.80004882812
"2022-01-19",2308.14990234375,2355.27001953125,2306.97998046875,2332.9599609375,0,2332.9599609375
"2022-01-20",2343.42993164062,2359.6298828125,2325.3798828125,2354.51000976562,0,2354.51000976562
"2022-01-21",2328.11010742188,2331.669921875,2296.10009765625,2314.06005859375,81481600,2314.06005859375
"2022-01-24",2296.64990234375,2302.23999023438,2211.42993164062,2223.98999023438,111640800,2223.98999023438
"2022-01-25",2250.57006835938,2262.94995117188,2225.72998046875,2239.71997070312,0,2239.71997070312
"2022-01-26",2259.59008789062,2297.89990234375,2257.0400390625,2286.11010742188,0,2286.11010742188
"2022-01-27",2245.48999023438,2290.02001953125,2242.21997070312,2270.1201171875,0,2270.1201171875
"2022-01-28",2267.6201171875,2271.8701171875,2232.1201171875,2266.82006835938,0,2266.82006835938
"2022-01-31",2295.76000976562,2302.15991210938,2281.30004882812,2290.15991210938,0,2290.15991210938
"2022-02-01",2309.17993164062,2321.63989257812,2304.10009765625,2313.19995117188,0,2313.19995117188
"2022-02-02",2327.75,2331.90991210938,2317.64990234375,2324.47998046875,0,2324.47998046875
"2022-02-03",2323.0400390625,2323.1201171875,2275.97998046875,2277.669921875,99874300,2277.669921875
"2022-02-04",2295.05004882812,2300.25,2250.13989257812,2254.30004882812,0,2254.30004882812
"2022-02-07",2269.93994140625,2282.05004882812,2252.1201171875,2278.63989257812,0,2278.63989257812
"2022-02-08",2274.9599609375,2291.32006835938,2262.4599609375,2274.39990234375,0,2274.39990234375
"2022-02-09",2284.8798828125,2320.4599609375,2283.63989257812,2313.13989257812,0,2313.13989257812
"2022-02-10",2320.81005859375,2324.669921875,2299.64990234375,2314.26000976562,0,2314.26000976562
"2022-02-11",2291.97998046875,2304.40991210938,2284.330078125,2293.77001953125,0,2293.77001953125
"2022-02-14",2240.1298828125,2247.55004882812,2210.580078125,2240.96997070312,0,2240.96997070312
"2022-02-15",2236.85009765625,2285.8701171875,2234,2282.06005859375,0,2282.06005859375
"2022-02-16",2289.5400390625,2290.94995117188,2256.76000976562,2263.40991210938,113366300,2263.40991210938
"2022-02-17",2267.78002929688,2272.57006835938,2224.25,2229.14990234375,0,2229.14990234375
"2022-02-18",2225.6201171875,2231.169921875,2190.1298828125,2197.71997070312,0,2197.71997070312
"2022-02-21",2210.44995117188,2212.6298828125,2140.6201171875,2159.30004882812,84864500,2159.30004882812
"2022-02-22",2109.26000976562,2175.98999023438,2108.68994140625,2157.919921875,0,2157.919921875
"2022-02-23",2163.03002929688,2181.5400390625,2139.67993164062,2142.03002929688,72651000,2142.03002929688
"2022-02-24",2057.11010742188,2094.76000976562,2038.30004882812,2078.06005859375,0,2078.06005859375
"2022-02-25",2100.7900390625,2143.919921875,2074.73999023438,2141.52001953125,0,2141.52001953125
"2022-02-28",2094.39990234375,2135.21997070312,2083.61010742188,2134.07006835938,0,2134.07006835938
"2022-03-01",2122.3798828125,2135.07006835938,2084.92993164062,2084.92993164062,0,2084.92993164062
"2022-03-02",2066.27001953125,2107.06005859375,2041.23999023438,2096.53002929688,0,2096.53002929688
"2022-03-03",2084.97998046875,2100.2099609375,2044.21997070312,2048.51000976562,0,2048.51000976562
"2022-03-04",2023.10998535156,2039.32995605469,1982.43005371094,1985.5400390625,0,1985.5400390625
"2022-03-07",1924.06005859375,2014.25,1902.21997070312,1980.34997558594,169900800,1980.34997558594
"2022-03-08",1945.51000976562,2019.91003417969,1945.51000976562,1972.0400390625,0,1972.0400390625
"2022-03-09",2023.64001464844,2041.93005371094,2000.43005371094,2041.61999511719,0,2041.61999511719
"2022-03-10",2056.86010742188,2059.89990234375,2018.18994140625,2038.92004394531,0,2038.92004394531
"2022-03-11",2047.61999511719,2098.19995117188,2043.76000976562,2070.80004882812,0,2070.80004882812
"2022-03-14",2084.3798828125,2115.07006835938,2077.13989257812,2096.43994140625,99035300,2096.43994140625
"2022-03-15",2076.27001953125,2094.669921875,2044.98999023438,2085.080078125,103668400,2085.080078125
"2022-03-16",2128.30004882812,2172.44995117188,2121.44995117188,2167.14990234375,131073000,2167.14990234375
"2022-03-17",2177.82006835938,2186.82006835938,2144.68994140625,2159,100928100,2159
"2022-03-18",2167.51000976562,2178.82006835938,2148.61010742188,2178.82006835938,127218300,2178.82006835938
"2022-03-21",2177.63989257812,2188.21997070312,2166.48999023438,2181.05004882812,71124200,2181.05004882812
"2022-03-22",2182.78002929688,2193.8798828125,2169.21997070312,2182.78002929688,75219600,2182.78002929688
"2022-03-23",2189.82006835938,2190.65991210938,2140.72998046875,2155.63989257812,0,2155.63989257812
"2022-03-24",2158.09008789062,2158.65991210938,2127.53002929688,2134.15991210938,0,2134.15991210938
"2022-03-25",2125.6201171875,2135.17993164062,2100.19995117188,2106.52001953125,75903300,2106.52001953125
"2022-03-28",2115.080078125,2139.01000976562,2113.830078125,2124.92993164062,0,2124.92993164062
"2022-03-29",2144.67993164062,2175.169921875,2134.84008789062,2154.3798828125,104796700,2154.3798828125
"2022-03-30",2147.3798828125,2148.3798828125,2107.67993164062,2130.30004882812,0,2130.30004882812
"2022-03-31",2139.59008789062,2140.75,2092.78002929688,2095.169921875,0,2095.169921875
"2022-04-01",2096.48999023438,2122.1298828125,2086.169921875,2119.6201171875,0,2119.6201171875
"2022-04-04",2125.47998046875,2142.330078125,2101.17993164062,2136.43994140625,75030000,2136.43994140625
"2022-04-05",2136.52001953125,2149.03002929688,2123.90991210938,2132.52001953125,0,2132.52001953125
"2022-04-06",2135.02001953125,2136.13989257812,2080.34008789062,2101.2099609375,0,2101.2099609375
"2022-04-07",2103.14990234375,2123.8798828125,2095.0400390625,2108.0400390625,0,2108.0400390625
"2022-04-08",2123.80004882812,2133.7900390625,2117.080078125,2131.86010742188,90173000,2131.86010742188
"2022-04-11",2121.10009765625,2127.65991210938,2091.15991210938,2097.7099609375,0,2097.7099609375
"2022-04-12",2077.2900390625,2113.9599609375,2063.919921875,2102.19995117188,0,2102.19995117188
"2022-04-13",2094.080078125,2107.1298828125,2080.2099609375,2098.580078125,0,2098.580078125
"2022-04-14",2099.09008789062,2099.09008789062,2078.6298828125,2092.86010742188,0,2092.86010742188
"2022-04-19",2085.18994140625,2102.919921875,2066.69995117188,2097.88989257812,0,2097.88989257812
"2022-04-20",2100.69995117188,2128.830078125,2095.9599609375,2109.10009765625,0,2109.10009765625
"2022-04-21",2111.8701171875,2143.36010742188,2104.419921875,2126.43994140625,90905300,2126.43994140625
"2022-04-22",2100.73999023438,2118.330078125,2088.10009765625,2094.93994140625,0,2094.93994140625
"2022-04-25",2051.15991210938,2071.76000976562,2041.65002441406,2050.63989257812,0,2050.63989257812
"2022-04-26",2064.2900390625,2079.75,2018.32995605469,2018.32995605469,0,2018.32995605469
"2022-04-27",2013.78002929688,2059.76000976562,2011.88000488281,2048.68994140625,0,2048.68994140625
"2022-04-28",2062.0400390625,2066.39990234375,2024.14001464844,2038.56005859375,150125500,2038.56005859375
"2022-04-29",2054.65991210938,2075.31005859375,2042.97998046875,2058.89990234375,131672200,2058.89990234375
"2022-05-02",2038.46997070312,2041.73999023438,1895.41003417969,2020.41003417969,0,2020.41003417969
"2022-05-03",2037.25,2041,2024.17004394531,2034.4599609375,0,2034.4599609375
"2022-05-04",2030.7900390625,2033.46997070312,2008.96997070312,2011.11999511719,0,2011.11999511719
"2022-05-05",2040.17004394531,2045.18005371094,1981.77001953125,1985.13000488281,0,1985.13000488281
"2022-05-06",1972.94995117188,1980.66003417969,1939.25,1962,0,1962
"2022-05-09",1946.89001464844,1958.84997558594,1908.96997070312,1914.82995605469,0,1914.82995605469
"2022-05-10",1932.40002441406,1973.58996582031,1924.84997558594,1943.10998535156,0,1943.10998535156
"2022-05-11",1958.34997558594,1977.66003417969,1943.05004882812,1977.46997070312,0,1977.46997070312
"2022-05-12",1940.65002441406,1976.81994628906,1936.36999511719,1973.47998046875,0,1973.47998046875
"2022-05-13",1995.01000976562,2015.90002441406,1979.55004882812,2011.32995605469,0,2011.32995605469
"2022-05-16",2005.77001953125,2021.32995605469,1996.25,2004.48999023438,0,2004.48999023438
"2022-05-17",2020.02001953125,2039.85998535156,2013.88000488281,2027.33996582031,0,2027.33996582031
"2022-05-18",2033.93994140625,2038.75,2001.25,2002.5400390625,91331400,2002.5400390625
"2022-05-19",1976.01000976562,1997.34997558594,1967.43005371094,1992.40002441406,0,1992.40002441406
"2022-05-20",2007.22998046875,2020.09997558594,1987.78002929688,1994.08996582031,0,1994.08996582031
"2022-05-23",2019.2099609375,2025.14001464844,1998.83996582031,2018.86999511719,0,2018.86999511719
"2022-05-24",2004.09997558594,2017.98999023438,1995.18005371094,2001.09997558594,88741800,2001.09997558594
"2022-05-25",2014.55004882812,2019.78002929688,1981.81994628906,1981.81994628906,0,1981.81994628906
"2022-05-27",2021.18994140625,2058.10009765625,2016.09997558594,2058.10009765625,0,2058.10009765625
"2022-05-30",2070.94995117188,2086.10009765625,2069.61010742188,2075.28002929688,70576400,2075.28002929688
"2022-05-31",2072.81005859375,2074.31005859375,2042.64001464844,2042.64001464844,0,2042.64001464844
"2022-06-01",2057.53002929688,2062.94995117188,2038.41003417969,2041.26000976562,85925700,2041.26000976562
"2022-06-02",2049.19995117188,2080.52001953125,2047.08996582031,2075.67993164062,0,2075.67993164062
"2022-06-03",2091.94995117188,2092.26000976562,2067.71997070312,2069.40991210938,0,2069.40991210938
"2022-06-07",2077.5,2082.7099609375,2054.43994140625,2074.2099609375,0,2074.2099609375
"2022-06-08",2085.5400390625,2086.19995117188,2059.43994140625,2069.92993164062,0,2069.92993164062
"2022-06-09",2061.1298828125,2071.32006835938,2042.18994140625,2044.06005859375,0,2044.06005859375
"2022-06-10",2027.71997070312,2030.76000976562,1988.68994140625,1990.80004882812,0,1990.80004882812
"2022-06-13",1963.17004394531,1977.63000488281,1948.86999511719,1956.51000976562,0,1956.51000976562
"2022-06-14",1967.64001464844,1973.11999511719,1927.03002929688,1931.39001464844,0,1931.39001464844
"2022-06-15",1952.41003417969,1957.67004394531,1927,1946.85998535156,0,1946.85998535156
"2022-06-16",1940.94995117188,1945.68994140625,1883.22998046875,1890.32995605469,108014000,1890.32995605469
"2022-06-17",1896.7099609375,1911.83996582031,1882.92004394531,1884.27001953125,0,1884.27001953125
"2022-06-20",1891.93005371094,1900.2900390625,1881.22998046875,1895.23999023438,69078700,1895.23999023438
"2022-06-21",1904.25,1924.35998535156,1900.11999511719,1903.38000488281,0,1903.38000488281
"2022-06-22",1881.03002929688,1898.75,1864.53002929688,1895.83996582031,0,1895.83996582031
"2022-06-23",1885.02001953125,1892.0400390625,1861.73999023438,1865.5400390625,0,1865.5400390625
"2022-06-27",1902.07995605469,1930.78002929688,1901.10998535156,1924.83996582031,0,1924.83996582031
"2022-06-28",1927.57995605469,1940.61999511719,1911.5400390625,1913.14001464844,0,1913.14001464844
"2022-06-29",1898.63000488281,1918.5,1895.67004394531,1908.31005859375,0,1908.31005859375
"2022-06-30",1884.93005371094,1887.01000976562,1858.11999511719,1872.68005371094,0,1872.68005371094
"2022-07-01",1860.71997070312,1897.18005371094,1850.40002441406,1875.93994140625,0,1875.93994140625
"2022-07-04",1889.16003417969,1901.30004882812,1881.08996582031,1893.56005859375,78007700,1893.56005859375
"2022-07-05",1904.9599609375,1911.81994628906,1865.14001464844,1866.16003417969,0,1866.16003417969
"2022-07-06",1889.91003417969,1923.86999511719,1888.33996582031,1918.67004394531,0,1918.67004394531
"2022-07-07",1935.77001953125,1955.11999511719,1926.92004394531,1954.57995605469,0,1954.57995605469
"2022-07-08",1955.77001953125,1971.06005859375,1943.68005371094,1971.0400390625,0,1971.0400390625
"2022-07-11",1941.69995117188,1952.77001953125,1934.86999511719,1937.48999023438,0,1937.48999023438
"2022-07-12",1924.2900390625,1968.81005859375,1916.68994140625,1968.81005859375,0,1968.81005859375
"2022-07-13",1958.83996582031,1963.56005859375,1917.65002441406,1931.27001953125,0,1931.27001953125
"2022-07-14",1922.15002441406,1927.92004394531,1885.86999511719,1903.51000976562,0,1903.51000976562
"2022-07-15",1906.2900390625,1906.61999511719,1873.94995117188,1903.81994628906,0,1903.81994628906
"2022-07-18",1920.31005859375,1938.31994628906,1911.7900390625,1930.5,0,1930.5
"2022-07-19",1919.85998535156,1961.38000488281,1904.06994628906,1961.11999511719,129315700,1961.11999511719
"2022-07-20",1968.10998535156,1978.86999511719,1950.9599609375,1961.31005859375,0,1961.31005859375
"2022-07-21",1953.73999023438,1981.92004394531,1940.22998046875,1975.96997070312,0,1975.96997070312
"2022-07-22",1973.17004394531,1990.18005371094,1962.66003417969,1979.69995117188,0,1979.69995117188
"2022-07-25",1970.69995117188,1981.71997070312,1965.92004394531,1970.89001464844,0,1970.89001464844
"2022-07-26",1971.18994140625,1983.43994140625,1961.18994140625,1962.96997070312,0,1962.96997070312
"2022-07-27",1972.32995605469,1981.7099609375,1965.27001953125,1971.38000488281,0,1971.38000488281
"2022-07-28",1982.19995117188,1996.02001953125,1978.44995117188,1996.02001953125,0,1996.02001953125
"2022-07-29",2007.32995605469,2035.43005371094,2004.11999511719,2032.53002929688,0,2032.53002929688
"2022-08-01",2031.98999023438,2039.9599609375,2000.36999511719,2011.10998535156,0,2011.10998535156
"2022-08-02",1996.68005371094,2004.14001464844,1987.57995605469,1993.92004394531,0,1993.92004394531
"2022-08-03",1990.82995605469,2010.61999511719,1987.56005859375,2005.57995605469,0,2005.57995605469
"2022-08-04",2011.94995117188,2026.91003417969,2009.9599609375,2020.82995605469,0,2020.82995605469
"2022-08-05",2024.21997070312,2029.80004882812,1998.48999023438,1998.56994628906,0,1998.56994628906
"2022-08-08",2015.67004394531,2026.86999511719,2003.85998535156,2017.15002441406,0,2017.15002441406
"2022-08-09",2013.52001953125,2017.31005859375,1981.71997070312,1987.68005371094,0,1987.68005371094
"2022-08-10",1979.16003417969,2025.47998046875,1975.18994140625,2025.47998046875,0,2025.47998046875
"2022-08-11",2037.16003417969,2037.55004882812,2016.59997558594,2024.47998046875,0,2024.47998046875
"2022-08-12",2030,2041.08996582031,2027.60998535156,2032.51000976562,0,2032.51000976562
"2022-08-15",2039.06005859375,2046.16003417969,2031.01000976562,2036.67004394531,0,2036.67004394531
"2022-08-16",2043.82995605469,2059.31005859375,2038.68994140625,2058.93994140625,86823200,2058.93994140625
"2022-08-17",2059.57006835938,2065.1201171875,2031.98999023438,2034.76000976562,0,2034.76000976562
"2022-08-18",2034.2900390625,2057.78002929688,2034.09997558594,2053.330078125,0,2053.330078125
"2022-08-19",2044.2099609375,2053.169921875,2037.86999511719,2037.96997070312,0,2037.96997070312
"2022-08-22",2033.07995605469,2035.85998535156,1995.81994628906,1995.98999023438,0,1995.98999023438
"2022-08-23",1986.7900390625,2005.19995117188,1980.22998046875,1985.63000488281,0,1985.63000488281
"2022-08-24",1977.80004882812,1992.43994140625,1965.39001464844,1983.57995605469,0,1983.57995605469
"2022-08-25",1995.08996582031,1998.67004394531,1975.51000976562,1987.31994628906,0,1987.31994628906
"2022-08-26",1998.16003417969,2000.67004394531,1954.96997070312,1956.17004394531,0,1956.17004394531
"2022-08-29",1933.96997070312,1949.48999023438,1919.0400390625,1940.13000488281,0,1940.13000488281
"2022-08-30",1945.48999023438,1975.58996582031,1936.18005371094,1942.43005371094,0,1942.43005371094
"2022-08-31",1950.34997558594,1951.18005371094,1920.22998046875,1920.22998046875,0,1920.22998046875
"2022-09-01",1903.9599609375,1907.13000488281,1875.48999023438,1875.48999023438,0,1875.48999023438
"2022-09-02",1893.35998535156,1925.92004394531,1882.9599609375,1925.0400390625,0,1925.0400390625
"2022-09-05",1886.59997558594,1901.7099609375,1878.36999511719,1898.81005859375,87599600,1898.81005859375
"2022-09-06",1898.22998046875,1920.56994628906,1888.85998535156,1903.25,0,1903.25
"2022-09-07",1886.43005371094,1902.2900390625,1875.66003417969,1897.76000976562,0,1897.76000976562
"2022-09-08",1905.69995117188,1916.5,1872.94995117188,1907.31005859375,0,1907.31005859375
"2022-09-09",1911.88000488281,1941.09997558594,1911,1934.06005859375,0,1934.06005859375
"2022-09-12",1943.56005859375,1975.73999023438,1941.77001953125,1974.5400390625,0,1974.5400390625
"2022-09-13",1982.75,1985.19995117188,1938.22998046875,1938.22998046875,0,1938.22998046875
"2022-09-14",1926.59997558594,1937.19995117188,1910.27001953125,1916.35998535156,0,1916.35998535156
"2022-09-15",1915.58996582031,1932.34997558594,1908.14001464844,1911.7900390625,0,1911.7900390625
"2022-09-16",1894.27001953125,1901.40002441406,1881.51000976562,1881.51000976562,0,1881.51000976562
"2022-09-19",1878.84997558594,1885.92004394531,1854.13000488281,1877.92004394531,0,1877.92004394531
"2022-09-20",1889.03002929688,1900.31005859375,1856.67004394531,1856.67004394531,0,1856.67004394531
"2022-09-21",1846.7900390625,1882.23999023438,1842.25,1878.77001953125,0,1878.77001953125
"2022-09-22",1851.68005371094,1868.42004394531,1835.38000488281,1837.91003417969,0,1837.91003417969
"2022-09-23",1836.7099609375,1840.65002441406,1799.7900390625,1817.9599609375,0,1817.9599609375
"2022-09-26",1807.02001953125,1834.91003417969,1805.48999023438,1811.78002929688,0,1811.78002929688
"2022-09-27",1825.75,1841.73999023438,1815.43005371094,1829.36999511719,0,1829.36999511719
"2022-09-28",1812.56994628906,1841.5400390625,1791.36999511719,1838.77001953125,0,1838.77001953125
"2022-09-29",1827.10998535156,1828.10998535156,1781.86999511719,1794.39001464844,0,1794.39001464844
"2022-09-30",1805.61999511719,1833.32995605469,1796.82995605469,1828.97998046875,0,1828.97998046875
"2022-10-03",1809.96997070312,1839.51000976562,1782.32995605469,1839.51000976562,0,1839.51000976562
"2022-10-04",1860.08996582031,1910.7099609375,1855.83996582031,1909.64001464844,0,1909.64001464844
"2022-10-05",1901.48999023438,1907.51000976562,1874.83996582031,1882.92004394531,0,1882.92004394531
"2022-10-06",1895.72998046875,1905.38000488281,1875.4599609375,1883.0400390625,0,1883.0400390625
"2022-10-07",1871.90002441406,1881.93994140625,1839.0400390625,1841.77001953125,0,1841.77001953125
"2022-10-10",1826.48999023438,1858.5400390625,1824.02001953125,1836.91003417969,0,1836.91003417969
"2022-10-11",1824.36999511719,1844.64001464844,1818.60998535156,1834.09997558594,0,1834.09997558594
"2022-10-12",1839.26000976562,1850.88000488281,1826.41003417969,1834.35998535156,0,1834.35998535156
"2022-10-13",1826.43994140625,1864.67004394531,1799.30004882812,1856.85998535156,0,1856.85998535156
"2022-10-14",1880.18994140625,1893.43994140625,1861.7900390625,1869.02001953125,0,1869.02001953125
"2022-10-17",1868.28002929688,1916.28002929688,1857.07995605469,1908.38000488281,0,1908.38000488281
"2022-10-18",1928.98999023438,1949.01000976562,1922.0400390625,1938.56005859375,0,1938.56005859375
"2022-10-19",1953.90002441406,1962.98999023438,1926.43994140625,1926.43994140625,0,1926.43994140625
"2022-10-20",1919.67004394531,1919.67004394531,1886.73999023438,1905.98999023438,0,1905.98999023438
"2022-10-21",1887.2099609375,1910.30004882812,1880.34997558594,1901.51000976562,0,1901.51000976562
"2022-10-24",1916.61999511719,1941.42004394531,1905.61999511719,1938.72998046875,0,1938.72998046875
"2022-10-25",1945.71997070312,1966.72998046875,1922.01000976562,1965.2900390625,0,1965.2900390625
"2022-10-26",1965.18994140625,1973.57995605469,1945.17004394531,1970.06005859375,0,1970.06005859375
"2022-10-27",1962.40002441406,1974.14001464844,1956.18005371094,1968.22998046875,0,1968.22998046875
"2022-10-28",1945.4599609375,1978.11999511719,1945.19995117188,1974.28002929688,0,1974.28002929688
"2022-10-31",1979,1979,1960.68994140625,1968.53002929688,0,1968.53002929688
"2022-11-01",1980.2099609375,1997.19995117188,1969.47998046875,1974.98999023438,0,1974.98999023438
"2022-11-02",1980.02001953125,1991.9599609375,1974.0400390625,1980.52001953125,0,1980.52001953125
"2022-11-03",1965.65002441406,1965.65002441406,1945.39001464844,1960.06005859375,0,1960.06005859375
"2022-11-04",1967.43005371094,1999.02001953125,1966.28002929688,1999.01000976562,0,1999.01000976562
"2022-11-07",1990.08996582031,2014.32995605469,1988.25,2008.61999511719,0,2008.61999511719
"2022-11-08",2005.03002929688,2039.0400390625,2002.35998535156,2035.98999023438,0,2035.98999023438
"2022-11-09",2031.03002929688,2035.08996582031,2018.31005859375,2033.11999511719,0,2033.11999511719
"2022-11-10",2020.2900390625,2106.6298828125,2011.92004394531,2106.11010742188,0,2106.11010742188
"2022-11-11",2119.080078125,2121.1298828125,2088.57006835938,2108.669921875,0,2108.669921875
"2022-11-14",2116.63989257812,2120.60009765625,2095.30004882812,2107.98999023438,0,2107.98999023438
"2022-11-15",2112.78002929688,2113.80004882812,2086.78002929688,2098.01000976562,0,2098.01000976562
"2022-11-16",2102.10009765625,2110.46997070312,2073.64990234375,2075.02001953125,0,2075.02001953125
"2022-11-17",2077.64990234375,2094.77001953125,2054.36010742188,2067.080078125,0,2067.080078125
"2022-11-18",2074.0400390625,2095.05004882812,2069.85009765625,2087.3701171875,0,2087.3701171875
"2022-11-21",2082.19995117188,2093.10009765625,2072.38989257812,2082.57006835938,0,2082.57006835938
"2022-11-22",2082.03002929688,2103.35009765625,2072.2099609375,2096.56005859375,0,2096.56005859375
"2022-11-23",2103.32006835938,2112.34008789062,2098.5400390625,2109.84008789062,0,2109.84008789062
"2022-11-24",2109.98999023438,2118.52001953125,2100.52001953125,2106.75,74692400,2106.75
"2022-11-25",2109.89990234375,2117.669921875,2103.53002929688,2116.73999023438,0,2116.73999023438
"2022-11-28",2106.89990234375,2110.82006835938,2092.48999023438,2096.3798828125,0,2096.3798828125
"2022-11-29",2103.01000976562,2108.11010742188,2089.86010742188,2092.23999023438,0,2092.23999023438
"2022-11-30",2105.78002929688,2120.35009765625,2097.21997070312,2102.419921875,0,2102.419921875
"2022-12-01",2125.53002929688,2137.86010742188,2115.30004882812,2125.09008789062,0,2125.09008789062
"2022-12-02",2123.03002929688,2136.84008789062,2110.17993164062,2129.46997070312,0,2129.46997070312
"2022-12-05",2128.07006835938,2145,2123.88989257812,2139.68994140625,0,2139.68994140625
"2022-12-06",2134.61010742188,2145.2099609375,2105.68994140625,2111.28002929688,0,2111.28002929688
"2022-12-07",2107.53002929688,2109.77001953125,2082.82006835938,2088.42993164062,0,2088.42993164062
"2022-12-08",2093.31005859375,2099.77001953125,2085.67993164062,2091.8798828125,0,2091.8798828125
"2022-12-09",2102.7099609375,2120.76000976562,2099.35009765625,2116.44995117188,0,2116.44995117188
"2022-12-12",2104.84008789062,2111.39990234375,2095.21997070312,2108.919921875,0,2108.919921875
"2022-12-13",2115.34008789062,2162.30004882812,2106.80004882812,2140.69995117188,0,2140.69995117188
"2022-12-14",2136.5,2149.81005859375,2111.46997070312,2139.03002929688,0,2139.03002929688
"2022-12-15",2116.0400390625,2119.10009765625,2079.52001953125,2079.52001953125,0,2079.52001953125
"2022-12-16",2076.78002929688,2084.43994140625,2043.72998046875,2046.08996582031,0,2046.08996582031
"2022-12-19",2054.169921875,2061.93994140625,2044.52001953125,2047.97998046875,0,2047.97998046875
"2022-12-20",2029.43994140625,2043.88000488281,2023.77001953125,2036.42004394531,0,2036.42004394531
"2022-12-21",2045.22998046875,2066.05004882812,2043.06994628906,2065.1298828125,0,2065.1298828125
"2022-12-22",2065.10009765625,2076.69995117188,2039.90002441406,2043.30004882812,0,2043.30004882812
"2022-12-23",2043.96997070312,2061.15991210938,2043.96997070312,2054.330078125,0,2054.330078125
"2022-12-27",2068.82006835938,2079.65991210938,2062.80004882812,2067.61010742188,0,2067.61010742188
"2022-12-28",2067.56005859375,2070.40991210938,2048.15991210938,2052.76000976562,0,2052.76000976562
"2022-12-29",2050.71997070312,2075.40991210938,2042.82995605469,2075.31005859375,0,2075.31005859375
"2022-12-30",2067.669921875,2072.23999023438,2043.22998046875,2043.40002441406,0,2043.40002441406
"2023-01-02",2056.92993164062,2075.76000976562,2054.80004882812,2075.76000976562,0,2075.76000976562
"2023-01-03",2070.02001953125,2104.6298828125,2069.669921875,2090.03002929688,0,2090.03002929688
"2023-01-04",2096.81005859375,2120.55004882812,2095.51000976562,2120.35009765625,0,2120.35009765625
"2023-01-05",2114.98999023438,2137.5400390625,2110.40991210938,2137.43994140625,0,2137.43994140625
"2023-01-09",2161.919921875,2191.82006835938,2160.59008789062,2191.82006835938,0,2191.82006835938
"2023-01-10",2178.89990234375,2184.18994140625,2168.61010742188,2180.69995117188,0,2180.69995117188
"2023-01-11",2183.82006835938,2216.8798828125,2183.39990234375,2207.80004882812,0,2207.80004882812
"2023-01-12",2213.92993164062,2234.69995117188,2200.2900390625,2225.27001953125,0,2225.27001953125
"2023-01-13",2222.15991210938,2225.8701171875,2204.73999023438,2217.17993164062,0,2217.17993164062
"2023-01-16",2222.15991210938,2226.080078125,2208.96997070312,2225.10009765625,92927400,2225.10009765625
"2023-01-17",2221.23999023438,2225.21997070312,2209.9599609375,2212.830078125,0,2212.830078125
"2023-01-18",2221.80004882812,2234.51000976562,2211.73999023438,2218.73999023438,0,2218.73999023438
"2023-01-19",2202.330078125,2210.10009765625,2173.88989257812,2173.88989257812,0,2173.88989257812
"2023-01-20",2185.65991210938,2197.72998046875,2179,2197.419921875,0,2197.419921875
"2023-01-23",2208.169921875,2226.23999023438,2204.61010742188,2224.53002929688,0,2224.53002929688
"2023-01-24",2227.30004882812,2229.4599609375,2204.419921875,2216.169921875,0,2216.169921875
"2023-01-25",2215.7900390625,2218.94995117188,2193.52001953125,2204.30004882812,0,2204.30004882812
"2023-01-26",2204.30004882812,2208.68994140625,2184.0400390625,2190.53002929688,0,2190.53002929688
"2023-01-27",2198.1298828125,2204.14990234375,2187.2900390625,2197.65991210938,0,2197.65991210938
"2023-01-30",2190.23999023438,2204.22998046875,2183.38989257812,2200.080078125,0,2200.080078125
"2023-01-31",2197.61010742188,2202.88989257812,2184.34008789062,2198.5400390625,0,2198.5400390625
"2023-02-01",2197.11010742188,2215.46997070312,2195.51000976562,2210.1298828125,0,2210.1298828125
"2023-02-02",2228.2900390625,2287.5400390625,2226.35009765625,2287.39990234375,0,2287.39990234375
"2023-02-03",2271.76000976562,2295.30004882812,2265.28002929688,2294.52001953125,0,2294.52001953125
"2023-02-06",2281.11010742188,2282.72998046875,2253.0400390625,2258.19995117188,0,2258.19995117188
"2023-02-07",2262.330078125,2267.2900390625,2250.07006835938,2254.80004882812,0,2254.80004882812
"2023-02-08",2266.669921875,2269.51000976562,2244.10009765625,2244.13989257812,0,2244.13989257812
"2023-02-09",2260.1298828125,2265.71997070312,2232.14990234375,2235.3701171875,0,2235.3701171875
"2023-02-10",2226.42993164062,2227.2900390625,2189.09008789062,2200.77001953125,0,2200.77001953125
"2023-02-13",2209.6298828125,2234.97998046875,2206.86010742188,2233.17993164062,0,2233.17993164062
"2023-02-14",2239.44995117188,2254.3798828125,2224.80004882812,2232.44995117188,0,2232.44995117188
"2023-02-15",2229.47998046875,2255.46997070312,2224.92993164062,2255.13989257812,0,2255.13989257812
"2023-02-16",2265.21997070312,2268.92993164062,2241.9599609375,2256.5400390625,0,2256.5400390625
"2023-02-17",2242.419921875,2257.92993164062,2230.7099609375,2249.3798828125,0,2249.3798828125
"2023-02-20",2252.51000976562,2254.57006835938,2235.59008789062,2238.44995117188,78804300,2238.44995117188
"2023-02-21",2236.6298828125,2246.2900390625,2216.09008789062,2223.48999023438,0,2223.48999023438
"2023-02-22",2218.68994140625,2225.47998046875,2202.85009765625,2223.30004882812,0,2223.30004882812
"2023-02-23",2225.65991210938,2242.02001953125,2225.4599609375,2227.580078125,0,2227.580078125
"2023-02-24",2233.64990234375,2240.01000976562,2198.169921875,2206.42993164062,0,2206.42993164062
"2023-02-27",2216.68994140625,2244.88989257812,2216.43994140625,2234.98999023438,0,2234.98999023438
"2023-02-28",2227.30004882812,2233.19995117188,2214.32006835938,2226.75,0,2226.75
"2023-03-01",2231.2900390625,2243.97998046875,2210.48999023438,2214.67993164062,0,2214.67993164062
"2023-03-02",2203.67993164062,2219.81005859375,2198.26000976562,2214.669921875,0,2214.669921875
"2023-03-03",2224.080078125,2254.32006835938,2223.580078125,2252.76000976562,0,2252.76000976562
"2023-03-06",2259.89990234375,2268.68994140625,2253.19995117188,2261.86010742188,0,2261.86010742188
"2023-03-07",2259.44995117188,2268.9599609375,2243.40991210938,2244.65991210938,0,2244.65991210938
"2023-03-08",2238.30004882812,2253.46997070312,2238.30004882812,2248.52001953125,0,2248.52001953125
"2023-03-09",2245.97998046875,2252.57006835938,2228.7099609375,2245.11010742188,0,2245.11010742188
"2023-03-10",2207.34008789062,2213.56005859375,2178.63989257812,2192.06005859375,0,2192.06005859375
"2023-03-13",2199.89990234375,2202.14990234375,2137.580078125,2156.580078125,0,2156.580078125
"2023-03-14",2152.67993164062,2193.75,2146.19995117188,2186.36010742188,0,2186.36010742188
"2023-03-15",2179.72998046875,2179.72998046875,2096.68994140625,2096.80004882812,0,2096.80004882812
"2023-03-16",2126.97998046875,2134.36010742188,2085.39990234375,2125.22998046875,0,2125.22998046875
"2023-03-17",2137.48999023438,2145.88989257812,2076.0400390625,2088.02001953125,0,2088.02001953125
"2023-03-20",2071.38989257812,2130.43994140625,2050.42993164062,2118.7099609375,0,2118.7099609375
"2023-03-21",2134.0400390625,2152.63989257812,2130.36010742188,2145.39990234375,0,2145.39990234375
"2023-03-22",2144.5400390625,2155.36010742188,2139.2900390625,2146.830078125,0,2146.830078125
"2023-03-23",2133.5400390625,2140.5400390625,2111.73999023438,2136,0,2136
"2023-03-24",2121.919921875,2122.73999023438,2083.53002929688,2087.81005859375,0,2087.81005859375
"2023-03-27",2110.28002929688,2129.5400390625,2100.42993164062,2111.77001953125,0,2111.77001953125
"2023-03-28",2130.30004882812,2132.2099609375,2110.48999023438,2115.61010742188,0,2115.61010742188
"2023-03-29",2128.67993164062,2149.36010742188,2128.67993164062,2149.36010742188,0,2149.36010742188
"2023-03-30",2153.65991210938,2199.61010742188,2152.84008789062,2199.43994140625,0,2199.43994140625
"2023-03-31",2197.57006835938,2225.6298828125,2193.57006835938,2223.75,0,2223.75
"2023-04-03",2215.43994140625,2220.1298828125,2208.09008789062,2211.02001953125,0,2211.02001953125
"2023-04-04",2222.6298828125,2238.15991210938,2211.419921875,2215.90991210938,0,2215.90991210938
"2023-04-05",2209.27001953125,2209.71997070312,2166.57006835938,2174.93994140625,0,2174.93994140625
"2023-04-06",2176.7900390625,2185.330078125,2171.5,2184.72998046875,0,2184.72998046875
"2023-04-11",2205.6298828125,2211.17993164062,2197.9599609375,2211.17993164062,0,2211.17993164062
"2023-04-12",2215.3701171875,2239.01000976562,2209.77001953125,2215.14990234375,0,2215.14990234375
"2023-04-13",2217.080078125,2225.13989257812,2206.77001953125,2225.13989257812,0,2225.13989257812
"2023-04-14",2235.0400390625,2254.6298828125,2231.05004882812,2249.46997070312,0,2249.46997070312
"2023-04-17",2258.9599609375,2263.60009765625,2245.51000976562,2249.669921875,0,2249.669921875
"2023-04-18",2251.86010742188,2265.81005859375,2245.60009765625,2256.28002929688,0,2256.28002929688
"2023-04-19",2252.34008789062,2255.8798828125,2242.27001953125,2249.67993164062,0,2249.67993164062
"2023-04-20",2250.3701171875,2257.3701171875,2241.38989257812,2248.82006835938,102292300,2248.82006835938
"2023-04-21",2251.94995117188,2259.4599609375,2235.9599609375,2246.40991210938,0,2246.40991210938
"2023-04-24",2247.88989257812,2264.669921875,2247.27001953125,2259.82006835938,0,2259.82006835938
"2023-04-25",2256.19995117188,2256.5,2237.10009765625,2249.19995117188,0,2249.19995117188
"2023-04-26",2247.39990234375,2247.71997070312,2221.169921875,2240.080078125,0,2240.080078125
"2023-04-27",2240.55004882812,2284.6298828125,2225.86010742188,2271.10009765625,0,2271.10009765625
"2023-04-28",2277.82006835938,2285.88989257812,2247.7900390625,2270.580078125,0,2270.580078125
"2023-05-02",2273.6298828125,2273.6298828125,2232.2900390625,2235.03002929688,0,2235.03002929688
"2023-05-03",2241.330078125,2255.60009765625,2228.82006835938,2238.76000976562,0,2238.76000976562
"2023-05-04",2227.75,2235.2900390625,2219.90991210938,2228.169921875,0,2228.169921875
"2023-05-05",2232.71997070312,2240.47998046875,2210,2240.47998046875,110921500,2240.47998046875
"2023-05-08",2241.330078125,2245.2099609375,2229.38989257812,2239.10009765625,0,2239.10009765625
"2023-05-09",2236.60009765625,2236.67993164062,2208.52001953125,2223.580078125,0,2223.580078125
"2023-05-10",2224.5,2232.25,2189.72998046875,2208.65991210938,0,2208.65991210938
"2023-05-11",2215.88989257812,2240.0400390625,2211.419921875,2229.90991210938,0,2229.90991210938
"2023-05-12",2239.25,2248.75,2231.44995117188,2236.03002929688,0,2236.03002929688
"2023-05-15",2245.35009765625,2252.419921875,2239.76000976562,2251.23999023438,0,2251.23999023438
"2023-05-16",2240.73999023438,2250.84008789062,2230.63989257812,2236.25,0,2236.25
"2023-05-17",2233.17993164062,2248.2900390625,2232.59008789062,2246.19995117188,0,2246.19995117188
"2023-05-19",2280.27001953125,2295.53002929688,2276.8798828125,2288.3701171875,0,2288.3701171875
"2023-05-22",2285.55004882812,2286.61010742188,2276.21997070312,2283.31005859375,0,2283.31005859375
"2023-05-23",2277.080078125,2282.26000976562,2265.6201171875,2267.34008789062,0,2267.34008789062
"2023-05-24",2250.81005859375,2250.81005859375,2224.40991210938,2229.88989257812,0,2229.88989257812
"2023-05-25",2236.1298828125,2244.18994140625,2221.0400390625,2231.57006835938,0,2231.57006835938
"2023-05-26",2242.09008789062,2276.8701171875,2239.42993164062,2272.19995117188,0,2272.19995117188
"2023-05-29",2283.05004882812,2283.6298828125,2253.34008789062,2258.63989257812,102897200,2258.63989257812
"2023-05-30",2260.67993164062,2279.42993164062,2253.5400390625,2255,0,2255
"2023-05-31",2240.15991210938,2259.06005859375,2233.11010742188,2234.9599609375,0,2234.9599609375
"2023-06-01",2248.580078125,2257.14990234375,2238.38989257812,2252.42993164062,0,2252.42993164062
"2023-06-02",2267.84008789062,2295.03002929688,2266.13989257812,2292.5,0,2292.5
"2023-06-05",2295.09008789062,2311.419921875,2288.7900390625,2293.06005859375,0,2293.06005859375
"2023-06-07",2299.92993164062,2311.80004882812,2299.86010742188,2305.36010742188,0,2305.36010742188
"2023-06-08",2299.419921875,2311.53002929688,2295.4599609375,2302.97998046875,0,2302.97998046875
"2023-06-09",2307.05004882812,2309.1298828125,2292.919921875,2301.97998046875,0,2301.97998046875
"2023-06-12",2311.22998046875,2315.5400390625,2295.169921875,2299.5,0,2299.5
"2023-06-13",2319.3798828125,2325.57006835938,2308.97998046875,2320.9599609375,0,2320.9599609375
"2023-06-14",2315.09008789062,2315.22998046875,2303.68994140625,2312.75,0,2312.75
"2023-06-15",2306.27001953125,2317.43994140625,2292.55004882812,2310.65991210938,0,2310.65991210938
"2023-06-16",2321.2900390625,2326.1201171875,2311.22998046875,2322.63989257812,0,2322.63989257812
"2023-06-19",2310.80004882812,2312.46997070312,2289.580078125,2292.67993164062,101642300,2292.67993164062
"2023-06-20",2287.92993164062,2290.22998046875,2276.94995117188,2281.15991210938,0,2281.15991210938
"2023-06-21",2276.86010742188,2280.03002929688,2258.77001953125,2265.6298828125,0,2265.6298828125
"2023-06-22",2246.03002929688,2246.03002929688,2224.2900390625,2235.40991210938,0,2235.40991210938
"2023-06-26",2224.07006835938,2240.2900390625,2205.3701171875,2238.5,0,2238.5
"2023-06-27",2240.03002929688,2244.6201171875,2220.8701171875,2244.60009765625,0,2244.60009765625
"2023-06-28",2257.0400390625,2268.4599609375,2254.68994140625,2262.07006835938,0,2262.07006835938
"2023-06-29",2259.14990234375,2292.5,2259.05004882812,2284.77001953125,0,2284.77001953125
"2023-06-30",2291.14990234375,2314.17993164062,2290.61010742188,2309.89990234375,0,2309.89990234375
"2023-07-03",2312.830078125,2316.34008789062,2294.59008789062,2294.59008789062,0,2294.59008789062
"2023-07-04",2295.77001953125,2301.84008789062,2290.2900390625,2295.92993164062,143248900,2295.92993164062
"2023-07-05",2284.65991210938,2296.76000976562,2274.43994140625,2279.419921875,0,2279.419921875
"2023-07-06",2264.75,2270.17993164062,2229.36010742188,2238.51000976562,0,2238.51000976562
"2023-07-07",2237.63989257812,2254.67993164062,2227.330078125,2246.18994140625,0,2246.18994140625
"2023-07-10",2239.27001953125,2247.92993164062,2228.69995117188,2243.7900390625,0,2243.7900390625
"2023-07-11",2253.39990234375,2253.39990234375,2231.26000976562,2247.9599609375,0,2247.9599609375
"2023-07-12",2252.169921875,2266.27001953125,2239.15991210938,2264.2099609375,0,2264.2099609375
"2023-07-13",2263.47998046875,2270.5,2254.84008789062,2261.19995117188,0,2261.19995117188
"2023-07-14",2257.48999023438,2259.27001953125,2243.0400390625,2248.080078125,0,2248.080078125
"2023-07-17",2233.23999023438,2244.23999023438,2225.85009765625,2243.1298828125,0,2243.1298828125
"2023-07-18",2252.38989257812,2259.580078125,2239.6201171875,2258.830078125,0,2258.830078125
"2023-07-19",2262.23999023438,2263.32006835938,2234.59008789062,2235.75,0,2235.75
"2023-07-20",2219.67993164062,2225.69995117188,2199.97998046875,2224.52001953125,0,2224.52001953125
"2023-07-21",2211.60009765625,2228.80004882812,2202.2900390625,2227.44995117188,0,2227.44995117188
"2023-07-24",2218.65991210938,2244.17993164062,2217.98999023438,2243.81005859375,0,2243.81005859375
"2023-07-25",2244.14990234375,2261.80004882812,2233.15991210938,2259.09008789062,0,2259.09008789062
"2023-07-26",2255.76000976562,2255.76000976562,2220.080078125,2235.22998046875,0,2235.22998046875
"2023-07-27",2245.10009765625,2265.78002929688,2237.01000976562,2254.14990234375,0,2254.14990234375
"2023-07-28",2248.46997070312,2258.63989257812,2246.35009765625,2253.85009765625,0,2253.85009765625
"2023-07-31",2249.59008789062,2256.82006835938,2245.05004882812,2250.919921875,0,2250.919921875
"2023-08-01",2247.05004882812,2252.86010742188,2239.919921875,2240.1201171875,0,2240.1201171875
"2023-08-02",2227.63989257812,2229.42993164062,2199.59008789062,2222.73999023438,0,2222.73999023438
"2023-08-03",2211.32006835938,2214.34008789062,2189.72998046875,2196.59008789062,0,2196.59008789062
"2023-08-04",2201.48999023438,2213.86010742188,2192.23999023438,2209.63989257812,0,2209.63989257812
"2023-08-07",2201.84008789062,2209.830078125,2192.35009765625,2209.830078125,0,2209.830078125
"2023-08-08",2196.35009765625,2210.43994140625,2187.080078125,2194.43994140625,0,2194.43994140625
"2023-08-09",2207.2099609375,2226.21997070312,2206.90991210938,2209.52001953125,0,2209.52001953125
"2023-08-10",2215.38989257812,2230.90991210938,2212.81005859375,2223.169921875,0,2223.169921875
"2023-08-11",2217.080078125,2217.6201171875,2195.61010742188,2203.39990234375,0,2203.39990234375
"2023-08-14",2193.5,2210.10009765625,2191.27001953125,2203.30004882812,0,2203.30004882812
"2023-08-15",2203.47998046875,2204.30004882812,2172.52001953125,2178.5,0,2178.5
"2023-08-16",2168.03002929688,2185.5,2166.38989257812,2180.56005859375,0,2180.56005859375
"2023-08-17",2164.44995117188,2167.580078125,2151.39990234375,2154.56005859375,0,2154.56005859375
"2023-08-18",2142.28002929688,2150.06005859375,2132.09008789062,2145.65991210938,0,2145.65991210938
"2023-08-21",2141.60009765625,2159.76000976562,2137.64990234375,2139.03002929688,0,2139.03002929688
"2023-08-22",2150.169921875,2163.01000976562,2143.06005859375,2153.64990234375,0,2153.64990234375
"2023-08-23",2155.88989257812,2161.47998046875,2148.73999023438,2154.69995117188,0,2154.69995117188
"2023-08-24",2166.19995117188,2178.419921875,2144.830078125,2145.73999023438,0,2145.73999023438
"2023-08-25",2134.17993164062,2164.6201171875,2133.47998046875,2148.46997070312,0,2148.46997070312
"2023-08-28",2163.05004882812,2177.88989257812,2161.21997070312,2174.31005859375,0,2174.31005859375
"2023-08-29",2179.93994140625,2194.43994140625,2179.6298828125,2191.4599609375,0,2191.4599609375
"2023-08-30",2196.09008789062,2198.40991210938,2178.75,2185.080078125,0,2185.080078125
"2023-08-31",2186.31005859375,2195.330078125,2179.73999023438,2184.73999023438,0,2184.73999023438
"2023-09-01",2179.53002929688,2200.09008789062,2175.81005859375,2186.2099609375,0,2186.2099609375
"2023-09-04",2192.97998046875,2208.68994140625,2192.5400390625,2193.76000976562,0,2193.76000976562
"2023-09-05",2188.85009765625,2210.14990234375,2186.169921875,2203.69995117188,0,2203.69995117188
"2023-09-06",2196.9599609375,2208.4599609375,2184.75,2202.57006835938,0,2202.57006835938
"2023-09-07",2195.07006835938,2206.05004882812,2177.44995117188,2185.580078125,0,2185.580078125
"2023-09-08",2190.14990234375,2192.1298828125,2162.97998046875,2176.34008789062,0,2176.34008789062
"2023-09-11",2181.38989257812,2193.23999023438,2177.67993164062,2184.56005859375,0,2184.56005859375
"2023-09-12",2187.55004882812,2190.8798828125,2173.97998046875,2177.1201171875,0,2177.1201171875
"2023-09-13",2168.97998046875,2171.67993164062,2148.2099609375,2162.4599609375,0,2162.4599609375
"2023-09-14",2162.13989257812,2194.080078125,2157.82006835938,2190.19995117188,0,2190.19995117188
"2023-09-15",2200.92993164062,2212.18994140625,2194.71997070312,2195.19995117188,0,2195.19995117188
"2023-09-18",2194.19995117188,2196.42993164062,2182.01000976562,2187.02001953125,0,2187.02001953125
"2023-09-19",2182.080078125,2191.17993164062,2170.8798828125,2177.19995117188,0,2177.19995117188
"2023-09-20",2178.3701171875,2206.97998046875,2177.57006835938,2202.44995117188,0,2202.44995117188
"2023-09-21",2186.88989257812,2188.6298828125,2170.830078125,2178.82006835938,0,2178.82006835938
"2023-09-22",2169.61010742188,2176.8701171875,2162.68994140625,2165.93994140625,0,2165.93994140625
"2023-09-25",2161.71997070312,2170.80004882812,2141.86010742188,2156.1201171875,0,2156.1201171875
"2023-09-26",2148.34008789062,2148.97998046875,2124.96997070312,2133.15991210938,0,2133.15991210938
"2023-09-27",2135.53002929688,2145.4599609375,2126.78002929688,2130.32006835938,0,2130.32006835938
"2023-09-28",2127.80004882812,2138.580078125,2119.11010742188,2137.64990234375,0,2137.64990234375
"2023-09-29",2144.419921875,2165.0400390625,2144.14990234375,2155.48999023438,0,2155.48999023438
"2023-10-02",2157.46997070312,2174.25,2135.9599609375,2145.96997070312,0,2145.96997070312
"2023-10-03",2136.13989257812,2149.21997070312,2121.169921875,2125.06005859375,0,2125.06005859375
"2023-10-04",2111.13989257812,2125.01000976562,2104.69995117188,2116.77001953125,0,2116.77001953125
"2023-10-05",2118.82006835938,2140.01000976562,2118.80004882812,2127.06005859375,0,2127.06005859375
"2023-10-06",2131.44995117188,2154.02001953125,2127.38989257812,2154.02001953125,0,2154.02001953125
"2023-10-09",2145.93994140625,2151.18994140625,2130.5400390625,2133.26000976562,0,2133.26000976562
"2023-10-10",2155.28002929688,2195.07006835938,2154.67993164062,2193.06005859375,0,2193.06005859375
"2023-10-11",2186.40991210938,2197.19995117188,2182.34008789062,2193.7099609375,0,2193.7099609375
"2023-10-12",2208.22998046875,2235.89990234375,2208.22998046875,2212.1298828125,0,2212.1298828125
"2023-10-13",2205.73999023438,2208.8701171875,2185.9599609375,2189.84008789062,0,2189.84008789062
"2023-10-16",2193.2099609375,2201.56005859375,2177.76000976562,2190.78002929688,0,2190.78002929688
"2023-10-17",2185.1201171875,2185.60009765625,2154.92993164062,2172.25,0,2172.25
"2023-10-18",2167.59008789062,2177.97998046875,2142.830078125,2144.43994140625,0,2144.43994140625
"2023-10-19",2132.25,2148.73999023438,2117.80004882812,2121.830078125,0,2121.830078125
"2023-10-20",2100,2100.97998046875,2076.23999023438,2077.65991210938,0,2077.65991210938
"2023-10-23",2086.68994140625,2087.75,2051.75,2066.5,0,2066.5
"2023-10-24",2066.0400390625,2078.46997070312,2050.22998046875,2074.18994140625,0,2074.18994140625
"2023-10-25",2072.90991210938,2085.19995117188,2055.669921875,2073.84008789062,0,2073.84008789062
"2023-10-26",2047.38000488281,2072.23999023438,2036.88000488281,2064.55004882812,0,2064.55004882812
"2023-10-27",2065.4599609375,2073.93994140625,2042.65002441406,2049.64990234375,0,2049.64990234375
"2023-10-30",2049.65991210938,2065.67993164062,2048.94995117188,2057.13989257812,0,2057.13989257812
"2023-10-31",2060.080078125,2083.61010742188,2059.78002929688,2075.7900390625,0,2075.7900390625
"2023-11-01",2081.81005859375,2085.96997070312,2060.30004882812,2073.42993164062,0,2073.42993164062
"2023-11-02",2086.6298828125,2123.11010742188,2086.57006835938,2110.80004882812,0,2110.80004882812
"2023-11-03",2122.42993164062,2134.05004882812,2120.38989257812,2126.76000976562,0,2126.76000976562
"2023-11-06",2140.330078125,2141.22998046875,2112.23999023438,2123.5,0,2123.5
"2023-11-07",2112.32006835938,2124.88989257812,2107.13989257812,2116.06005859375,0,2116.06005859375
"2023-11-08",2106.38989257812,2125.1201171875,2102.80004882812,2114.32006835938,0,2114.32006835938
"2023-11-09",2114.80004882812,2140.19995117188,2112.25,2137.97998046875,0,2137.97998046875
"2023-11-10",2122.15991210938,2124.53002929688,2102.7099609375,2115.3798828125,0,2115.3798828125
"2023-11-13",2125.30004882812,2131.07006835938,2116.18994140625,2122.6298828125,0,2122.6298828125
"2023-11-14",2126.92993164062,2170,2121.93994140625,2169.97998046875,0,2169.97998046875
"2023-11-15",2175.14990234375,2199.03002929688,2173.96997070312,2192.96997070312,0,2192.96997070312
"2023-11-16",2189.7900390625,2190.28002929688,2167.1298828125,2171.53002929688,0,2171.53002929688
"2023-11-17",2181.55004882812,2203.830078125,2181.35009765625,2198.830078125,0,2198.830078125
"2023-11-20",2200.9599609375,2208.96997070312,2192.81005859375,2206.34008789062,0,2206.34008789062
"2023-11-21",2206.05004882812,2208.52001953125,2192.71997070312,2197.080078125,0,2197.080078125
"2023-11-22",2203.52001953125,2223.2099609375,2202.52001953125,2213.17993164062,0,2213.17993164062
"2023-11-23",2217.21997070312,2231.59008789062,2213.40991210938,2226.34008789062,136131200,2226.34008789062
"2023-11-24",2223.42993164062,2231.5,2222.78002929688,2229.3701171875,0,2229.3701171875
"2023-11-27",2227.57006835938,2232.52001953125,2219.1201171875,2226.85009765625,0,2226.85009765625
"2023-11-28",2219.35009765625,2223.40991210938,2209,2214.81005859375,0,2214.81005859375
"2023-11-29",2212.7099609375,2239.51000976562,2212.05004882812,2233,0,2233
"2023-11-30",2233.78002929688,2245.14990234375,2227.3798828125,2232.4599609375,0,2232.4599609375
"2023-12-01",2237.36010742188,2255.2099609375,2236.51000976562,2250.2099609375,0,2250.2099609375
"2023-12-04",2250.42993164062,2265.18994140625,2248.63989257812,2253.80004882812,0,2253.80004882812
"2023-12-05",2249.0400390625,2270.27001953125,2249.03002929688,2267.80004882812,0,2267.80004882812
"2023-12-06",2271.8798828125,2296.330078125,2265.21997070312,2289.63989257812,0,2289.63989257812
"2023-12-07",2288.03002929688,2294.15991210938,2279.82006835938,2287.1298828125,0,2287.1298828125
"2023-12-08",2288.4599609375,2318.93994140625,2286.76000976562,2313.01000976562,0,2313.01000976562
"2023-12-11",2314.7900390625,2340.31005859375,2312.36010742188,2339.78002929688,0,2339.78002929688
"2023-12-12",2336.82006835938,2343.2900390625,2331.919921875,2334.72998046875,0,2334.72998046875
"2023-12-13",2336.71997070312,2343.26000976562,2322.75,2322.75,0,2322.75
"2023-12-14",2356.63989257812,2369.169921875,2351.5,2365.25,0,2365.25
"2023-12-15",2373.35009765625,2395.43994140625,2373.35009765625,2386.42993164062,0,2386.42993164062
"2023-12-18",2375.13989257812,2384.69995117188,2371.53002929688,2374.169921875,0,2374.169921875
"2023-12-19",2376.86010742188,2391.40991210938,2376.86010742188,2384.5400390625,0,2384.5400390625
"2023-12-20",2387.48999023438,2394.61010742188,2376.71997070312,2390.84008789062,0,2390.84008789062
"2023-12-21",2382.35009765625,2382.92993164062,2364.93994140625,2375.13989257812,0,2375.13989257812
"2023-12-22",2367.18994140625,2384.03002929688,2365.09008789062,2377.05004882812,0,2377.05004882812
"2023-12-27",2380.31005859375,2398.86010742188,2378.42993164062,2390.28002929688,0,2390.28002929688
"2023-12-28",2396.22998046875,2398.90991210938,2384.44995117188,2389.01000976562,0,2389.01000976562
"2023-12-29",2391.01000976562,2403.18994140625,2390.8701171875,2398.169921875,0,2398.169921875
"2024-01-02",2402.38989257812,2418.14990234375,2384.7900390625,2394.92993164062,0,2394.92993164062
"2024-01-03",2393.90991210938,2396.1298828125,2345.82006835938,2356.63989257812,0,2356.63989257812
"2024-01-04",2359.2900390625,2364.71997070312,2347.14990234375,2361.89990234375,0,2361.89990234375
"2024-01-05",2351.27001953125,2354.32006835938,2335.88989257812,2337.86010742188,0,2337.86010742188
"2024-01-08",2342.919921875,2357.82006835938,2330.07006835938,2357.77001953125,0,2357.77001953125
"2024-01-09",2360.88989257812,2361.71997070312,2332.7900390625,2344.71997070312,0,2344.71997070312
"2024-01-10",2341.7099609375,2347.93994140625,2335.31005859375,2341.93994140625,0,2341.93994140625
"2024-01-11",2358.97998046875,2367.53002929688,2333.31005859375,2336.25,0,2336.25
"2024-01-12",2342.65991210938,2360.56005859375,2342,2355.9599609375,0,2355.9599609375
"2024-01-15",2359.63989257812,2360.76000976562,2334.44995117188,2340.46997070312,93691500,2340.46997070312
"2024-01-16",2329.98999023438,2330.80004882812,2315.85009765625,2323.7900390625,0,2323.7900390625
"2024-01-17",2298.51000976562,2302.5400390625,2285.8701171875,2297.85009765625,0,2297.85009765625
"2024-01-18",2301.3798828125,2316.38989257812,2293.72998046875,2309.94995117188,0,2309.94995117188
"2024-01-19",2320.80004882812,2324.15991210938,2294.05004882812,2297.9599609375,0,2297.9599609375
"2024-01-22",2314.8701171875,2333.84008789062,2314.8701171875,2330.55004882812,0,2330.55004882812
"2024-01-23",2338.23999023438,2345.13989257812,2324.580078125,2337.47998046875,0,2337.47998046875
"2024-01-24",2357.43994140625,2363.38989257812,2343.7900390625,2351.10009765625,0,2351.10009765625
"2024-01-25",2342.72998046875,2364.10009765625,2336.06005859375,2362.72998046875,0,2362.72998046875
"2024-01-26",2351.64990234375,2372.03002929688,2346.31005859375,2370.1298828125,0,2370.1298828125
"2024-01-29",2363.69995117188,2376.84008789062,2353.59008789062,2368.06005859375,0,2368.06005859375
"2024-01-30",2376.0400390625,2379.78002929688,2361.96997070312,2368.36010742188,0,2368.36010742188
"2024-01-31",2370.31005859375,2371.23999023438,2355.75,2356.60009765625,0,2356.60009765625
"2024-02-01",2356.60009765625,2380.19995117188,2356.60009765625,2364.81005859375,0,2364.81005859375
"2024-02-02",2364.81005859375,2384.98999023438,2364.81005859375,2367.89990234375,0,2367.89990234375
"2024-02-05",2367.89990234375,2368.169921875,2339.88989257812,2339.88989257812,0,2339.88989257812
"2024-02-06",2339.88989257812,2360.69995117188,2339.88989257812,2357.52001953125,0,2357.52001953125
"2024-02-07",2357.52001953125,2365.1298828125,2356.42993164062,2356.42993164062,0,2356.42993164062
"2024-02-08",2356.42993164062,2365.92993164062,2356.42993164062,2358.48999023438,0,2358.48999023438
"2024-02-09",2358.48999023438,2366.88989257812,2345.69995117188,2352.419921875,0,2352.419921875
"2024-02-12",2357.78002929688,2368.73999023438,2357.31005859375,2367.5,104264200,2367.5
"2024-02-13",2365.22998046875,2366.10009765625,2339.81005859375,2352.77001953125,0,2352.77001953125
"2024-02-14",2349.25,2366.13989257812,2348.8701171875,2362.07006835938,0,2362.07006835938
"2024-02-15",2374.61010742188,2389.6298828125,2374.30004882812,2385.23999023438,0,2385.23999023438
"2024-02-16",2393.59008789062,2415.18994140625,2392.59008789062,2408.919921875,0,2408.919921875
"2024-02-19",2410.330078125,2414.02001953125,2401,2410.330078125,0,2410.330078125
"2024-02-20",2411.51000976562,2417.03002929688,2402.28002929688,2414.7900390625,0,2414.7900390625
"2024-02-21",2415.40991210938,2417.7099609375,2403.17993164062,2414.96997070312,0,2414.96997070312
"2024-02-22",2433.830078125,2442.31005859375,2419.92993164062,2426.3798828125,0,2426.3798828125
"2024-02-23",2424.05004882812,2437.15991210938,2417.1298828125,2435.44995117188,0,2435.44995117188
"2024-02-26",2434.65991210938,2443.4599609375,2430.7099609375,2438.63989257812,0,2438.63989257812
"2024-02-27",2439.07006835938,2444.19995117188,2432.40991210938,2442.21997070312,0,2442.21997070312
"2024-02-28",2438.9599609375,2451.42993164062,2438.9599609375,2447.2099609375,0,2447.2099609375
"2024-02-29",2451.92993164062,2459.90991210938,2440.43994140625,2452.81005859375,0,2452.81005859375
"2024-03-01",2463.68994140625,2472.75,2456.40991210938,2461.48999023438,0,2461.48999023438
"2024-03-04",2465.31005859375,2465.31005859375,2448.21997070312,2455.36010742188,0,2455.36010742188
"2024-03-05",2449.35009765625,2458.76000976562,2442.97998046875,2449.0400390625,0,2449.0400390625
"2024-03-06",2445.93994140625,2462.72998046875,2442.669921875,2460.81005859375,0,2460.81005859375
"2024-03-07",2450.02001953125,2478.76000976562,2440.89990234375,2471.57006835938,0,2471.57006835938
"2024-03-08",2475.080078125,2495.85009765625,2471.43994140625,2487.69995117188,0,2487.69995117188
"2024-03-11",2472.39990234375,2481.5,2466.75,2479.36010742188,0,2479.36010742188
"2024-03-12",2489.27001953125,2526.09008789062,2488.60009765625,2521.90991210938,0,2521.90991210938
"2024-03-13",2527.35009765625,2531.80004882812,2512.92993164062,2527.4599609375,0,2527.4599609375
"2024-03-14",2534.09008789062,2542.96997070312,2523.64990234375,2527.85009765625,0,2527.85009765625
"2024-03-15",2528.48999023438,2545.63989257812,2527.38989257812,2533.6201171875,0,2533.6201171875
"2024-03-18",2534.55004882812,2536.17993164062,2502.06005859375,2504.80004882812,0,2504.80004882812
"2024-03-19",2497.06005859375,2515.11010742188,2495.75,2514.919921875,0,2514.919921875
"2024-03-20",2504.81005859375,2519.03002929688,2495.13989257812,2510.43994140625,0,2510.43994140625
"2024-03-21",2528.57006835938,2551.09008789062,2524.61010742188,2550.5,0,2550.5
"2024-03-22",2533.169921875,2555.42993164062,2531.25,2534.34008789062,0,2534.34008789062
"2024-03-25",2533.84008789062,2542.90991210938,2517.51000976562,2526.07006835938,0,2526.07006835938
"2024-03-26",2524.19995117188,2552.03002929688,2518.2099609375,2547.96997070312,0,2547.96997070312
"2024-03-27",2544.55004882812,2557.52001953125,2532.47998046875,2537.3701171875,0,2537.3701171875
"2024-03-28",2538.71997070312,2542.25,2516.2900390625,2518.27001953125,0,2518.27001953125
"2024-04-02",2529.40991210938,2540.32006835938,2501.8798828125,2508.64990234375,0,2508.64990234375
"2024-04-03",2508.52001953125,2517.75,2500.07006835938,2513.52001953125,0,2513.52001953125
"2024-04-04",2514.53002929688,2524.6201171875,2508.94995117188,2521.86010742188,0,2521.86010742188
"2024-04-05",2491.63989257812,2505.61010742188,2482.92993164062,2504.80004882812,0,2504.80004882812
"2024-04-08",2512.3798828125,2527.15991210938,2505.89990234375,2522.36010742188,0,2522.36010742188
"2024-04-09",2519.30004882812,2528.48999023438,2509.03002929688,2513.5,0,2513.5
"2024-04-10",2526.07006835938,2539.18994140625,2499.64990234375,2519.05004882812,121845600,2519.05004882812
"2024-04-11",2513.2099609375,2518.94995117188,2476.61010742188,2499.69995117188,0,2499.69995117188
"2024-04-12",2521.60009765625,2540.53002929688,2503.5,2506.98999023438,0,2506.98999023438
"2024-04-15",2519.8798828125,2548.28002929688,2517.25,2523.39990234375,0,2523.39990234375
"2024-04-16",2495.60009765625,2504.13989257812,2482.78002929688,2491.76000976562,0,2491.76000976562
"2024-04-17",2488.419921875,2526.01000976562,2487.96997070312,2505.27001953125,0,2505.27001953125
"2024-04-18",2522.7099609375,2524.18994140625,2498.96997070312,2517.68994140625,0,2517.68994140625
"2024-04-19",2490.5400390625,2504.15991210938,2481.47998046875,2502.07006835938,0,2502.07006835938
"2024-04-22",2518.46997070312,2525.5,2506.580078125,2511.40991210938,0,2511.40991210938
"2024-04-23",2522.34008789062,2548.96997070312,2516.86010742188,2546.330078125,0,2546.330078125
"2024-04-24",2544.07006835938,2555.02001953125,2522.669921875,2543.2099609375,0,2543.2099609375
"2024-04-25",2542.36010742188,2544.90991210938,2507.919921875,2525.39990234375,0,2525.39990234375
"2024-04-26",2536.32006835938,2565.18994140625,2534.0400390625,2557.69995117188,0,2557.69995117188
"2024-04-29",2566.5400390625,2572.75,2563.5400390625,2566.81005859375,0,2566.81005859375
"2024-04-30",2565.75,2568.19995117188,2539.27001953125,2556.39990234375,0,2556.39990234375
"2024-05-02",2544.09008789062,2547.07006835938,2522.7099609375,2525.2099609375,43469400,2525.2099609375
"2024-05-03",2535.01000976562,2550.330078125,2524.78002929688,2540.080078125,0,2540.080078125
"2024-05-06",2549.18994140625,2563.919921875,2541.39990234375,2563.7900390625,0,2563.7900390625
"2024-05-07",2574.93994140625,2593.169921875,2561.830078125,2593.169921875,0,2593.169921875
"2024-05-08",2589.10009765625,2606.17993164062,2588.38989257812,2589.10009765625,0,2589.10009765625
"2024-05-10",2615.82006835938,2633.94995117188,2606.23999023438,2627.8701171875,0,2627.8701171875
"2024-05-13",2625.89990234375,2628.88989257812,2616.97998046875,2624.76000976562,0,2624.76000976562
"2024-05-14",2624.80004882812,2634.72998046875,2617.85009765625,2632.85009765625,0,2632.85009765625
"2024-05-15",2639.96997070312,2642.71997070312,2619.7900390625,2627.52001953125,0,2627.52001953125
"2024-05-16",2628.52001953125,2629.23999023438,2602.43994140625,2608.82006835938,0,2608.82006835938
"2024-05-17",2605.01000976562,2609.3701171875,2591.01000976562,2602.19995117188,0,2602.19995117188
"2024-05-20",2607.92993164062,2632.169921875,2607.92993164062,2632.169921875,0,2632.169921875
"2024-05-21",2627.64990234375,2631.76000976562,2615.580078125,2631.48999023438,0,2631.48999023438
"2024-05-22",2632.19995117188,2638.31005859375,2623.51000976562,2634.51000976562,0,2634.51000976562
"2024-05-23",2637.4599609375,2648.19995117188,2631.38989257812,2641.46997070312,0,2641.46997070312
"2024-05-24",2620.88989257812,2626.38989257812,2607.69995117188,2624.5,0,2624.5
"2024-05-27",2622.98999023438,2631.1298828125,2617.90991210938,2630.30004882812,99248300,2630.30004882812
"2024-05-28",2632.90991210938,2637.0400390625,2605.30004882812,2616.2900390625,0,2616.2900390625
"2024-05-29",2610.85009765625,2613.3701171875,2582.94995117188,2583.5,0,2583.5
"2024-05-30",2578.44995117188,2595.30004882812,2574.68994140625,2593.07006835938,0,2593.07006835938
"2024-05-31",2595.0400390625,2606.17993164062,2584.63989257812,2604.10009765625,0,2604.10009765625
"2024-06-03",2627.46997070312,2636.26000976562,2606.169921875,2612.02001953125,0,2612.02001953125
"2024-06-04",2607.21997070312,2608.21997070312,2582.06005859375,2587.69995117188,0,2587.69995117188
"2024-06-05",2600.90991210938,2614.02001953125,2598,2609.71997070312,0,2609.71997070312
"2024-06-07",2620.94995117188,2630.8701171875,2605.169921875,2623.59008789062,0,2623.59008789062
"2024-06-10",2609.90991210938,2612.26000976562,2587.36010742188,2600.71997070312,0,2600.71997070312
"2024-06-11",2607.35009765625,2614.76000976562,2574.419921875,2586.9599609375,0,2586.9599609375
"2024-06-12",2593.90991210938,2632.18994140625,2592.830078125,2627.1201171875,0,2627.1201171875
"2024-06-13",2624.830078125,2625.15991210938,2586.07006835938,2587.11010742188,0,2587.11010742188
"2024-06-14",2592.22998046875,2592.42993164062,2554.78002929688,2561.60009765625,0,2561.60009765625
"2024-06-17",2572.06005859375,2581.67993164062,2548.01000976562,2558.51000976562,0,2558.51000976562
"2024-06-18",2573.96997070312,2575.01000976562,2554.02001953125,2566.48999023438,0,2566.48999023438
"2024-06-19",2565.82006835938,2565.82006835938,2554.2099609375,2554.2099609375,82286600,2554.2099609375
"2024-06-20",2558.76000976562,2576.73999023438,2557.9599609375,2573.77001953125,0,2573.77001953125
"2024-06-24",2551.72998046875,2595.80004882812,2549.17993164062,2594.5400390625,0,2594.5400390625
"2024-06-25",2583.93994140625,2584.330078125,2557.76000976562,2561.57006835938,0,2561.57006835938
"2024-06-26",2577.26000976562,2595,2562.40991210938,2572.23999023438,0,2572.23999023438
"2024-06-27",2571.27001953125,2575.98999023438,2557.080078125,2557.8701171875,0,2557.8701171875
"2024-06-28",2572.30004882812,2576.47998046875,2561.13989257812,2569.44995117188,0,2569.44995117188
"2024-07-01",2591.32006835938,2592.82006835938,2570.90991210938,2584.830078125,0,2584.830078125
"2024-07-02",2573.85009765625,2573.85009765625,2547.13989257812,2554.1201171875,0,2554.1201171875
"2024-07-03",2564.7099609375,2583.1298828125,2557.40991210938,2565.27001953125,0,2565.27001953125
"2024-07-04",2569.90991210938,2583.9599609375,2566.15991210938,2571.8701171875,82073600,2571.8701171875
"2024-07-05",2575.919921875,2583.32006835938,2552.07006835938,2556.53002929688,0,2556.53002929688
"2024-07-08",2553.72998046875,2568.57006835938,2547.14990234375,2564.30004882812,0,2564.30004882812
"2024-07-09",2562.11010742188,2563.0400390625,2529.59008789062,2534.21997070312,0,2534.21997070312
"2024-07-10",2539.830078125,2548.69995117188,2528.13989257812,2548.39990234375,0,2548.39990234375
"2024-07-11",2559.48999023438,2579.65991210938,2549.330078125,2574.28002929688,0,2574.28002929688
"2024-07-12",2582.89990234375,2635.2099609375,2582.89990234375,2630.61010742188,0,2630.61010742188
"2024-07-15",2619.21997070312,2621.47998046875,2600.23999023438,2605.2900390625,0,2605.2900390625
"2024-07-16",2599.09008789062,2615.51000976562,2592.21997070312,2613.580078125,0,2613.580078125
"2024-07-17",2600.32006835938,2602.7900390625,2577.73999023438,2597.56005859375,0,2597.56005859375
"2024-07-18",2611.0400390625,2616.72998046875,2584.51000976562,2597.7900390625,0,2597.7900390625
"2024-07-19",2592.0400390625,2594.32006835938,2570.6298828125,2570.6298828125,0,2570.6298828125
"2024-07-22",2579.669921875,2609.1298828125,2577.6298828125,2593.42993164062,0,2593.42993164062
"2024-07-23",2602.169921875,2610.35009765625,2582.67993164062,2596.42993164062,0,2596.42993164062
"2024-07-24",2579.57006835938,2581.89990234375,2564.69995117188,2570.96997070312,0,2570.96997070312
"2024-07-25",2548.73999023438,2562.8701171875,2527.78002929688,2562.3701171875,0,2562.3701171875
"2024-07-26",2553.56005859375,2582.18994140625,2553.25,2578.75,0,2578.75
"2024-07-29",2590.8701171875,2603.14990234375,2580,2580,0,2580
"2024-07-30",2585.97998046875,2600.25,2585.51000976562,2595.25,0,2595.25
"2024-07-31",2614.84008789062,2622.419921875,2603.7099609375,2609.330078125,0,2609.330078125
"2024-08-01",2599.77001953125,2599.77001953125,2544.35009765625,2547.17993164062,0,2547.17993164062
"2024-08-02",2522.28002929688,2522.28002929688,2460.6201171875,2467,0,2467
"2024-08-05",2388.3798828125,2416.60009765625,2356.64990234375,2411.26000976562,0,2411.26000976562
"2024-08-06",2434.2099609375,2439.98999023438,2383.65991210938,2402.9599609375,0,2402.9599609375
"2024-08-07",2418.830078125,2452.2900390625,2416.5400390625,2442.1298828125,0,2442.1298828125
"2024-08-08",2424.3798828125,2454.06005859375,2406.1201171875,2450.38989257812,0,2450.38989257812
"2024-08-09",2456.27001953125,2476.86010742188,2447.57006835938,2458.59008789062,0,2458.59008789062
"2024-08-12",2469.39990234375,2473.93994140625,2454.88989257812,2460.89990234375,55832900,2460.89990234375
"2024-08-13",2471.61010742188,2474.51000976562,2453.48999023438,2472.9599609375,61269100,2472.9599609375
"2024-08-14",2488.11010742188,2496.5400390625,2484.80004882812,2494.18994140625,63830900,2494.18994140625
"2024-08-15",2504.65991210938,2529.77001953125,2495.28002929688,2522.81005859375,79171200,2522.81005859375
"2024-08-16",2528.7099609375,2539.830078125,2524.669921875,2533.09008789062,119809900,2533.09008789062
"2024-08-19",2534.39990234375,2542.27001953125,2533.44995117188,2540.830078125,87402800,2540.830078125
"2024-08-20",2545.89990234375,2546.88989257812,2525.169921875,2527.2900390625,89491900,2527.2900390625
"2024-08-21",2527.55004882812,2538.93994140625,2514.88989257812,2523.93994140625,66801600,2523.93994140625
"2024-08-22",2526.11010742188,2550.47998046875,2525.32006835938,2541.10009765625,64882300,2541.10009765625
"2024-08-23",2541.57006835938,2567.2900390625,2536.81005859375,2559.27001953125,81653600,2559.27001953125
"2024-08-26",2557.3798828125,2572.97998046875,2554.7099609375,2567.1201171875,59267900,2567.1201171875
"2024-08-27",2569.5400390625,2573.52001953125,2553.02001953125,2556.75,71386300,2556.75
"2024-08-28",2559.09008789062,2572.84008789062,2551.7900390625,2562.5400390625,100643700,2562.5400390625
"2024-08-29",2564.88989257812,2591.5400390625,2564.22998046875,2587.89990234375,94639200,2587.89990234375
"2024-08-30",2589.27001953125,2601.13989257812,2585.6201171875,2595.9599609375,160949400,2595.9599609375
"2024-09-02",2595.27001953125,2595.4599609375,2578.77001953125,2589.97998046875,95782200,2589.97998046875
"2024-09-03",2591.55004882812,2598.919921875,2562.18994140625,2565.78002929688,106816400,2565.78002929688
"2024-09-04",2523.31005859375,2544.27001953125,2521.94995117188,2531.71997070312,96042600,2531.71997070312
"2024-09-05",2523.19995117188,2532.05004882812,2505.42993164062,2509.30004882812,79584500,2509.30004882812
"2024-09-06",2494.98999023438,2516.080078125,2478.330078125,2480.98999023438,80149800,2480.98999023438
"2024-09-09",2495.78002929688,2517.42993164062,2495.68994140625,2511.43994140625,83226900,2511.43994140625
"2024-09-10",2504.89990234375,2521.73999023438,2489.7900390625,2495.76000976562,101133200,2495.76000976562
"2024-09-11",2499.90991210938,2515.34008789062,2482.01000976562,2489.9599609375,81627100,2489.9599609375
"2024-09-12",2523.25,2537.72998046875,2499.8798828125,2510.5400390625,75621000,2510.5400390625
"2024-09-13",2513.72998046875,2528.7099609375,2513.080078125,2525.17993164062,89721000,2525.17993164062
"2024-09-16",2516.72998046875,2534.580078125,2514.69995117188,2529.75,73039400,2529.75
"2024-09-17",2538.19995117188,2561.4599609375,2537.84008789062,2555.89990234375,89730500,2555.89990234375
"2024-09-18",2555.19995117188,2555.2099609375,2536.5,2544.25,82882000,2544.25
"2024-09-19",2569.27001953125,2600.75,2565.7099609375,2592.90991210938,154151600,2592.90991210938
"2024-09-20",2588.17993164062,2595.60009765625,2574.02001953125,2579.14990234375,195165500,2579.14990234375
"2024-09-23",2578.68994140625,2591.98999023438,2563.65991210938,2583.85009765625,103176700,2583.85009765625
"2024-09-24",2603.78002929688,2608.84008789062,2577.55004882812,2590.01000976562,115543500,2590.01000976562
"2024-09-25",2582.8701171875,2615.0400390625,2582.8701171875,2610.90991210938,143334300,2610.90991210938
"2024-09-26",2641.7099609375,2649.919921875,2625.169921875,2642.42993164062,126926800,2642.42993164062
"2024-09-27",2644.80004882812,2647.919921875,2632.40991210938,2639.44995117188,130104200,2639.44995117188
"2024-09-30",2635.18994140625,2649.48999023438,2620.13989257812,2626.43994140625,103661100,2626.43994140625
"2024-10-01",2632.75,2641.21997070312,2603.64990234375,2611.34008789062,96956300,2611.34008789062
"2024-10-02",2614.330078125,2623.30004882812,2606.1298828125,2620.65991210938,81696400,2620.65991210938
"2024-10-03",2615.31005859375,2619.71997070312,2588.82006835938,2594.5,77300500,2594.5
"2024-10-04",2593.05004882812,2616.31005859375,2588.6298828125,2603.80004882812,88475100,2603.80004882812
"2024-10-07",2610.94995117188,2611.55004882812,2586.98999023438,2602.65991210938,79764600,2602.65991210938
"2024-10-08",2583.7900390625,2598.05004882812,2574.92993164062,2587.88989257812,76483600,2587.88989257812
"2024-10-09",2585.7099609375,2598.94995117188,2577.36010742188,2594.90991210938,86483900,2594.90991210938
"2024-10-10",2592.080078125,2597.15991210938,2562.27001953125,2573.90991210938,80483000,2573.90991210938
"2024-10-11",2571.669921875,2591.65991210938,2566.31005859375,2588.71997070312,75645300,2588.71997070312
"2024-10-14",2591.51000976562,2598.25,2579.01000976562,2598.25,72592100,2598.25
"2024-10-15",2601.88989257812,2619.57006835938,2577.07006835938,2577.07006835938,134885500,2577.07006835938
"2024-10-16",2563.93994140625,2585.5,2558.86010742188,2580.09008789062,107962500,2580.09008789062
"2024-10-17",2587.71997070312,2598.52001953125,2583.30004882812,2585.81005859375,98734700,2585.81005859375
"2024-10-18",2573.40991210938,2599.94995117188,2572.47998046875,2594.30004882812,80027500,2594.30004882812
"2024-10-21",2591.10009765625,2602.51000976562,2571.93994140625,2576.19995117188,84169000,2576.19995117188
"2024-10-22",2579.43994140625,2580.98999023438,2550.27001953125,2571.51000976562,92937400,2571.51000976562
"2024-10-23",2573.32006835938,2588.52001953125,2565.15991210938,2581.330078125,126293600,2581.330078125
"2024-10-24",2578.88989257812,2600.13989257812,2576.57006835938,2578.09008789062,104983200,2578.09008789062
"2024-10-25",2575.85009765625,2601.57006835938,2574.80004882812,2592.28002929688,103225400,2592.28002929688
"2024-10-28",2601.84008789062,2627.69995117188,2595.830078125,2624.09008789062,92950500,2624.09008789062
"2024-10-29",2632.11010742188,2639.52001953125,2610.77001953125,2610.77001953125,88506800,2610.77001953125
"2024-10-30",2604.59008789062,2608.28002929688,2571.2099609375,2578.3798828125,81319200,2578.3798828125
"2024-10-31",2556.57006835938,2562.60009765625,2535.330078125,2542.40991210938,105026200,2542.40991210938
"2024-11-01",2546.13989257812,2564.75,2546.13989257812,2557.21997070312,43531200,2557.21997070312
"2024-11-04",2564.419921875,2582,2564.419921875,2571.97998046875,217180900,2571.97998046875
"2024-11-05",2571.9599609375,2576.69995117188,2555.80004882812,2574.1298828125,100659700,2574.1298828125
"2024-11-06",2590.89990234375,2626.57006835938,2552.94995117188,2553.1298828125,150049700,2553.1298828125
"2024-11-07",2559.89990234375,2593.97998046875,2558.64990234375,2584.71997070312,153249600,2584.71997070312
"2024-11-08",2583.17993164062,2584.14990234375,2546.84008789062,2558.73999023438,111518000,2558.73999023438
"2024-11-11",2574.5400390625,2584.28002929688,2571.94995117188,2576.42993164062,99632900,2576.42993164062
"2024-11-12",2556.14990234375,2558.60009765625,2508.63989257812,2514.22998046875,111201700,2514.22998046875
"2024-11-13",2512.18994140625,2520.59008789062,2493.71997070312,2512.56005859375,88960300,2512.56005859375
"2024-11-14",2519.580078125,2535.77001953125,2507.07006835938,2531.38989257812,85454500,2531.38989257812
"2024-11-15",2513.48999023438,2530.63989257812,2506.3798828125,2509.98999023438,128014500,2509.98999023438
"2024-11-18",2509.38989257812,2518.8798828125,2489.88989257812,2506.90991210938,92387500,2506.90991210938
"2024-11-19",2515.2099609375,2518.14990234375,2462.169921875,2493.47998046875,110860200,2493.47998046875
"2024-11-20",2508.2900390625,2513.73999023438,2483.48999023438,2484.48999023438,101234700,2484.48999023438
"2024-11-21",2484.80004882812,2498.48999023438,2464.13989257812,2496.31005859375,92663000,2496.31005859375
"2024-11-22",2506.81005859375,2520.03002929688,2486.330078125,2514.10009765625,99712600,2514.10009765625
"2024-11-25",2527.97998046875,2531.4599609375,2505.55004882812,2512.44995117188,162169000,2512.44995117188
"2024-11-26",2495.60009765625,2505.2099609375,2487.63989257812,2495.80004882812,82549600,2495.80004882812
"2024-11-27",2491.53002929688,2501.67993164062,2483.92993164062,2497.67993164062,109593400,2497.67993164062
"2024-11-28",2508.169921875,2522.8798828125,2505.76000976562,2508.919921875,65969100,2508.919921875
"2024-11-29",2505.36010742188,2516.40991210938,2495.09008789062,2513.85009765625,148707000,2513.85009765625
"2024-12-02",2503.02001953125,2563.09008789062,2500.86010742188,2548.1298828125,96000300,2548.1298828125
"2024-12-03",2555.419921875,2582.67993164062,2554.6298828125,2573.69995117188,91616200,2573.69995117188
"2024-12-04",2585.77001953125,2601.21997070312,2582.57006835938,2594.3798828125,106957200,2594.3798828125
"2024-12-05",2593.80004882812,2607.169921875,2592.68994140625,2606.080078125,109918700,2606.080078125
"2024-12-06",2603.09008789062,2617.65991210938,2600.84008789062,2614.27001953125,76350600,2614.27001953125
"2024-12-09",2631.26000976562,2633.57006835938,2613.07006835938,2617.80004882812,103691500,2617.80004882812
"2024-12-10",2612.85009765625,2614.07006835938,2595.48999023438,2595.48999023438,96834400,2595.48999023438
"2024-12-11",2589.17993164062,2599.40991210938,2584.32006835938,2588.43994140625,106580400,2588.43994140625
"2024-12-12",2594.64990234375,2600.15991210938,2569.56005859375,2573.97998046875,137731700,2573.97998046875
"2024-12-13",2570.669921875,2580.27001953125,2551.830078125,2556.34008789062,108524800,2556.34008789062
"2024-12-16",2553.23999023438,2556.73999023438,2539.11010742188,2544.60009765625,87184700,2544.60009765625
"2024-12-17",2534.77001953125,2545.27001953125,2529.57006835938,2533.07006835938,87329200,2533.07006835938
"2024-12-18",2536.419921875,2549.72998046875,2530.169921875,2537.6298828125,167824900,2537.6298828125
"2024-12-19",2501.580078125,2512.05004882812,2474.27001953125,2481.10009765625,150968400,2481.10009765625
"2024-12-20",2462.81005859375,2475.93994140625,2435.65991210938,2474.64990234375,190662800,2474.64990234375
"2024-12-23",2467.46997070312,2476.90991210938,2457.27001953125,2469.8701171875,111040700,2469.8701171875
"2024-12-27",2476.40991210938,2493.81005859375,2471.080078125,2490.18994140625,86134200,2490.18994140625
"2024-12-30",2479.86010742188,2495.05004882812,2468.59008789062,2483.1201171875,89093600,2483.1201171875
"2025-01-02",2491.60009765625,2509.7099609375,2482.43994140625,2508.830078125,82527400,2508.830078125
"2025-01-03",2510.73999023438,2518.57006835938,2503.830078125,2511.419921875,83920600,2511.419921875
"2025-01-07",2545.19995117188,2559.919921875,2529.63989257812,2543.14990234375,131095900,2543.14990234375
"2025-01-08",2537.34008789062,2558.21997070312,2526.43994140625,2541.2900390625,139032000,2541.2900390625
"2025-01-09",2539.85009765625,2553.89990234375,2529.03002929688,2549.580078125,101004900,2549.580078125
"2025-01-10",2549.22998046875,2552.330078125,2520.42993164062,2523.72998046875,109467200,2523.72998046875
"2025-01-13",2517.669921875,2521.25,2494.26000976562,2514.81005859375,127204700,2514.81005859375
"2025-01-14",2531.57006835938,2538,2517.40991210938,2521.21997070312,112406400,2521.21997070312
"2025-01-15",2528.68994140625,2575.88989257812,2525.330078125,2570.830078125,141027800,2570.830078125
"2025-01-16",2588.9599609375,2592.48999023438,2575.36010742188,2585.86010742188,102266000,2585.86010742188
"2025-01-17",2595.51000976562,2625.36010742188,2589.89990234375,2617.40991210938,147289700,2617.40991210938
"2025-01-20",2623.52001953125,2630.330078125,2610.19995117188,2616.68994140625,80913800,2616.68994140625
"2025-01-21",2618.67993164062,2639.21997070312,2616.6201171875,2638.419921875,100400100,2638.419921875
"2025-01-22",2646.17993164062,2663.82006835938,2640.5,2647.98999023438,99182100,2647.98999023438
"2025-01-23",2655.93994140625,2672.64990234375,2641.32006835938,2672.64990234375,126854900,2672.64990234375
"2025-01-24",2686.31005859375,2690.03002929688,2662.28002929688,2669.72998046875,145224300,2669.72998046875
"2025-01-27",2638.0400390625,2653.60009765625,2627.61010742188,2646.919921875,114136100,2646.919921875
"2025-01-28",2659.14990234375,2676.32006835938,2635.42993164062,2635.6298828125,116723900,2635.6298828125
"2025-01-29",2640.2900390625,2664.0400390625,2638.40991210938,2657.330078125,144000200,2657.330078125
"2025-01-30",2657.30004882812,2666.580078125,2646.35009765625,2662.31005859375,154844900,2662.31005859375
"2025-01-31",2674.30004882812,2684.01000976562,2667.94995117188,2670.5400390625,119024100,2670.5400390625
"2025-02-03",2614.6201171875,2637.39990234375,2608.06005859375,2632.63989257812,127160700,2632.63989257812
"2025-02-04",2637.82006835938,2639.43994140625,2604.22998046875,2638.4599609375,92166300,2638.4599609375
"2025-02-05",2625.0400390625,2631.5400390625,2614.830078125,2629.11010742188,117432400,2629.11010742188
"2025-02-06",2643.97998046875,2669.98999023438,2635.90991210938,2665.75,114533800,2665.75
"2025-02-07",2662.81005859375,2664.47998046875,2637.26000976562,2639.76000976562,98718300,2639.76000976562
"2025-02-10",2645.27001953125,2662.15991210938,2644.90991210938,2658.2900390625,86780200,2658.2900390625
"2025-02-11",2656.43994140625,2667.4599609375,2648.38989257812,2666.8701171875,80219200,2666.8701171875
"2025-02-12",2674.669921875,2687.5,2664.67993164062,2678.96997070312,101194000,2678.96997070312
"2025-02-13",2697.88989257812,2725.73999023438,2694.53002929688,2724.25,125256700,2724.25
"2025-02-14",2724.15991210938,2729.1298828125,2714.21997070312,2716.98999023438,134362400,2716.98999023438
"2025-02-17",2717.65991210938,2743.26000976562,2715.8701171875,2743.26000976562,104056200,2743.26000976562
"2025-02-18",2747.18994140625,2759.47998046875,2735.25,2757.28002929688,100350800,2757.28002929688
"2025-02-19",2756.13989257812,2757.02001953125,2707.5,2710.22998046875,160071000,2710.22998046875
"2025-02-20",2713.01000976562,2734.65991210938,2711.580078125,2725.09008789062,107530700,2725.09008789062
"2025-02-21",2727.68994140625,2745.02001953125,2718.8798828125,2724.26000976562,146898600,2724.26000976562
"2025-02-24",2730.0400390625,2731.8701171875,2699.580078125,2713.6201171875,108104200,2713.6201171875
"2025-02-25",2697.42993164062,2733.7099609375,2696.5,2724.72998046875,118500000,2724.72998046875
"2025-02-26",2741.02001953125,2764.330078125,2739.42993164062,2762.5,106641400,2762.5
"2025-02-27",2749.51000976562,2761.38989257812,2726.919921875,2741.94995117188,105490700,2741.94995117188
"2025-02-28",2722.68994140625,2736.06005859375,2716.1298828125,2724.69995117188,173335500,2724.69995117188
"2025-03-03",2728.15991210938,2766.94995117188,2722.830078125,2744.73999023438,125626100,2744.73999023438
"2025-03-04",2721.2900390625,2721.36010742188,2656,2656.25,152319800,2656.25
"2025-03-05",2695.59008789062,2731.88989257812,2693.65991210938,2723.98999023438,133656900,2723.98999023438
"2025-03-06",2742.28002929688,2743.03002929688,2688.96997070312,2733.02001953125,133662300,2733.02001953125
"2025-03-07",2711.86010742188,2734.48999023438,2692.60009765625,2729.2099609375,118291700,2729.2099609375
"2025-03-10",2734.02001953125,2735.26000976562,2703.40991210938,2710.52001953125,100776700,2710.52001953125
"2025-03-11",2719.44995117188,2721.06005859375,2646.31005859375,2652.669921875,129396500,2652.669921875
"2025-03-12",2668.14990234375,2681.8701171875,2637.90991210938,2656.40991210938,121552800,2656.40991210938
"2025-03-13",2645.01000976562,2666.85009765625,2624.35009765625,2647.84008789062,95771400,2647.84008789062
"2025-03-14",2650.18994140625,2683.830078125,2643.80004882812,2682.3798828125,104204200,2682.3798828125
"2025-03-17",2683.669921875,2692.0400390625,2673.31005859375,2685.18994140625,95161500,2685.18994140625
"2025-03-18",2694.81005859375,2705.06005859375,2673.39990234375,2685.5,99539400,2685.5
"2025-03-19",2674.35009765625,2685.69995117188,2665.81005859375,2677.93994140625,109976000,2677.93994140625
"2025-03-20",2678.919921875,2690.09008789062,2648.669921875,2668.76000976562,110880400,2668.76000976562
"2025-03-21",2653.51000976562,2657.35009765625,2620.84008789062,2629.36010742188,175115400,2629.36010742188
"2025-03-24",2645.31005859375,2646.8701171875,2620,2630.76000976562,98425000,2630.76000976562
"2025-03-25",2630.10009765625,2642.22998046875,2614.31005859375,2641.3798828125,102838400,2641.3798828125
"2025-03-26",2645.34008789062,2646.53002929688,2600.98999023438,2604.03002929688,97868600,2604.03002929688
"2025-03-27",2582.169921875,2583.7900390625,2552.07006835938,2572.81005859375,116975600,2572.81005859375
"2025-03-28",2557.28002929688,2563.97998046875,2531.15991210938,2542.669921875,92891600,2542.669921875
"2025-03-31",2518.5400390625,2518.5400390625,2487.52001953125,2494.06005859375,126285600,2494.06005859375
"2025-04-01",2505.84008789062,2516.73999023438,2490.57006835938,2509.78002929688,108307900,2509.78002929688
"2025-04-02",2492.23999023438,2497.75,2440.26000976562,2478.68994140625,126224900,2478.68994140625
"2025-04-03",2419.96997070312,2429.53002929688,2376.419921875,2385.15991210938,194674000,2385.15991210938
"2025-04-04",2371.56005859375,2379.46997070312,2252.28002929688,2287.23999023438,233775800,2287.23999023438
"2025-04-07",2272.34008789062,2296.13989257812,2097.580078125,2179.38989257812,311855600,2179.38989257812
"2025-04-08",2218.57006835938,2265.11010742188,2199.69995117188,2237.26000976562,180966500,2237.26000976562
"2025-04-09",2161.34008789062,2198.61010742188,2136.63989257812,2175.77001953125,196282000,2175.77001953125
"2025-04-10",2187.75,2370.169921875,2187.21997070312,2280.57006835938,188817400,2280.57006835938
"2025-04-11",2286.7099609375,2287.80004882812,2219.76000976562,2277.60009765625,163957000,2277.60009765625
"2025-04-14",2318.2099609375,2345.5,2306.919921875,2338.69995117188,122984900,2338.69995117188
"2025-04-15",2343.72998046875,2391.09008789062,2339.78002929688,2390.68994140625,120140500,2390.68994140625
"2025-04-16",2371.0400390625,2373.40991210938,2349.31005859375,2372.59008789062,122953600,2372.59008789062
"2025-04-17",2372.35009765625,2374.82006835938,2346.63989257812,2355.580078125,54733700,2355.580078125
"2025-04-22",2359.669921875,2365.4599609375,2335.60009765625,2364.18994140625,117882700,2364.18994140625
"2025-04-23",2389.55004882812,2421.6298828125,2386.3701171875,2392.34008789062,138029600,2392.34008789062
"2025-04-24",2382.1201171875,2400.35009765625,2373.73999023438,2398.84008789062,108796200,2398.84008789062
"2025-04-25",2415.48999023438,2436.080078125,2410.32006835938,2426.96997070312,108551300,2426.96997070312
"2025-04-28",2431.080078125,2442.80004882812,2424.75,2428.05004882812,91624400,2428.05004882812
"2025-04-29",2433.78002929688,2436.30004882812,2404.9599609375,2411.78002929688,130065200,2411.78002929688
"2025-04-30",2417.06005859375,2434.06005859375,2397.65991210938,2434.06005859375,105679900,2434.06005859375
"2025-05-02",2456.44995117188,2471.69995117188,2440.46997070312,2462.5400390625,116374900,2462.5400390625
"2025-05-05",2460.93994140625,2467.330078125,2450.9599609375,2464.73999023438,73803000,2464.73999023438
"2025-05-06",2463.25,2463.39990234375,2417.34008789062,2428.93994140625,110493800,2428.93994140625
"2025-05-07",2426.7099609375,2438.2900390625,2420.46997070312,2431.63989257812,97760800,2431.63989257812
"2025-05-08",2436.86010742188,2462.19995117188,2435.75,2449.19995117188,115778200,2449.19995117188
"2025-05-09",2457.90991210938,2466.22998046875,2438.02001953125,2448.96997070312,92025800,2448.96997070312
"2025-05-12",2470.830078125,2532.17993164062,2470.80004882812,2525.23999023438,155430500,2525.23999023438
"2025-05-13",2523.80004882812,2535.80004882812,2513.93994140625,2528.71997070312,254682900,2528.71997070312
"2025-05-14",2527.2900390625,2531.25,2512.61010742188,2517.9599609375,194159800,2517.9599609375
"2025-05-15",2509.01000976562,2543.53002929688,2507.06005859375,2542.32006835938,161298000,2542.32006835938
"2025-05-16",2547.42993164062,2564.67993164062,2535.42993164062,2544.0400390625,134265500,2544.0400390625
"2025-05-19",2538.14990234375,2549.64990234375,2524.88989257812,2548.88989257812,97604700,2548.88989257812
"2025-05-20",2554.61010742188,2568.67993164062,2541.38989257812,2563.06005859375,101203700,2563.06005859375
"2025-05-21",2550.92993164062,2550.96997070312,2522.06005859375,2547.84008789062,97380500,2547.84008789062
"2025-05-22",2531.63989257812,2535.02001953125,2490.52001953125,2501.57006835938,111759400,2501.57006835938
"2025-05-23",2508.3798828125,2524.830078125,2444.580078125,2479.56005859375,103688200,2479.56005859375
"2025-05-26",2512.57006835938,2519.26000976562,2501.6298828125,2510.8701171875,61029000,2510.8701171875
"2025-05-27",2510.32006835938,2528.39990234375,2508.5400390625,2517.7900390625,105035300,2517.7900390625
"2025-05-28",2515.22998046875,2520.330078125,2502.53002929688,2510.15991210938,59802400,2510.15991210938
"2025-05-30",2498.10009765625,2512.76000976562,2484.330078125,2496.0400390625,203437900,2496.0400390625
"2025-06-02",2484.3798828125,2495.8798828125,2466.57006835938,2481.28002929688,117720200,2481.28002929688
"2025-06-03",2487.76000976562,2490.42993164062,2470.35009765625,2487.7099609375,89623300,2487.7099609375
"2025-06-04",2498.18994140625,2515.8701171875,2494.35009765625,2510.46997070312,101276300,2510.46997070312
"2025-06-05",2514.75,2527.830078125,2506.080078125,2521.51000976562,82247200,2521.51000976562
"2025-06-09",2522.77001953125,2531.419921875,2509.35009765625,2512.85009765625,75915100,2512.85009765625
"2025-06-10",2509.669921875,2517.01000976562,2502.72998046875,2512.19995117188,103974700,2512.19995117188
"2025-06-11",2509.64990234375,2521.69995117188,2499.01000976562,2499.43994140625,89953200,2499.43994140625
"2025-06-12",2482.6298828125,2488.71997070312,2466.02001953125,2481.48999023438,94641800,2481.48999023438
"2025-06-13",2448.17993164062,2463.48999023438,2446.40991210938,2459.61010742188,124491600,2459.61010742188
"2025-06-16",2465.32006835938,2492.25,2463.32006835938,2485.32006835938,91838700,2485.32006835938
"2025-06-17",2468.96997070312,2476.46997070312,2457.39990234375,2461.39990234375,80727900,2461.39990234375
"2025-06-18",2462.9599609375,2468.080078125,2450.28002929688,2458.59008789062,90027200,2458.59008789062
"2025-06-19",2447.9599609375,2460.97998046875,2445.1298828125,2447.13989257812,152609200,2447.13989257812
"2025-06-23",2439.34008789062,2450.419921875,2412.7900390625,2424.0400390625,86248800,2424.0400390625
"2025-06-24",2470.92993164062,2486.46997070312,2449.5,2452.43994140625,99736900,2452.43994140625
"2025-06-25",2462.28002929688,2471.60009765625,2442.419921875,2444.30004882812,87379200,2444.30004882812
"2025-06-26",2449.32006835938,2453.22998046875,2431.6201171875,2450.73999023438,86819400,2450.73999023438
"2025-06-27",2473.1298828125,2506.169921875,2471.81005859375,2506.169921875,96185000,2506.169921875
"2025-06-30",2517.15991210938,2517.15991210938,2482.22998046875,2493.5,139416900,2493.5
"2025-07-01",2494.69995117188,2500.84008789062,2465.17993164062,2491.02001953125,79762500,2491.02001953125
"2025-07-02",2503.11010742188,2525.38989257812,2497.02001953125,2522.35009765625,62675100,2522.35009765625
"2025-07-03",2530.1298828125,2540.71997070312,2526.3701171875,2529.5,49206600,2529.5
"2025-07-04",2519.60009765625,2522.01000976562,2503.32006835938,2512.53002929688,41163700,2512.53002929688
"2025-07-07",2513.1298828125,2517.1201171875,2501.03002929688,2514.43994140625,40317800,2514.43994140625
"2025-07-08",2515.48999023438,2522.330078125,2498.9599609375,2522.330078125,59596600,2522.330078125
"2025-07-09",2527.3701171875,2546.02001953125,2515.6298828125,2536.42993164062,56184600,2536.42993164062
"2025-07-10",2545.9599609375,2581.3701171875,2544.40991210938,2580.2900390625,63022600,2580.2900390625
"2025-07-11",2570.84008789062,2571.34008789062,2543.19995117188,2545.05004882812,53810300,2545.05004882812
"2025-07-14",2529.53002929688,2535.85009765625,2521.31005859375,2532.28002929688,43889900,2532.28002929688
"2025-07-15",2534.2900390625,2553.19995117188,2530.96997070312,2532.419921875,72176200,2532.419921875
"2025-07-16",2519.830078125,2536.86010742188,2508.5400390625,2512.32006835938,98470200,2512.32006835938
"2025-07-17",2534.2900390625,2564.81005859375,2533.28002929688,2555.6298828125,90250300,2555.6298828125
"2025-07-18",2573.46997070312,2590.48999023438,2541.330078125,2546.69995117188,102679700,2546.69995117188
"2025-07-21",2551.92993164062,2558.4599609375,2543.97998046875,2551.669921875,62101700,2551.669921875
"2025-07-22",2547.3701171875,2549.59008789062,2532.419921875,2537.35009765625,55966300,2537.35009765625
"2025-07-23",2564.82006835938,2594.69995117188,2564.82006835938,2592.55004882812,69982700,2592.55004882812
"2025-07-24",2612.89990234375,2621.7900390625,2597.36010742188,2600.21997070312,57944200,2600.21997070312
"2025-07-25",2595.3798828125,2606.32006835938,2584.96997070312,2606.32006835938,61320800,2606.32006835938
"2025-07-28",2640.13989257812,2641.97998046875,2581.69995117188,2589.48999023438,56468800,2589.48999023438
"2025-07-29",2594.36010742188,2623.94995117188,2594.07006835938,2602.919921875,38349300,2602.919921875
"2025-07-30",2596.07006835938,2621.07006835938,2590.98999023438,2605.96997070312,51778400,2605.96997070312
"2025-07-31",2612.580078125,2615.96997070312,2579.15991210938,2580.05004882812,57895300,2580.05004882812
"2025-08-01",2555.47998046875,2555.47998046875,2519.53002929688,2533.59008789062,60109100,2533.59008789062
"2025-08-04",2546.73999023438,2553.32006835938,2539.19995117188,2552.669921875,43396300,2552.669921875
"2025-08-05",2566.69995117188,2573.27001953125,2555,2562.75,43878100,2562.75
"2025-08-06",2574.52001953125,2586.07006835938,2561.14990234375,2566.53002929688,45202000,2566.53002929688
"2025-08-07",2571.55004882812,2602.4599609375,2569.52001953125,2593.76000976562,52287800,2593.76000976562
"2025-08-08",2599.53002929688,2608.19995117188,2594.1298828125,2602.97998046875,36812700,2602.97998046875
"2025-08-11",2609.67993164062,2611.59008789062,2589.78002929688,2590.76000976562,37495700,2590.76000976562
"2025-08-12",2605.18994140625,2610.69995117188,2596.5400390625,2609.15991210938,42508500,2609.15991210938
"2025-08-13",2616.28002929688,2617.05004882812,2606.0400390625,2612.88989257812,44803200,2612.88989257812
"2025-08-14",2613.57006835938,2638.2099609375,2613.57006835938,2632.919921875,51099600,2632.919921875
"2025-08-15",2650.419921875,2652.38989257812,2638.26000976562,2640.69995117188,53874400,2640.69995117188
"2025-08-18",2645.27001953125,2646.23999023438,2620.3701171875,2625.73999023438,48102600,2625.73999023438
"2025-08-19",2632.06005859375,2663.69995117188,2626.69995117188,2659.86010742188,55703400,2659.86010742188
"2025-08-20",2645.07006835938,2661.97998046875,2642.59008789062,2655.23999023438,46926300,2655.23999023438
"2025-08-21",2653.63989257812,2654.92993164062,2640.10009765625,2646.580078125,45838600,2646.580078125
"2025-08-22",2643,2690.7900390625,2641.67993164062,2689.35009765625,64798800,2689.35009765625
"2025-08-25",2680.8798828125,2686.90991210938,2666.71997070312,2668.5,50941800,2668.5
"2025-08-26",2656.63989257812,2670.47998046875,2652.11010742188,2656.85009765625,88232100,2656.85009765625
"2025-08-27",2661.21997070312,2661.68994140625,2635.94995117188,2645.6298828125,51678100,2645.6298828125
"2025-08-28",2653.61010742188,2660.14990234375,2637.02001953125,2643.73999023438,46635000,2643.73999023438
"2025-08-29",2633.169921875,2639.8798828125,2620.78002929688,2625.69995117188,59665300,2625.69995117188
"2025-09-01",2630.86010742188,2641.6201171875,2625.5400390625,2630.3798828125,38546700,2630.3798828125
"2025-09-02",2630.55004882812,2633.1201171875,2576.80004882812,2577.6298828125,61397700,2577.6298828125
"2025-09-03",2590.97998046875,2607.77001953125,2579.80004882812,2597.19995117188,52331900,2597.19995117188
"2025-09-04",2597.86010742188,2612.9599609375,2596.63989257812,2607.5400390625,51401900,2607.5400390625
"2025-09-05",2622.21997070312,2640.2099609375,2618.44995117188,2626.64990234375,54255300,2626.64990234375
"2025-09-08",2637.81005859375,2641.830078125,2624.18994140625,2640.23999023438,52593200,2640.23999023438
"2025-09-09",2638.919921875,2654.65991210938,2625.27001953125,2632.92993164062,59440200,2632.92993164062
"2025-09-10",2647.68994140625,2648.8798828125,2627.18994140625,2629.14990234375,54474200,2629.14990234375
"2025-09-11",2632.75,2643.65991210938,2617.10009765625,2635.90991210938,55730500,2635.90991210938
"2025-09-12",2639.78002929688,2645.59008789062,2630.05004882812,2635.330078125,51780900,2635.330078125
"2025-09-15",2643.23999023438,2655.82006835938,2630.5,2637.43994140625,51316000,2637.43994140625
"2025-09-16",2641.15991210938,2649.44995117188,2612.55004882812,2614.19995117188,57888700,2614.19995117188
"2025-09-17",2620.830078125,2629.38989257812,2615.419921875,2616.0400390625,57289900,2616.0400390625
"2025-09-18",2628.82006835938,2645.60009765625,2628.44995117188,2634.85009765625,59907200,2634.85009765625
"2025-09-19",2637.69995117188,2657.30004882812,2629.80004882812,2646.39990234375,113402400,2646.39990234375
"2025-09-22",2648.53002929688,2651.88989257812,2637.2900390625,2647.6201171875,62669900,2647.6201171875
"2025-09-23",2653.25,2678.34008789062,2649.03002929688,2671.1298828125,61594500,2671.1298828125
"2025-09-24",2664.09008789062,2664.89990234375,2642.330078125,2645.36010742188,75020400,2645.36010742188
"2025-09-25",2644.32006835938,2645.38989257812,2618.36010742188,2623.51000976562,74846500,2623.51000976562
"2025-09-26",2633.67993164062,2651,2626.09008789062,2644.6201171875,64384100,2644.6201171875
"2025-09-29",2655.46997070312,2662.419921875,2643.96997070312,2652.03002929688,64495200,2652.03002929688
"2025-09-30",2649.19995117188,2662.92993164062,2640.82006835938,2662.80004882812,78139500,2662.80004882812
"2025-10-01",2658.9599609375,2679.5400390625,2650.52001953125,2677.09008789062,69963400,2677.09008789062
"2025-10-02",2696.78002929688,2715.92993164062,2696.13989257812,2708.59008789062,65618200,2708.59008789062
"2025-10-03",2718.4599609375,2729.53002929688,2717.78002929688,2728.96997070312,47161900,2728.96997070312
"2025-10-06",2726.64990234375,2751.86010742188,2720.82006835938,2741.2900390625,66120200,2741.2900390625
"2025-10-07",2738.36010742188,2740.830078125,2721.1298828125,2722.1201171875,55432200,2722.1201171875
"2025-10-08",2727.10009765625,2741.38989257812,2722.1298828125,2733.48999023438,67430600,2733.48999023438
"2025-10-09",2740.22998046875,2749.7900390625,2728.23999023438,2730.06005859375,52277700,2730.06005859375
"2025-10-10",2730.89990234375,2747.7099609375,2707.5,2707.5,56125400,2707.5
"2025-10-13",2718.7099609375,2723,2697.18994140625,2709.03002929688,57281200,2709.03002929688
"2025-10-14",2686.92993164062,2721.19995117188,2682.22998046875,2721.19995117188,90589700,2721.19995117188
"2025-10-15",2745.09008789062,2745.65991210938,2729.330078125,2738.13989257812,79827000,2738.13989257812
"2025-10-16",2741.05004882812,2746.30004882812,2727.6298828125,2741.830078125,66653200,2741.830078125
"2025-10-17",2716.2099609375,2718.7900390625,2682.39990234375,2701.39990234375,84829700,2701.39990234375
"2025-10-20",2716.97998046875,2738.82006835938,2703.82006835938,2736.169921875,66348500,2736.169921875
"2025-10-21",2743.63989257812,2754.34008789062,2730.28002929688,2754.25,61183400,2754.25
"2025-10-22",2749.68994140625,2755.6298828125,2741.69995117188,2745.5400390625,75526600,2745.5400390625
"2025-10-23",2757.2099609375,2758.98999023438,2742.18994140625,2757.10009765625,90133900,2757.10009765625
"2025-10-24",2768.580078125,2788.81005859375,2762.85009765625,2786.88989257812,69571200,2786.88989257812
"2025-10-27",2795.2099609375,2802.27001953125,2787.4599609375,2797.72998046875,56694700,2797.72998046875
"2025-10-28",2789.05004882812,2791.5400390625,2778.93994140625,2789.52001953125,63523400,2789.52001953125
"2025-10-29",2784.7900390625,2788.7099609375,2774.43994140625,2777.90991210938,72588000,2777.90991210938
"2025-10-30",2779.38989257812,2784.97998046875,2771.88989257812,2782.77001953125,54112200,2782.77001953125
"2025-10-31",2779.7900390625,2779.7900390625,2763.96997070312,2767.07006835938,37509200,2767.07006835938
"2025-11-03",2758.080078125,2776,2753.65991210938,2755.43994140625,31943200,2755.43994140625
"2025-11-04",2730.02001953125,2750.89990234375,2710.60009765625,2741.080078125,55763200,2741.080078125
"2025-11-05",2726.60009765625,2758.97998046875,2721.47998046875,2751.39990234375,61016100,2751.39990234375
"2025-11-06",2747.76000976562,2757.81005859375,2739.94995117188,2744.30004882812,63055000,2744.30004882812
"2025-11-07",2754.36010742188,2756.64990234375,2717.69995117188,2733.11010742188,57437900,2733.11010742188
"2025-11-10",2758.11010742188,2770.30004882812,2754.90991210938,2759.93994140625,52835300,2759.93994140625
"2025-11-11",2768.419921875,2793.18994140625,2761.9599609375,2790.97998046875,63093000,2790.97998046875
"2025-11-12",2798.52001953125,2815.30004882812,2791.81005859375,2806.05004882812,59388700,2806.05004882812
"2025-11-13",2809.69995117188,2818.15991210938,2780.580078125,2780.580078125,61928000,2780.580078125
"2025-11-14",2761.85009765625,2761.919921875,2725.69995117188,2757.1201171875,89452500,2757.1201171875
"2025-11-17",2754.9599609375,2762.97998046875,2734.61010742188,2736.1298828125,63493400,2736.1298828125
"2025-11-18",2702.75,2705.36010742188,2665.419921875,2673.72998046875,73925700,2673.72998046875
"2025-11-19",2674.9599609375,2701.02001953125,2668.0400390625,2685.84008789062,62561400,2685.84008789062
"2025-11-20",2715.76000976562,2720.44995117188,2701.94995117188,2701.94995117188,55890200,2701.94995117188
"2025-11-21",2661.5,2704.09008789062,2655.36010742188,2699.35009765625,63787700,2699.35009765625
"2025-11-24",2718.21997070312,2734.7900390625,2712.63989257812,2725.35009765625,141891000,2725.35009765625
"2025-11-25",2729.56005859375,2764.25,2722.2900390625,2758.15991210938,68194200,2758.15991210938
"2025-11-26",2775.10009765625,2786.14990234375,2763.25,2779.43994140625,59217200,2779.43994140625
"2025-11-27",2783.76000976562,2795.3798828125,2780.330078125,2789.43994140625,44913000,2789.43994140625
"2025-11-28",2792.13989257812,2794.48999023438,2782.22998046875,2787.77001953125,96818900,2787.77001953125
"2025-12-01",2776.88989257812,2786.60009765625,2766.17993164062,2784.53002929688,54781700,2784.53002929688
"2025-12-02",2784.23999023438,2790.43994140625,2774.17993164062,2783.53002929688,52971900,2783.53002929688
"2025-12-03",2788.36010742188,2792.8798828125,2774.46997070312,2779.82006835938,56299400,2779.82006835938
"2025-12-04",2801.09008789062,2819.05004882812,2792.3701171875,2813.61010742188,62619100,2813.61010742188
"2025-12-05",2826.27001953125,2837.56005859375,2818.76000976562,2826.6201171875,54013500,2826.6201171875
"2025-12-08",2827.18994140625,2830.93994140625,2817.52001953125,2823.90991210938,47380400,2823.90991210938
"2025-12-09",2827.580078125,2832.47998046875,2804.30004882812,2808.72998046875,60466800,2808.72998046875
"2025-12-10",2802.78002929688,2813.53002929688,2796.03002929688,2810.59008789062,57006600,2810.59008789062
"2025-12-11",2809.84008789062,2837.56005859375,2800.44995117188,2829.0400390625,51899400,2829.0400390625
"2025-12-12",2839.36010742188,2853.3701171875,2818.89990234375,2821.01000976562,56766400,2821.01000976562
"2025-12-15",2830.03002929688,2842.05004882812,2825.7900390625,2832.7099609375,66081500,2832.7099609375
"2025-12-16",2824.21997070312,2828.67993164062,2807.80004882812,2812.830078125,62876600,2812.830078125
"2025-12-17",2821.080078125,2821.8798828125,2791.15991210938,2794.94995117188,56239100,2794.94995117188
"2025-12-18",2792.67993164062,2829.0400390625,2787.31005859375,2827.90991210938,59476600,2827.90991210938
"2025-12-19",2828.63989257812,2844.30004882812,2826.830078125,2841.27001953125,95784500,2841.27001953125
"2025-12-22",2842.36010742188,2848.65991210938,2828.11010742188,2845.06005859375,40344900,2845.06005859375
"2025-12-23",2845.90991210938,2856.27001953125,2843.55004882812,2849.09008789062,42964100,2849.09008789062
"2025-12-29",2857.93994140625,2867.169921875,2849.6201171875,2863.63989257812,45546300,2863.63989257812
"2025-12-30",2858.65991210938,2893.8701171875,2857.73999023438,2882.96997070312,56403300,2882.96997070312
